// ui_assets.h - GENERATED by tools/uiassets.py. DO NOT EDIT.
// Icon masks (4-bit alpha for gfx::mask4) and skin thumbnails (RGB565 for
// gfx::imageNative, native column order) converted from design/png/icons
// and design/png/thumbs.
// Include from ONE translation unit only (the arrays are defined here).
#pragma once
#include <Arduino.h>

namespace ui_assets {

struct IconMask {
  uint8_t w, h;
  const uint8_t *a4;
};

// wifi 18px (vector)
static const uint8_t ICON_WIFI_18_A4[] PROGMEM = {
  0x00,0x00,0x00,0x00,0x00,0x00,0x00,0x00,0x00,0x00,0x00,0x00,0x00,0x00,0x00,0x00,0x00,0x00,0x00,0x00,0x00,0x00,0x00,0x00,
  0x00,0x00,0x00,0x00,0x00,0x00,0x01,0x22,0x10,0x00,0x00,0x00,0x00,0x00,0x18,0xdf,0xff,0xfd,0x81,0x00,0x00,0x00,0x07,0xff,
  0xea,0x88,0xae,0xff,0x70,0x00,0x00,0xbf,0xd5,0x00,0x00,0x00,0x5d,0xfb,0x00,0x04,0xfa,0x10,0x00,0x00,0x00,0x01,0xaf,0x40,
  0x00,0x30,0x00,0x7c,0xff,0xc7,0x00,0x03,0x00,0x00,0x00,0x1c,0xfe,0xbb,0xef,0xc1,0x00,0x00,0x00,0x00,0x4f,0x90,0x00,0x09,
  0xf4,0x00,0x00,0x00,0x00,0x01,0x00,0x00,0x00,0x10,0x00,0x00,0x00,0x00,0x00,0x03,0xee,0x30,0x00,0x00,0x00,0x00,0x00,0x00,
  0x0b,0xff,0xb0,0x00,0x00,0x00,0x00,0x00,0x00,0x07,0xff,0x70,0x00,0x00,0x00,0x00,0x00,0x00,0x00,0x44,0x00,0x00,0x00,0x00,
  0x00,0x00,0x00,0x00,0x00,0x00,0x00,0x00,0x00,0x00,0x00,0x00,0x00,0x00,0x00,0x00,0x00,0x00,
};
static const IconMask ICON_WIFI_18 = {18, 18, ICON_WIFI_18_A4};

// wifi 20px (export)
static const uint8_t ICON_WIFI_20_A4[] PROGMEM = {
  0x00,0x00,0x00,0x00,0x00,0x00,0x00,0x00,0x00,0x00,0x00,0x00,0x00,0x00,0x00,0x00,0x00,0x00,0x00,0x00,0x00,0x00,0x00,0x00,
  0x00,0x00,0x00,0x00,0x00,0x00,0x00,0x00,0x00,0x00,0x00,0x00,0x00,0x00,0x00,0x00,0x00,0x00,0x00,0x37,0xab,0xba,0x73,0x00,
  0x00,0x00,0x00,0x00,0x4b,0xff,0xff,0xff,0xff,0xb4,0x00,0x00,0x00,0x09,0xff,0xc8,0x42,0x24,0x8c,0xff,0x90,0x00,0x00,0xaf,
  0xe6,0x00,0x00,0x00,0x00,0x6e,0xfa,0x00,0x02,0xfc,0x20,0x00,0x02,0x20,0x00,0x02,0xcf,0x20,0x00,0x30,0x00,0x29,0xef,0xfe,
  0x92,0x00,0x03,0x00,0x00,0x00,0x05,0xff,0xfc,0xcf,0xff,0x50,0x00,0x00,0x00,0x00,0x0d,0xf8,0x10,0x01,0x8f,0xd0,0x00,0x00,
  0x00,0x00,0x03,0x50,0x00,0x00,0x05,0x30,0x00,0x00,0x00,0x00,0x00,0x00,0x49,0x94,0x00,0x00,0x00,0x00,0x00,0x00,0x00,0x00,
  0xdf,0xfd,0x00,0x00,0x00,0x00,0x00,0x00,0x00,0x00,0xff,0xff,0x00,0x00,0x00,0x00,0x00,0x00,0x00,0x00,0x7c,0xc7,0x00,0x00,
  0x00,0x00,0x00,0x00,0x00,0x00,0x02,0x20,0x00,0x00,0x00,0x00,0x00,0x00,0x00,0x00,0x00,0x00,0x00,0x00,0x00,0x00,0x00,0x00,
  0x00,0x00,0x00,0x00,0x00,0x00,0x00,0x00,
};
static const IconMask ICON_WIFI_20 = {20, 20, ICON_WIFI_20_A4};

// system 20px (export)
static const uint8_t ICON_SYSTEM_20_A4[] PROGMEM = {
  0x00,0x00,0x00,0x00,0x00,0x00,0x00,0x00,0x00,0x00,0x00,0x00,0x00,0x00,0x00,0x00,0x00,0x00,0x00,0x00,0x00,0x00,0x00,0x00,
  0x00,0x02,0x52,0x00,0x00,0x00,0x00,0x00,0x00,0x00,0x00,0x5f,0xff,0x50,0x00,0x00,0x00,0xbe,0xee,0xee,0xb0,0xbf,0xff,0xb1,
  0xcb,0x00,0x00,0xbe,0xee,0xee,0xb0,0xbf,0xff,0xb1,0xcb,0x00,0x00,0x00,0x00,0x00,0x00,0x5f,0xff,0x50,0x00,0x00,0x00,0x00,
  0x02,0x52,0x00,0x02,0x52,0x00,0x00,0x00,0x00,0x00,0x5f,0xff,0x50,0x00,0x00,0x00,0x00,0x00,0x00,0xa0,0xbf,0xff,0xb0,0xde,
  0xee,0xee,0xeb,0x00,0x00,0xa0,0xbf,0xff,0xb0,0xde,0xee,0xee,0xeb,0x00,0x00,0x00,0x5f,0xff,0x50,0x00,0x00,0x00,0x00,0x00,
  0x00,0x00,0x02,0x52,0x00,0x00,0x04,0x40,0x00,0x00,0x00,0x00,0x00,0x00,0x00,0x00,0xaf,0xfa,0x00,0x00,0x00,0xbe,0xee,0xee,
  0xee,0x64,0xff,0xff,0x45,0x00,0x00,0xbe,0xee,0xee,0xee,0x64,0xff,0xff,0x45,0x00,0x00,0x00,0x00,0x00,0x00,0x00,0xaf,0xfa,
  0x00,0x00,0x00,0x00,0x00,0x00,0x00,0x00,0x04,0x40,0x00,0x00,0x00,0x00,0x00,0x00,0x00,0x00,0x00,0x00,0x00,0x00,0x00,0x00,
  0x00,0x00,0x00,0x00,0x00,0x00,0x00,0x00,
};
static const IconMask ICON_SYSTEM_20 = {20, 20, ICON_SYSTEM_20_A4};

// skin 20px (export)
static const uint8_t ICON_SKIN_20_A4[] PROGMEM = {
  0x00,0x00,0x00,0x00,0x00,0x00,0x00,0x00,0x00,0x00,0x00,0x02,0x77,0x76,0x00,0x02,0x77,0x76,0x40,0x00,0x00,0xbf,0xff,0xff,
  0xd4,0x4f,0xff,0xff,0xfd,0x00,0x04,0xfd,0x77,0x79,0xfb,0x9f,0x77,0x77,0xdf,0x40,0x07,0xf7,0x00,0x00,0xfd,0xff,0x00,0x00,
  0x7f,0x70,0x07,0xf7,0x00,0x00,0xff,0xff,0x00,0x00,0x7f,0x70,0x07,0xf7,0x00,0x00,0xff,0xff,0x00,0x00,0x7f,0x70,0x04,0xf9,
  0x00,0x02,0xff,0xbf,0x00,0x00,0x9f,0x60,0x02,0xff,0xff,0xff,0xf9,0x7f,0xff,0xff,0xff,0x00,0x00,0x69,0xff,0xfd,0x70,0x27,
  0xbf,0xff,0xb6,0x00,0x00,0x69,0xff,0xfd,0x72,0x3b,0xee,0xee,0xd8,0x00,0x00,0xff,0xff,0xff,0xf7,0xbf,0xff,0xff,0xff,0x40,
  0x06,0xfb,0x00,0x02,0xfd,0xef,0xff,0xff,0xff,0x70,0x07,0xf7,0x00,0x00,0xff,0xef,0xff,0xff,0xff,0x70,0x07,0xf7,0x00,0x00,
  0xff,0xef,0xff,0xff,0xff,0x70,0x07,0xf7,0x00,0x00,0xff,0xef,0xff,0xff,0xff,0x70,0x02,0xfd,0x77,0x79,0xf9,0xdf,0xff,0xff,
  0xff,0x60,0x00,0x9f,0xff,0xff,0xf4,0x8f,0xff,0xff,0xfd,0x10,0x00,0x02,0x67,0x77,0x00,0x04,0x77,0x77,0x61,0x00,0x00,0x00,
  0x00,0x00,0x00,0x00,0x00,0x00,0x00,0x00,
};
static const IconMask ICON_SKIN_20 = {20, 20, ICON_SKIN_20_A4};

// speed 20px (export)
static const uint8_t ICON_SPEED_20_A4[] PROGMEM = {
  0x00,0x00,0x00,0x00,0x00,0x00,0x00,0x00,0x00,0x00,0x00,0x00,0x00,0x00,0x00,0x00,0x00,0x00,0x00,0x00,0x00,0x00,0x00,0x00,
  0x00,0x00,0x00,0x00,0x00,0x00,0x00,0x00,0x00,0x39,0xce,0xec,0x93,0x00,0x00,0x00,0x00,0x00,0x19,0xff,0xff,0xff,0xff,0x91,
  0x00,0x00,0x00,0x02,0xcf,0xd7,0x20,0x02,0x7d,0xfc,0x20,0x00,0x00,0x0b,0xfa,0x10,0x00,0x00,0x04,0xdf,0xb0,0x00,0x00,0x7f,
  0xb0,0x00,0x00,0x00,0x4f,0xfc,0xf7,0x00,0x00,0xdf,0x30,0x00,0x00,0x04,0xff,0x43,0xfd,0x00,0x03,0xfb,0x00,0x00,0x3a,0xbf,
  0xf4,0x00,0xbf,0x30,0x06,0xf8,0x00,0x00,0xdf,0xff,0x40,0x00,0x8f,0x60,0x07,0xf7,0x00,0x03,0xff,0xff,0x30,0x00,0x7f,0x70,
  0x06,0xf8,0x00,0x00,0xdf,0xfd,0x00,0x00,0x8f,0x60,0x03,0xfb,0x00,0x00,0x3a,0xa3,0x00,0x00,0xbf,0x30,0x00,0xdf,0x30,0x00,
  0x00,0x00,0x00,0x03,0xfd,0x00,0x00,0x7f,0xb0,0x00,0x00,0x00,0x00,0x0b,0xf7,0x00,0x00,0x0a,0x80,0x00,0x00,0x00,0x00,0x07,
  0xa0,0x00,0x00,0x00,0x00,0x00,0x00,0x00,0x00,0x00,0x00,0x00,0x00,0x00,0x00,0x00,0x00,0x00,0x00,0x00,0x00,0x00,0x00,0x00,
  0x00,0x00,0x00,0x00,0x00,0x00,0x00,0x00,
};
static const IconMask ICON_SPEED_20 = {20, 20, ICON_SPEED_20_A4};

// odo 20px (export)
static const uint8_t ICON_ODO_20_A4[] PROGMEM = {
  0x00,0x00,0x00,0x00,0x00,0x00,0x00,0x00,0x00,0x00,0x00,0x00,0x00,0x00,0x00,0x00,0x00,0x00,0x00,0x00,0x00,0x00,0x00,0x00,
  0x00,0x00,0x00,0x00,0x00,0x00,0x00,0x00,0x00,0x00,0x00,0x00,0x00,0x00,0x00,0x00,0x02,0x7d,0xff,0xff,0xff,0xff,0xff,0xfd,
  0xd7,0x20,0x0b,0xff,0xff,0xff,0xff,0xff,0xff,0xff,0xff,0xb0,0x0f,0xf4,0x00,0xaf,0x40,0x04,0xfa,0x00,0x2f,0xf0,0x2f,0xb0,
  0x00,0xaf,0x40,0x04,0xfa,0x00,0x0b,0xf2,0x2f,0xb0,0x00,0xaf,0x40,0x04,0xfa,0x00,0x0b,0xf2,0x2f,0xb0,0x00,0xaf,0x40,0x04,
  0xfa,0x00,0x0b,0xf2,0x2f,0xb0,0x00,0xaf,0x40,0x04,0xfa,0x00,0x0b,0xf2,0x2f,0xb0,0x00,0xaf,0x40,0x04,0xfa,0x00,0x0b,0xf2,
  0x2f,0xb0,0x00,0xaf,0x40,0x04,0xfa,0x00,0x0d,0xf2,0x0f,0xd4,0x00,0xaf,0x40,0x04,0xfa,0x00,0x2f,0xf0,0x07,0xff,0xff,0xff,
  0xff,0xff,0xff,0xff,0xff,0xb0,0x00,0x7b,0xff,0xff,0xff,0xff,0xff,0xff,0xd7,0x00,0x00,0x00,0x00,0x00,0x00,0x00,0x00,0x00,
  0x00,0x00,0x00,0x00,0x00,0x00,0x00,0x00,0x00,0x00,0x00,0x00,0x00,0x00,0x00,0x00,0x00,0x00,0x00,0x00,0x00,0x00,0x00,0x00,
  0x00,0x00,0x00,0x00,0x00,0x00,0x00,0x00,
};
static const IconMask ICON_ODO_20 = {20, 20, ICON_ODO_20_A4};

// lang 20px (export)
static const uint8_t ICON_LANG_20_A4[] PROGMEM = {
  0x00,0x00,0x00,0x00,0x00,0x00,0x00,0x00,0x00,0x00,0x00,0x00,0x00,0x02,0x4a,0x85,0x00,0x00,0x00,0x00,0x00,0x00,0x02,0xbf,
  0xff,0xff,0xfd,0x20,0x00,0x00,0x00,0x00,0x7f,0xff,0xfd,0xbf,0xef,0xd7,0x00,0x00,0x00,0x06,0xff,0xbf,0xd0,0x0d,0xfa,0xff,
  0x70,0x00,0x00,0x2f,0xf4,0x7f,0x60,0x06,0xf9,0x2f,0xd2,0x00,0x00,0xbf,0x70,0xff,0x00,0x00,0xdf,0x27,0xfd,0x00,0x00,0xff,
  0x02,0xfb,0x00,0x00,0xbf,0x22,0xbf,0x20,0x06,0xf9,0x04,0xf9,0x00,0x00,0x9f,0x40,0xbf,0x40,0x08,0xff,0xee,0xff,0xee,0xee,
  0xff,0xfe,0xff,0x90,0x09,0xff,0xef,0xff,0xee,0xee,0xff,0xee,0xff,0x80,0x04,0xfb,0x04,0xf9,0x00,0x00,0x9f,0x40,0x9f,0x60,
  0x02,0xfd,0x02,0xfb,0x00,0x00,0xbf,0x20,0xdf,0x20,0x00,0xbf,0x70,0xdf,0x20,0x02,0xfd,0x07,0xfb,0x00,0x00,0x2f,0xd4,0x9f,
  0x60,0x04,0xf7,0x4f,0xf2,0x00,0x00,0x06,0xfd,0xaf,0xb0,0x0b,0xfb,0xff,0x60,0x00,0x00,0x00,0x7f,0xff,0xfb,0xdf,0xff,0xf7,
  0x00,0x00,0x00,0x00,0x02,0xbf,0xff,0xff,0xfd,0x20,0x00,0x00,0x00,0x00,0x00,0x02,0x48,0xa4,0x00,0x00,0x00,0x00,0x00,0x00,
  0x00,0x00,0x00,0x00,0x00,0x00,0x00,0x00,
};
static const IconMask ICON_LANG_20 = {20, 20, ICON_LANG_20_A4};

// reset 20px (export)
static const uint8_t ICON_RESET_20_A4[] PROGMEM = {
  0x00,0x00,0x00,0x00,0x00,0x00,0x00,0x00,0x00,0x00,0x00,0x6b,0x74,0x00,0x00,0x00,0x00,0x00,0x00,0x00,0x00,0xbf,0xff,0xdd,
  0x94,0x00,0x00,0x00,0x00,0x00,0x00,0x7f,0xff,0xff,0xff,0x25,0x93,0x00,0x00,0x00,0x00,0x4f,0xff,0xff,0xfb,0x0a,0xff,0x80,
  0x00,0x00,0x00,0x2f,0xff,0xff,0xb0,0x01,0x7e,0xf9,0x00,0x00,0x00,0x0d,0xff,0xfb,0x00,0x00,0x02,0xdf,0x60,0x00,0x00,0x0e,
  0xff,0xd0,0x00,0x00,0x00,0x4f,0xd0,0x00,0x00,0x4f,0xfd,0x00,0x00,0x00,0x00,0x0b,0xf4,0x00,0x00,0x7f,0xa2,0x00,0x00,0x00,
  0x00,0x07,0xf7,0x00,0x00,0x8f,0x50,0x00,0x00,0x00,0x00,0x05,0xf8,0x00,0x00,0x7f,0x70,0x00,0x00,0x00,0x00,0x07,0xf7,0x00,
  0x00,0x4f,0xb0,0x00,0x00,0x00,0x00,0x0b,0xf4,0x00,0x00,0x0d,0xf4,0x00,0x00,0x00,0x00,0x4f,0xd0,0x00,0x00,0x06,0xfd,0x20,
  0x00,0x00,0x02,0xdf,0x60,0x00,0x00,0x00,0x9f,0xe7,0x10,0x01,0x7e,0xf9,0x00,0x00,0x00,0x00,0x08,0xff,0xfd,0xdf,0xff,0x80,
  0x00,0x00,0x00,0x00,0x00,0x39,0xdf,0xfd,0x93,0x00,0x00,0x00,0x00,0x00,0x00,0x00,0x01,0x10,0x00,0x00,0x00,0x00,0x00,0x00,
  0x00,0x00,0x00,0x00,0x00,0x00,0x00,0x00,
};
static const IconMask ICON_RESET_20 = {20, 20, ICON_RESET_20_A4};

// warn 20px (export)
static const uint8_t ICON_WARN_20_A4[] PROGMEM = {
  0x00,0x00,0x00,0x00,0x00,0x00,0x00,0x00,0x00,0x00,0x00,0x00,0x00,0x00,0x04,0x40,0x00,0x00,0x00,0x00,0x00,0x00,0x00,0x00,
  0x2f,0xf2,0x00,0x00,0x00,0x00,0x00,0x00,0x00,0x00,0x7f,0xf7,0x00,0x00,0x00,0x00,0x00,0x00,0x00,0x02,0xff,0xff,0x20,0x00,
  0x00,0x00,0x00,0x00,0x00,0x0b,0xff,0xff,0xb0,0x00,0x00,0x00,0x00,0x00,0x00,0x4f,0xf4,0x4f,0xf6,0x00,0x00,0x00,0x00,0x00,
  0x00,0xdf,0xd0,0x0d,0xfd,0x20,0x00,0x00,0x00,0x00,0x07,0xff,0xd0,0x0d,0xff,0x70,0x00,0x00,0x00,0x00,0x2f,0xff,0xd0,0x0d,
  0xff,0xf2,0x00,0x00,0x00,0x00,0x7f,0xff,0xd0,0x0d,0xff,0xf7,0x00,0x00,0x00,0x02,0xff,0xff,0xd0,0x0d,0xff,0xff,0x20,0x00,
  0x00,0x09,0xff,0xff,0xf6,0x6f,0xff,0xff,0x90,0x00,0x00,0x2f,0xff,0xff,0xd1,0x1d,0xff,0xff,0xf2,0x00,0x00,0xbf,0xff,0xff,
  0xb0,0x0b,0xff,0xff,0xfb,0x00,0x06,0xff,0xff,0xff,0xf9,0x9f,0xff,0xff,0xff,0x60,0x0d,0xff,0xff,0xff,0xff,0xff,0xff,0xff,
  0xff,0xb0,0x07,0xbb,0xbb,0xbb,0xbb,0xbb,0xbb,0xbb,0xbb,0x70,0x00,0x00,0x00,0x00,0x00,0x00,0x00,0x00,0x00,0x00,0x00,0x00,
  0x00,0x00,0x00,0x00,0x00,0x00,0x00,0x00,
};
static const IconMask ICON_WARN_20 = {20, 20, ICON_WARN_20_A4};

// check 18px (vector)
static const uint8_t ICON_CHECK_18_A4[] PROGMEM = {
  0x00,0x00,0x00,0x00,0x00,0x00,0x00,0x00,0x00,0x00,0x00,0x00,0x00,0x00,0x00,0x00,0x00,0x00,0x00,0x00,0x00,0x00,0x00,0x00,
  0x00,0x00,0x00,0x00,0x00,0x00,0x00,0x00,0x00,0x00,0x00,0x00,0x00,0x00,0x00,0x00,0x00,0x00,0x01,0x40,0x00,0x00,0x00,0x00,
  0x00,0x00,0x00,0x1b,0xf6,0x00,0x00,0x00,0x00,0x00,0x00,0x01,0xbf,0xe3,0x00,0x00,0x00,0x00,0x00,0x00,0x0b,0xff,0x40,0x00,
  0x00,0x19,0x30,0x00,0x00,0xaf,0xf5,0x00,0x00,0x00,0x7f,0xe4,0x00,0x0a,0xff,0x50,0x00,0x00,0x00,0x1b,0xfe,0x40,0x8f,0xf6,
  0x00,0x00,0x00,0x00,0x01,0xbf,0xea,0xff,0x70,0x00,0x00,0x00,0x00,0x00,0x1b,0xff,0xf7,0x00,0x00,0x00,0x00,0x00,0x00,0x01,
  0xbf,0x80,0x00,0x00,0x00,0x00,0x00,0x00,0x00,0x03,0x00,0x00,0x00,0x00,0x00,0x00,0x00,0x00,0x00,0x00,0x00,0x00,0x00,0x00,
  0x00,0x00,0x00,0x00,0x00,0x00,0x00,0x00,0x00,0x00,0x00,0x00,0x00,0x00,0x00,0x00,0x00,0x00,
};
static const IconMask ICON_CHECK_18 = {18, 18, ICON_CHECK_18_A4};

// check 20px (export)
static const uint8_t ICON_CHECK_20_A4[] PROGMEM = {
  0x00,0x00,0x00,0x00,0x00,0x00,0x00,0x00,0x00,0x00,0x00,0x00,0x00,0x00,0x00,0x00,0x00,0x00,0x00,0x00,0x00,0x00,0x00,0x00,
  0x00,0x00,0x00,0x00,0x00,0x00,0x00,0x00,0x00,0x00,0x00,0x00,0x00,0x00,0x00,0x00,0x00,0x00,0x00,0x00,0x00,0x00,0x00,0x00,
  0x00,0x00,0x00,0x00,0x00,0x00,0x00,0x00,0x00,0x09,0x70,0x00,0x00,0x00,0x00,0x00,0x00,0x00,0x00,0xbf,0xf0,0x00,0x00,0x00,
  0x00,0x00,0x00,0x00,0x0b,0xff,0x90,0x00,0x00,0x00,0x00,0x00,0x00,0x00,0xbf,0xfb,0x00,0x00,0x00,0x07,0x62,0x00,0x00,0x09,
  0xff,0xb0,0x00,0x00,0x00,0x2f,0xf7,0x20,0x00,0x9f,0xfb,0x00,0x00,0x00,0x00,0x09,0xff,0x72,0x07,0xff,0xb0,0x00,0x00,0x00,
  0x00,0x00,0x9f,0xfb,0x7f,0xfb,0x00,0x00,0x00,0x00,0x00,0x00,0x09,0xff,0xff,0xd0,0x00,0x00,0x00,0x00,0x00,0x00,0x00,0x7f,
  0xfd,0x00,0x00,0x00,0x00,0x00,0x00,0x00,0x00,0x07,0x90,0x00,0x00,0x00,0x00,0x00,0x00,0x00,0x00,0x00,0x00,0x00,0x00,0x00,
  0x00,0x00,0x00,0x00,0x00,0x00,0x00,0x00,0x00,0x00,0x00,0x00,0x00,0x00,0x00,0x00,0x00,0x00,0x00,0x00,0x00,0x00,0x00,0x00,
  0x00,0x00,0x00,0x00,0x00,0x00,0x00,0x00,
};
static const IconMask ICON_CHECK_20 = {20, 20, ICON_CHECK_20_A4};

// sun 16px (export)
static const uint8_t ICON_SUN_16_A4[] PROGMEM = {
  0x00,0x00,0x00,0x04,0x40,0x00,0x00,0x00,0x00,0x00,0x00,0x0b,0xb0,0x00,0x00,0x00,0x00,0x37,0x00,0x0b,0xb0,0x00,0x62,0x00,
  0x00,0x7f,0x80,0x08,0x80,0x09,0xf6,0x00,0x00,0x08,0xf4,0x00,0x00,0x0f,0x90,0x00,0x00,0x00,0x40,0x7c,0xc7,0x00,0x00,0x00,
  0x00,0x00,0x07,0xff,0xff,0x70,0x00,0x00,0x4b,0xb8,0x0c,0xff,0xff,0xc0,0x8b,0xb4,0x4b,0xb8,0x0c,0xff,0xff,0xc0,0x8b,0xb4,
  0x00,0x00,0x07,0xff,0xff,0x70,0x00,0x00,0x00,0x00,0x20,0x7c,0xc7,0x04,0x00,0x00,0x00,0x09,0xf2,0x00,0x00,0x4f,0x80,0x00,
  0x00,0x6f,0x90,0x08,0x80,0x08,0xf7,0x00,0x00,0x26,0x00,0x0b,0xb0,0x00,0x73,0x00,0x00,0x00,0x00,0x0b,0xb0,0x00,0x00,0x00,
  0x00,0x00,0x00,0x04,0x40,0x00,0x00,0x00,
};
static const IconMask ICON_SUN_16 = {16, 16, ICON_SUN_16_A4};

// sun 22px (vector)
static const uint8_t ICON_SUN_22_A4[] PROGMEM = {
  0x00,0x00,0x00,0x00,0x00,0x11,0x00,0x00,0x00,0x00,0x00,0x00,0x00,0x00,0x00,0x00,0xee,0x00,0x00,0x00,0x00,0x00,0x00,0x00,
  0x00,0x00,0x00,0xff,0x00,0x00,0x00,0x00,0x00,0x00,0x01,0x71,0x00,0x00,0xff,0x00,0x00,0x17,0x10,0x00,0x00,0x07,0xfd,0x10,
  0x00,0xdd,0x00,0x01,0xdf,0x70,0x00,0x00,0x01,0xdf,0xd0,0x00,0x11,0x00,0x0d,0xfd,0x10,0x00,0x00,0x00,0x1d,0xe1,0x00,0x00,
  0x00,0x1e,0xd1,0x00,0x00,0x00,0x00,0x00,0x10,0x2a,0xee,0xa2,0x01,0x00,0x00,0x00,0x00,0x00,0x00,0x02,0xef,0xff,0xfe,0x20,
  0x00,0x00,0x00,0x00,0x00,0x00,0x0a,0xff,0xff,0xff,0xa0,0x00,0x00,0x00,0x1e,0xff,0xd1,0x0e,0xff,0xff,0xff,0xe0,0x1d,0xff,
  0xe1,0x1e,0xff,0xd1,0x0e,0xff,0xff,0xff,0xe0,0x1d,0xff,0xe1,0x00,0x00,0x00,0x0a,0xff,0xff,0xff,0xa0,0x00,0x00,0x00,0x00,
  0x00,0x00,0x02,0xef,0xff,0xfe,0x20,0x00,0x00,0x00,0x00,0x00,0x00,0x10,0x2a,0xee,0xa2,0x01,0x00,0x00,0x00,0x00,0x00,0x1d,
  0xe1,0x00,0x00,0x00,0x1e,0xd1,0x00,0x00,0x00,0x01,0xdf,0xd0,0x00,0x11,0x00,0x0d,0xfd,0x10,0x00,0x00,0x07,0xfd,0x10,0x00,
  0xdd,0x00,0x01,0xdf,0x70,0x00,0x00,0x01,0x71,0x00,0x00,0xff,0x00,0x00,0x17,0x10,0x00,0x00,0x00,0x00,0x00,0x00,0xff,0x00,
  0x00,0x00,0x00,0x00,0x00,0x00,0x00,0x00,0x00,0xee,0x00,0x00,0x00,0x00,0x00,0x00,0x00,0x00,0x00,0x00,0x11,0x00,0x00,0x00,
  0x00,0x00,
};
static const IconMask ICON_SUN_22 = {22, 22, ICON_SUN_22_A4};

constexpr int THUMB_W = 144, THUMB_H = 96;

static const uint16_t THUMB_HALO_DARK[144 * 96] PROGMEM = {
  0x0862,0x0862,0x0862,0x0862,0x0862,0x0862,0x0862,0x0862,0x0862,0x0862,0x0862,0x0862,0x0862,0x0862,0x0862,0x0862,
  0x0862,0x0862,0x0862,0x0862,0x0862,0x0862,0x0862,0x0862,0x0862,0x0862,0x0862,0x0862,0x0862,0x0862,0x0862,0x0862,
  0x0862,0x0862,0x0862,0x0862,0x0862,0x0862,0x0862,0x0862,0x0862,0x0862,0x0862,0x0862,0x0862,0x0862,0x0862,0x0862,
  0x0862,0x0862,0x0862,0x0862,0x0862,0x0862,0x0862,0x0862,0x0862,0x0862,0x0862,0x0862,0x0862,0x0862,0x0862,0x0862,
  0x0862,0x0862,0x0862,0x0862,0x0862,0x0862,0x0862,0x0862,0x0862,0x0862,0x0862,0x0862,0x0862,0x0862,0x0862,0x0862,
  0x0862,0x0862,0x0862,0x0862,0x0862,0x0862,0x0862,0x0862,0x0862,0x0862,0x0862,0x0862,0x0862,0x0862,0x0862,0x0862,
  0x0862,0x0862,0x0862,0x0862,0x0862,0x0862,0x0862,0x0862,0x0862,0x0862,0x0862,0x0862,0x0862,0x0862,0x0862,0x0862,
  0x0862,0x0862,0x0862,0x0862,0x0862,0x0862,0x0862,0x0862,0x0862,0x0862,0x0862,0x0862,0x0862,0x0862,0x0862,0x0862,
  0x0862,0x0862,0x0862,0x0862,0x0862,0x0862,0x0862,0x0862,0x0862,0x0862,0x0862,0x0862,0x0862,0x0862,0x0862,0x0862,
  0x0862,0x0862,0x0862,0x0862,0x0862,0x0862,0x0862,0x0862,0x0862,0x0862,0x0862,0x0862,0x0862,0x0862,0x0862,0x0862,
  0x0862,0x0862,0x0862,0x0862,0x0862,0x0862,0x0862,0x0862,0x0862,0x0862,0x0862,0x0862,0x0862,0x0862,0x0862,0x0862,
  0x0862,0x0862,0x0862,0x0862,0x0862,0x0862,0x0862,0x0862,0x0862,0x0862,0x0862,0x0862,0x0862,0x0862,0x0862,0x0862,
  0x0862,0x0862,0x0862,0x0862,0x0862,0x0862,0x0862,0x0862,0x0862,0x0862,0x0862,0x0862,0x0862,0x0862,0x0862,0x0862,
  0x0862,0x0862,0x0862,0x0862,0x0862,0x0862,0x0862,0x0862,0x0862,0x0862,0x0862,0x0862,0x0862,0x0862,0x0862,0x0862,
  0x0862,0x0862,0x0862,0x0862,0x0862,0x0862,0x0862,0x0862,0x0862,0x0862,0x0862,0x0862,0x0882,0x1905,0x0862,0x0862,
  0x0862,0x0862,0x0862,0x0862,0x0862,0x0862,0x0862,0x0862,0x0862,0x0862,0x0862,0x0862,0x0862,0x0862,0x0862,0x0862,
  0x0862,0x0862,0x0862,0x0862,0x0862,0x0862,0x0862,0x0862,0x0862,0x0862,0x0862,0x0862,0x0862,0x0862,0x0862,0x0862,
  0x0862,0x0862,0x0862,0x0862,0x0862,0x0862,0x0862,0x0862,0x0862,0x0862,0x0862,0x0862,0x0862,0x0862,0x0862,0x0862,
  0x0862,0x0862,0x0862,0x0862,0x0862,0x0862,0x0862,0x0862,0x0862,0x0862,0x0862,0x0862,0x0862,0x0862,0x0862,0x0862,
  0x0862,0x0862,0x0862,0x0862,0x0862,0x0862,0x0862,0x0862,0x0862,0x0862,0x0862,0x0862,0x0862,0x0862,0x0862,0x0862,
  0x0862,0x31c8,0x0862,0x0862,0x0862,0x0862,0x0862,0x0862,0x0862,0x0862,0x0862,0x0862,0x10a3,0x1925,0x0862,0x0862,
  0x0862,0x0862,0x0862,0x0862,0x0862,0x0862,0x0862,0x0862,0x0862,0x0862,0x0862,0x0862,0x0862,0x0862,0x0862,0x0862,
  0x0862,0x0862,0x0862,0x0862,0x0862,0x0862,0x0862,0x0862,0x0862,0x0862,0x0862,0x0862,0x0862,0x0862,0x0862,0x0862,
  0x0862,0x0862,0x0862,0x0862,0x0862,0x0862,0x0862,0x0862,0x0862,0x0862,0x0862,0x0862,0x0862,0x0862,0x0862,0x0862,
  0x0862,0x0862,0x0862,0x0862,0x0862,0x0862,0x0862,0x0862,0x0862,0x0862,0x0862,0x0862,0x0862,0x0862,0x0862,0x0862,
  0x0862,0x0862,0x0862,0x0862,0x0862,0x0862,0x0862,0x0862,0x0862,0x0862,0x0862,0x0862,0x0862,0x0862,0x0862,0x0862,
  0x0882,0x424a,0x08a3,0x0862,0x0862,0x0862,0x0862,0x0862,0x0862,0x0862,0x0862,0x0862,0x0862,0x0862,0x0862,0x0862,
  0x0862,0x0862,0x0862,0x0862,0x0862,0x0862,0x0862,0x0862,0x3a08,0x0882,0x0862,0x0862,0x0862,0x0862,0x0862,0x0862,
  0x0862,0x0862,0x0862,0x0862,0x0862,0x0862,0x0862,0x0862,0x0862,0x0862,0x0862,0x0862,0x0862,0x0862,0x0862,0x0862,
  0x0862,0x0862,0x0862,0x0862,0x0862,0x0862,0x0862,0x0862,0x0862,0x0862,0x0862,0x0862,0x0862,0x0862,0x0862,0x0862,
  0x0862,0x0862,0x0862,0x0862,0x0862,0x0862,0x0862,0x0862,0x0862,0x0862,0x0862,0x0862,0x0862,0x0862,0x0862,0x0862,
  0x0862,0x0862,0x0862,0x0862,0x0862,0x0862,0x0862,0x0862,0x0862,0x0862,0x0862,0x0862,0x0862,0x0862,0x0862,0x0862,
  0x0862,0x31c7,0x18e4,0x0862,0x0862,0x0862,0x0862,0x0862,0x0862,0x0862,0x0862,0x0862,0x0862,0x0862,0x0862,0x0862,
  0x0862,0x0862,0x0862,0x0862,0x0862,0x0862,0x0862,0x0882,0x426a,0x0882,0x0862,0x0862,0x0862,0x0862,0x0862,0x0862,
  0x0862,0x0862,0x0862,0x0862,0x0862,0x0862,0x0862,0x0862,0x0862,0x0862,0x0862,0x0862,0x0862,0x0862,0x0862,0x0862,
  0x0862,0x0862,0x0862,0x0862,0x0862,0x0862,0x0862,0x0862,0x0862,0x0862,0x0862,0x0862,0x0862,0x0862,0x0862,0x0862,
  0x0862,0x0862,0x0862,0x0862,0x0862,0x0862,0x0862,0x0862,0x0862,0x0862,0x0862,0x0862,0x0862,0x0862,0x0862,0x0862,
  0x0862,0x0862,0x0862,0x0862,0x0862,0x0862,0x0862,0x0862,0x0862,0x0862,0x0862,0x0862,0x0862,0x0862,0x0862,0x0862,
  0x0862,0x1904,0x2166,0x0862,0x0862,0x0862,0x0862,0x08c4,0x08e5,0x0926,0x0946,0x0967,0x0926,0x0905,0x08e4,0x0882,
  0x0862,0x0862,0x0862,0x0862,0x0862,0x0862,0x0862,0x1904,0x31c8,0x0862,0x0862,0x0862,0x0862,0x0862,0x0862,0x0862,
  0x0862,0x0862,0x0862,0x0862,0x0862,0x0862,0x0862,0x0862,0x0862,0x0862,0x0862,0x0862,0x0862,0x0862,0x0862,0x0862,
  0x0862,0x0862,0x0862,0x0862,0x0862,0x0862,0x0862,0x0862,0x0862,0x0862,0x0862,0x0862,0x0862,0x0862,0x0862,0x0862,
  0x0862,0x0862,0x0862,0x0862,0x0862,0x0862,0x0862,0x0862,0x0862,0x0862,0x0862,0x0862,0x0862,0x0862,0x0862,0x0862,
  0x0862,0x0862,0x0862,0x0862,0x0862,0x0862,0x10e4,0x0862,0x0862,0x0862,0x0862,0x0862,0x0862,0x0862,0x0862,0x0862,
  0x0862,0x0883,0x08c4,0x09e9,0x1330,0x1c97,0x1dbc,0x25fe,0x25fe,0x25fe,0x25fe,0x25fe,0x25fe,0x25fe,0x25fe,0x1dde,
  0x1d19,0x13b3,0x126c,0x0905,0x08a3,0x0862,0x0862,0x31c8,0x1904,0x0862,0x0862,0x0862,0x0862,0x0862,0x0862,0x0862,
  0x0862,0x0862,0x0862,0x0862,0x0862,0x0862,0x0862,0x0862,0x0862,0x0862,0x0862,0x0862,0x0862,0x0862,0x0862,0x0862,
  0x0862,0x0862,0x0862,0x0862,0x0862,0x0862,0x0862,0x0862,0x0862,0x0862,0x0862,0x0862,0x0862,0x0862,0x0862,0x0862,
  0x0862,0x0862,0x0862,0x0862,0x0862,0x0862,0x0862,0x0862,0x0862,0x0862,0x0862,0x0862,0x0862,0x0862,0x0862,0x0862,
  0x0862,0x0862,0x0862,0x0862,0x0862,0x0862,0x1904,0x10c3,0x0862,0x0862,0x0862,0x0862,0x0862,0x0862,0x08c4,0x122b,
  0x13d3,0x1cd8,0x1d9c,0x25fe,0x261f,0x263f,0x263f,0x263f,0x263f,0x263f,0x263f,0x263f,0x263f,0x263f,0x263f,0x263f,
  0x263f,0x261f,0x261e,0x1ddd,0x1d1a,0x1c56,0x12ef,0x0905,0x0883,0x0862,0x0862,0x0862,0x0862,0x0862,0x0862,0x0862,
  0x0862,0x0862,0x0862,0x0862,0x0862,0x0862,0x0862,0x0862,0x0862,0x0862,0x0862,0x0862,0x0862,0x0862,0x0862,0x0862,
  0x0862,0x0862,0x0862,0x0862,0x0862,0x0862,0x0862,0x0862,0x0862,0x0862,0x0862,0x0862,0x0862,0x0862,0x0862,0x0862,
  0x0862,0x0862,0x0862,0x0862,0x0862,0x0862,0x0862,0x0862,0x0862,0x0862,0x0862,0x0862,0x0862,0x0862,0x0862,0x0862,
  0x0862,0x0862,0x0862,0x0862,0x0862,0x0862,0x0862,0x0882,0x0862,0x0862,0x0862,0x08a3,0x09a8,0x1310,0x1d1a,0x25fe,
  0x263f,0x263f,0x263f,0x263f,0x263f,0x263f,0x263f,0x263f,0x263f,0x263f,0x263f,0x263f,0x263f,0x263f,0x263f,0x263f,
  0x263f,0x263f,0x263f,0x263f,0x263f,0x263f,0x261f,0x1ddd,0x1bf4,0x0a2a,0x08e4,0x0882,0x0862,0x0862,0x0862,0x0862,
  0x0862,0x0862,0x0882,0x08a3,0x0862,0x0862,0x0862,0x0862,0x0862,0x0862,0x0862,0x0862,0x0862,0x0862,0x0862,0x0862,
  0x0862,0x0862,0x0862,0x0862,0x0862,0x0862,0x0862,0x0862,0x0862,0x0862,0x0862,0x0862,0x0862,0x0862,0x0862,0x0862,
  0x0862,0x0862,0x0862,0x0862,0x0862,0x0862,0x0862,0x0862,0x0862,0x0862,0x0862,0x0862,0x0862,0x0862,0x0862,0x0862,
  0x0862,0x0862,0x0862,0x0862,0x0862,0x0862,0x0862,0x0862,0x0862,0x0883,0x0967,0x1c97,0x25fe,0x263f,0x263f,0x263f,
  0x263f,0x263f,0x263f,0x263f,0x263f,0x263f,0x263f,0x263f,0x263f,0x263f,0x263f,0x263f,0x263f,0x263f,0x263f,0x263f,
  0x263f,0x263f,0x263f,0x263f,0x263f,0x263f,0x263f,0x263f,0x263f,0x261f,0x1ddd,0x126c,0x08a3,0x0882,0x0862,0x0862,
  0x0862,0x0862,0x1925,0x0862,0x0862,0x0862,0x0862,0x0862,0x0862,0x0862,0x0862,0x0862,0x0862,0x0862,0x0862,0x0862,
  0x0862,0x0862,0x0862,0x0862,0x0862,0x0862,0x0862,0x0862,0x0862,0x0862,0x0862,0x0862,0x0862,0x0862,0x0862,0x0862,
  0x0862,0x0862,0x0862,0x0862,0x0862,0x0862,0x0862,0x0862,0x0862,0x0862,0x0862,0x0862,0x0862,0x0862,0x0862,0x0862,
  0x0862,0x0862,0x0862,0x0862,0x0862,0x0862,0x0862,0x0862,0x09a8,0x1c97,0x25fe,0x263f,0x263f,0x263f,0x263f,0x263f,
  0x263f,0x263f,0x263f,0x263f,0x263f,0x263f,0x263f,0x263f,0x263f,0x263f,0x263f,0x263f,0x263f,0x263f,0x263f,0x263f,
  0x263f,0x263f,0x263f,0x263f,0x263f,0x263f,0x263f,0x263f,0x263f,0x263f,0x263f,0x263f,0x1d3a,0x12ef,0x08a3,0x0862,
  0x0862,0x0862,0x10a3,0x0862,0x0862,0x0862,0x0862,0x0862,0x0862,0x0862,0x0862,0x0862,0x0862,0x0862,0x0862,0x0862,
  0x0862,0x0862,0x0862,0x0862,0x0862,0x0862,0x0862,0x0862,0x0862,0x0862,0x0862,0x0862,0x0862,0x0862,0x0862,0x0862,
  0x0862,0x0862,0x0862,0x0862,0x0862,0x0862,0x0862,0x0862,0x0862,0x0862,0x0862,0x0862,0x0862,0x0862,0x0862,0x0862,
  0x0862,0x0862,0x0862,0x0862,0x0862,0x0862,0x0905,0x13b2,0x261e,0x263f,0x263f,0x263f,0x263f,0x263f,0x263f,0x263f,
  0x263f,0x263f,0x263f,0x263f,0x1d9c,0x1cf9,0x1c76,0x13b2,0x1330,0x12ce,0x128c,0x126c,0x12ad,0x130f,0x1371,0x1c15,
  0x1cb8,0x1d5a,0x25fe,0x263f,0x263f,0x263f,0x263f,0x263f,0x263f,0x263f,0x263f,0x263f,0x263f,0x263f,0x1cd8,0x09e9,
  0x0862,0x0862,0x0862,0x0862,0x0862,0x0862,0x0862,0x0862,0x0862,0x0862,0x0862,0x0862,0x0862,0x0862,0x0862,0x0862,
  0x0862,0x0862,0x0862,0x0862,0x0862,0x0862,0x0862,0x0862,0x0862,0x0862,0x0862,0x0862,0x0862,0x0862,0x0862,0x0862,
  0x0862,0x0862,0x0862,0x0862,0x0862,0x0862,0x0862,0x0862,0x0862,0x0862,0x0862,0x0862,0x0862,0x0862,0x0862,0x0862,
  0x0862,0x0862,0x0862,0x0862,0x0882,0x122b,0x25fe,0x261f,0x263f,0x263f,0x263f,0x263f,0x263f,0x263f,0x263f,0x263f,
  0x25fe,0x1d5b,0x1351,0x0946,0x08a3,0x08a3,0x0883,0x0882,0x0882,0x0882,0x0862,0x0862,0x0862,0x0882,0x0882,0x0882,
  0x0883,0x08a3,0x08c4,0x128d,0x1cb8,0x1dde,0x263f,0x263f,0x263f,0x263f,0x263f,0x263f,0x263f,0x263f,0x263f,0x25fe,
  0x1c35,0x08a3,0x0862,0x0862,0x0862,0x0862,0x0862,0x0862,0x0862,0x0862,0x0862,0x0862,0x0862,0x0862,0x0862,0x0862,
  0x0862,0x0862,0x0862,0x0862,0x0862,0x0862,0x0862,0x0862,0x0862,0x0862,0x0862,0x0862,0x0862,0x0862,0x0862,0x0862,
  0x0862,0x0862,0x0862,0x0862,0x0862,0x0862,0x0862,0x0862,0x0862,0x0862,0x0862,0x0862,0x10c3,0x1904,0x0862,0x0862,
  0x0862,0x0862,0x0862,0x08a3,0x13b3,0x1ddd,0x263f,0x263f,0x263f,0x263f,0x263f,0x263f,0x263f,0x261f,0x1d3a,0x130f,
  0x09a8,0x08a3,0x0882,0x0862,0x0862,0x0862,0x0862,0x0862,0x0862,0x0862,0x0862,0x0862,0x0862,0x0862,0x0862,0x0862,
  0x0862,0x0862,0x0862,0x0862,0x0883,0x0926,0x126c,0x1c56,0x1dde,0x263f,0x263f,0x263f,0x263f,0x263f,0x263f,0x263f,
  0x261f,0x1cd8,0x09a8,0x0882,0x0862,0x0862,0x0862,0x0862,0x0862,0x0862,0x0862,0x0862,0x0862,0x0862,0x0862,0x0862,
  0x0862,0x0862,0x0862,0x0862,0x0862,0x0862,0x0862,0x0862,0x0862,0x0862,0x0862,0x0862,0x0862,0x0862,0x0862,0x0862,
  0x0862,0x0862,0x0862,0x0862,0x0862,0x0862,0x0862,0x0862,0x0862,0x0862,0x0862,0x0862,0x0883,0x52ec,0x2145,0x0862,
  0x0862,0x0862,0x0967,0x1cd8,0x261f,0x263f,0x263f,0x263f,0x263f,0x263f,0x263f,0x25fe,0x1cd8,0x12ae,0x08c4,0x0862,
  0x0862,0x0862,0x0862,0x0862,0x0862,0x0882,0x0882,0x0882,0x0883,0x0883,0x0883,0x0883,0x0883,0x0883,0x0883,0x0882,
  0x0882,0x0882,0x0862,0x0862,0x0862,0x0862,0x0862,0x08a3,0x09a8,0x1c15,0x1dbd,0x263f,0x263f,0x263f,0x263f,0x263f,
  0x263f,0x263f,0x1d9c,0x124b,0x08a3,0x0862,0x0862,0x0862,0x0862,0x0862,0x0862,0x0862,0x0862,0x0862,0x0862,0x0862,
  0x0862,0x0862,0x0862,0x0862,0x0862,0x0862,0x0862,0x0862,0x0862,0x0862,0x0862,0x0862,0x0862,0x0862,0x0862,0x0862,
  0x0862,0x0862,0x0862,0x0862,0x0862,0x0862,0x0862,0x0862,0x0862,0x0862,0x0862,0x0862,0x0862,0x0882,0x52ec,0x1904,
  0x0862,0x0946,0x1d9c,0x263f,0x263f,0x263f,0x263f,0x263f,0x263f,0x261f,0x1d9c,0x122b,0x08a3,0x0862,0x0862,0x0862,
  0x0862,0x0862,0x10a3,0x10a3,0x0862,0x0862,0x0862,0x0862,0x0862,0x0862,0x0862,0x0862,0x0862,0x0862,0x0862,0x0862,
  0x0862,0x0862,0x08a3,0x10a3,0x0882,0x0862,0x0862,0x0862,0x0862,0x0882,0x08c4,0x1cb8,0x261e,0x263f,0x263f,0x263f,
  0x263f,0x263f,0x263f,0x261e,0x12ce,0x0883,0x0862,0x0862,0x0862,0x0862,0x0862,0x0862,0x0862,0x0862,0x0862,0x0862,
  0x0862,0x0862,0x0862,0x0862,0x0862,0x0862,0x0862,0x0862,0x0862,0x0862,0x0862,0x0862,0x0862,0x0862,0x0862,0x0862,
  0x0862,0x0862,0x0862,0x0862,0x0862,0x0862,0x0862,0x0862,0x0862,0x0862,0x0862,0x0862,0x0862,0x0862,0x10a3,0x1904,
  0x0988,0x1d7c,0x263f,0x263f,0x263f,0x263f,0x263f,0x263f,0x25fe,0x1351,0x0905,0x0862,0x0862,0x0862,0x0862,0x08a3,
  0x0882,0x0882,0x0862,0x0862,0x0862,0x0862,0x0862,0x0862,0x0862,0x0862,0x0862,0x0862,0x0862,0x0862,0x0862,0x0862,
  0x0862,0x0862,0x0862,0x0862,0x0862,0x0882,0x0883,0x0882,0x0862,0x0862,0x0862,0x0882,0x124b,0x1d7b,0x263f,0x263f,
  0x263f,0x263f,0x263f,0x263f,0x25fe,0x1371,0x0882,0x0862,0x0862,0x0862,0x0862,0x2146,0x08a3,0x0862,0x0862,0x0862,
  0x0862,0x0862,0x0862,0x0862,0x0862,0x0862,0x0862,0x0862,0x0862,0x0862,0x0862,0x0862,0x0862,0x0862,0x0862,0x0862,
  0x0862,0x0862,0x0862,0x0862,0x0862,0x0862,0x0862,0x0862,0x0862,0x0862,0x0862,0x0862,0x0862,0x0862,0x0862,0x0947,
  0x1ddd,0x263f,0x263f,0x263f,0x263f,0x263f,0x263f,0x1d5a,0x09ea,0x0882,0x0862,0x0862,0x0862,0x0882,0x0883,0x0862,
  0x0862,0x0862,0x0862,0x0862,0x0862,0x0862,0x0862,0x0862,0x0862,0x0862,0x0862,0x0862,0x0862,0x0862,0x0862,0x0862,
  0x0862,0x0862,0x0862,0x0862,0x0862,0x0862,0x0862,0x0882,0x0883,0x0862,0x0862,0x0862,0x0862,0x08a3,0x1c14,0x261e,
  0x263f,0x263f,0x263f,0x263f,0x263f,0x261e,0x1371,0x0882,0x0862,0x0862,0x39e8,0x4aab,0x0862,0x0862,0x0862,0x0862,
  0x0862,0x0862,0x0862,0x0862,0x0862,0x0862,0x0862,0x0862,0x0862,0x0862,0x0862,0x0862,0x0862,0x0862,0x0862,0x0862,
  0x0862,0x0862,0x0862,0x0862,0x0862,0x0862,0x0862,0x0862,0x0862,0x0862,0x0862,0x0862,0x0862,0x0862,0x0862,0x12ad,
  0x263f,0x263f,0x263f,0x263f,0x263f,0x261f,0x1cd8,0x08e4,0x0862,0x0862,0x0862,0x0882,0x0883,0x0862,0x0862,0x0862,
  0x0862,0x0862,0x0862,0x0862,0x0862,0x0862,0x0862,0x0862,0x0862,0x0862,0x0862,0x0862,0x0862,0x0862,0x0862,0x0862,
  0x0862,0x0862,0x0862,0x0862,0x0862,0x0862,0x0862,0x0862,0x0862,0x0862,0x10a3,0x0862,0x0862,0x0862,0x0883,0x128d,
  0x25fe,0x263f,0x263f,0x263f,0x263f,0x263f,0x261e,0x130f,0x0862,0x3a29,0x31e8,0x0882,0x0862,0x0862,0x0862,0x0862,
  0x0862,0x0862,0x0862,0x0862,0x0862,0x0862,0x0862,0x0862,0x0862,0x0862,0x0862,0x0862,0x0862,0x0862,0x0862,0x0862,
  0x0862,0x0862,0x0862,0x0862,0x0862,0x0862,0x0862,0x0862,0x0862,0x0862,0x0862,0x0862,0x0862,0x0862,0x0862,0x12ad,
  0x263f,0x263f,0x263f,0x263f,0x261e,0x13d3,0x08a3,0x0862,0x0862,0x0862,0x0882,0x0862,0x0862,0x0862,0x0862,0x0862,
  0x0862,0x0862,0x0862,0x0862,0x0862,0x0862,0x0862,0x0862,0x0862,0x0862,0x0862,0x0862,0x0862,0x0862,0x0862,0x0862,
  0x0862,0x0862,0x0862,0x0862,0x0862,0x0862,0x0862,0x0862,0x0862,0x0862,0x0862,0x0882,0x0882,0x0862,0x0862,0x0883,
  0x0a0a,0x1d9c,0x263f,0x263f,0x263f,0x263f,0x263f,0x25fe,0x12ee,0x10c4,0x0862,0x0862,0x0862,0x0862,0x0862,0x0862,
  0x0862,0x0862,0x0862,0x0862,0x0862,0x0862,0x0862,0x0862,0x0862,0x0862,0x0862,0x0862,0x0862,0x0862,0x0862,0x0862,
  0x0862,0x0862,0x0862,0x0862,0x0862,0x0862,0x0862,0x0862,0x0862,0x0862,0x0862,0x0862,0x0862,0x0862,0x0862,0x0946,
  0x1d5b,0x261f,0x263f,0x25fe,0x1371,0x08a3,0x0862,0x0862,0x0862,0x0883,0x0862,0x0862,0x0862,0x0862,0x0862,0x0862,
  0x0862,0x0862,0x0862,0x0862,0x0862,0x0862,0x0862,0x0862,0x0862,0x0862,0x0862,0x0862,0x0862,0x0862,0x0862,0x0862,
  0x0862,0x0862,0x0862,0x0862,0x0862,0x0862,0x0862,0x0862,0x0862,0x0862,0x0862,0x0862,0x0862,0x0882,0x0862,0x0862,
  0x0882,0x120a,0x1d7b,0x263f,0x263f,0x263f,0x263f,0x263f,0x1dbd,0x0988,0x0882,0x0862,0x0862,0x0862,0x0862,0x0862,
  0x0862,0x0862,0x0862,0x0862,0x0862,0x0862,0x0862,0x0862,0x0862,0x0862,0x0862,0x0862,0x0862,0x0862,0x0862,0x0862,
  0x0862,0x0862,0x0862,0x0862,0x0862,0x0862,0x0862,0x0862,0x0862,0x0862,0x0862,0x0862,0x0862,0x0862,0x0862,0x0862,
  0x08a3,0x13b2,0x1c55,0x09a8,0x0882,0x0862,0x0862,0x0882,0x0862,0x0862,0x0862,0x0862,0x0862,0x0862,0x0862,0x0862,
  0x0862,0x0862,0x0862,0x0862,0x0862,0x0862,0x0862,0x0862,0x0862,0x0862,0x0862,0x0862,0x0862,0x0862,0x0862,0x0862,
  0x0862,0x0862,0x0862,0x0862,0x0862,0x0862,0x0862,0x0862,0x0862,0x0862,0x0862,0x0862,0x0862,0x0862,0x0883,0x0862,
  0x0862,0x0862,0x09a8,0x25fe,0x263f,0x263f,0x263f,0x263f,0x263f,0x1dbd,0x0926,0x0882,0x0882,0x0862,0x0862,0x0862,
  0x0862,0x0862,0x0862,0x0862,0x0862,0x0862,0x0862,0x0862,0x0862,0x0862,0x0862,0x0862,0x0862,0x0862,0x0862,0x0862,
  0x0862,0x0862,0x0862,0x0862,0x0862,0x0862,0x0862,0x0862,0x0862,0x0862,0x0862,0x0862,0x0862,0x0862,0x0862,0x0862,
  0x0862,0x0862,0x0862,0x0862,0x0862,0x0862,0x0883,0x0862,0x0862,0x0862,0x0862,0x0862,0x0862,0x0862,0x0862,0x0862,
  0x0862,0x0862,0x0862,0x0862,0x0862,0x0862,0x0862,0x0862,0x0862,0x0862,0x0862,0x0862,0x0862,0x0862,0x0862,0x0862,
  0x0862,0x0862,0x0862,0x0862,0x0862,0x0862,0x0862,0x0862,0x0862,0x0862,0x0862,0x0862,0x0862,0x0862,0x0862,0x0882,
  0x0862,0x0862,0x0862,0x09e9,0x1dbc,0x263f,0x263f,0x263f,0x263f,0x263f,0x1c15,0x08c4,0x08a3,0x0883,0x0883,0x0882,
  0x0862,0x0862,0x0862,0x0862,0x0862,0x0862,0x0862,0x0862,0x0862,0x0862,0x0862,0x0862,0x0862,0x0862,0x0862,0x0862,
  0x0862,0x0862,0x0862,0x0862,0x0862,0x0862,0x0862,0x0862,0x0862,0x0862,0x0862,0x0862,0x0862,0x0862,0x0862,0x0862,
  0x0862,0x0862,0x0862,0x0862,0x0862,0x0882,0x0862,0x0862,0x0862,0x0862,0x0862,0x0862,0x0862,0x0862,0x0862,0x0862,
  0x0862,0x0862,0x0862,0x0862,0x0862,0x0862,0x0862,0x0862,0x0862,0x0862,0x0862,0x0862,0x0862,0x0862,0x0862,0x0862,
  0x0862,0x0862,0x0862,0x0862,0x0862,0x0862,0x0862,0x0862,0x0862,0x0862,0x0862,0x0862,0x0862,0x0862,0x0862,0x0862,
  0x08a3,0x0862,0x0862,0x0862,0x12ad,0x25fe,0x263f,0x263f,0x263f,0x263f,0x261e,0x12ce,0x08c4,0x08c4,0x08a3,0x08a3,
  0x0882,0x0862,0x0862,0x0862,0x0862,0x0862,0x0862,0x0862,0x0862,0x0862,0x0862,0x0862,0x0862,0x0862,0x0862,0x0862,
  0x0862,0x0862,0x0862,0x0862,0x0862,0x0862,0x0862,0x0862,0x0862,0x0862,0x0862,0x0862,0x0862,0x0862,0x0862,0x0862,
  0x0862,0x0862,0x0862,0x0862,0x0882,0x0862,0x0862,0x0862,0x0862,0x0862,0x0862,0x0862,0x0862,0x0862,0x0862,0x0862,
  0x0862,0x0862,0x0862,0x0862,0x0862,0x0862,0x0862,0x0862,0x0862,0x0862,0x0862,0x0862,0x0862,0x0862,0x0862,0x0862,
  0x0862,0x0862,0x0862,0x0862,0x0862,0x0862,0x0862,0x0862,0x0862,0x0862,0x0862,0x0862,0x0862,0x0862,0x0862,0x0862,
  0x0862,0x0883,0x0862,0x0862,0x08a3,0x1392,0x263f,0x263f,0x263f,0x263f,0x263f,0x1d5a,0x0967,0x0905,0x08e4,0x08c4,
  0x08a3,0x0882,0x0862,0x0862,0x0862,0x0862,0x0862,0x0862,0x0862,0x0862,0x0862,0x0862,0x0862,0x0862,0x0862,0x0862,
  0x0862,0x0862,0x0862,0x0862,0x0862,0x0862,0x0862,0x0862,0x0862,0x0862,0x0862,0x0862,0x0862,0x0862,0x0862,0x0862,
  0x0862,0x0862,0x0862,0x0862,0x0862,0x0862,0x0862,0x0862,0x0862,0x0862,0x0862,0x0862,0x0862,0x0862,0x0862,0x0862,
  0x0862,0x0862,0x0862,0x0862,0x0882,0x1904,0x4a8a,0x73af,0x8431,0x31c7,0x0862,0x0862,0x0862,0x0862,0x0862,0x0862,
  0x0862,0x0862,0x0862,0x0862,0x0862,0x0862,0x0862,0x1904,0x2966,0x2966,0x2145,0x10c3,0x0862,0x0862,0x0862,0x0862,
  0x0862,0x0862,0x0883,0x0862,0x0882,0x0926,0x1d3a,0x263f,0x263f,0x263f,0x263f,0x261f,0x13f4,0x0967,0x0926,0x0905,
  0x08c4,0x08a3,0x0882,0x0862,0x0862,0x0862,0x0862,0x0862,0x0862,0x0862,0x0862,0x0862,0x0862,0x0862,0x0862,0x0862,
  0x0862,0x0862,0x0862,0x0862,0x0862,0x0862,0x0862,0x0862,0x0862,0x0862,0x0862,0x0862,0x0862,0x0862,0x0862,0x0862,
  0x0862,0x0862,0x0862,0x0883,0x0862,0x0862,0x0862,0x0862,0x0862,0x0862,0x0862,0x0862,0x0862,0x0862,0x0862,0x0862,
  0x0862,0x0862,0x0882,0x2986,0x8c72,0xdefc,0xef9e,0xf7bf,0xef9e,0x5b0c,0x0862,0x0862,0x0862,0x0862,0x0862,0x0862,
  0x0862,0x0862,0x0862,0x0862,0x0862,0x0862,0x2125,0xd6db,0xe73d,0xe73d,0xdf1c,0x94b3,0x0862,0x0862,0x0862,0x0862,
  0x0862,0x0862,0x0862,0x0883,0x0883,0x08c4,0x09e9,0x1dde,0x263f,0x263f,0x263f,0x263f,0x25fe,0x124b,0x0967,0x0926,
  0x0905,0x1125,0x08a3,0x0862,0x0862,0x0862,0x0862,0x0862,0x0862,0x0862,0x0862,0x0862,0x0862,0x0862,0x0862,0x0862,
  0x0862,0x0862,0x0862,0x0862,0x0862,0x0862,0x0862,0x0862,0x0862,0x0862,0x0862,0x0862,0x0862,0x0862,0x0862,0x0862,
  0x0862,0x0862,0x0883,0x0862,0x0862,0x0862,0x0862,0x0862,0x0862,0x0862,0x0862,0x0862,0x0862,0x0862,0x0862,0x0862,
  0x0862,0x0882,0x2986,0xdefc,0xf7df,0xf7df,0xf7df,0xf7df,0xf7bf,0x5b0c,0x0862,0x0862,0x0862,0x0862,0x0862,0x0862,
  0x0862,0x0862,0x0862,0x0862,0x0862,0x0862,0x2966,0xef9e,0xf7df,0xf7df,0xf7bf,0xad76,0x0882,0x0862,0x0862,0x0862,
  0x0862,0x0862,0x0862,0x0883,0x08a3,0x08c4,0x0926,0x1c35,0x263f,0x263f,0x265f,0x265f,0x263f,0x1c14,0x09c9,0x0967,
  0x19a8,0x1967,0x08a3,0x0882,0x0862,0x0862,0x0862,0x0862,0x0862,0x0862,0x0862,0x0862,0x0862,0x0862,0x0862,0x0862,
  0x0862,0x0862,0x0862,0x0862,0x0862,0x0862,0x0862,0x0862,0x0862,0x0862,0x0862,0x0862,0x0862,0x0862,0x0862,0x0862,
  0x0862,0x0882,0x0862,0x0862,0x0862,0x0862,0x0862,0x0862,0x0862,0x0862,0x0862,0x0862,0x0862,0x0862,0x0862,0x0862,
  0x0862,0x31a7,0xdf1c,0xf7df,0xf7df,0xf7df,0xf7df,0xf7df,0xf7bf,0x5b0c,0x0862,0x0862,0x0862,0x0862,0x0862,0x0862,
  0x0862,0x0862,0x0862,0x0862,0x0862,0x0862,0x2966,0xef9e,0xf7df,0xf7df,0xf7bf,0xad76,0x0882,0x0862,0x0862,0x0862,
  0x0862,0x0862,0x0862,0x0882,0x08c4,0x08e4,0x0926,0x09e9,0x1ddd,0x263f,0x569f,0xa73f,0x66bf,0x25fe,0x124b,0x0988,
  0x0926,0x08e4,0x08a3,0x0882,0x0862,0x0862,0x0862,0x0862,0x0862,0x0862,0x0862,0x0862,0x0862,0x0862,0x0862,0x0862,
  0x0862,0x0862,0x0862,0x0862,0x0862,0x0862,0x0862,0x0862,0x0862,0x0862,0x0862,0x0862,0x0862,0x0862,0x0862,0x0862,
  0x0862,0x0882,0x0862,0x0862,0x0862,0x0862,0x0862,0x0862,0x0862,0x0862,0x0862,0x0862,0x0862,0x0862,0x0862,0x0862,
  0x10a3,0x9cf4,0xf7df,0xf7df,0xf7df,0xf7df,0xf7df,0xf7df,0xf7bf,0x5b0c,0x0862,0x0862,0x0862,0x0862,0x0862,0x1904,
  0x9d14,0x6b8e,0x10a3,0x0862,0x0862,0x0862,0x2966,0xef9e,0xf7df,0xf7df,0xf7bf,0xad76,0x0882,0x0862,0x0862,0x0862,
  0x0862,0x0862,0x0862,0x0882,0x08c4,0x0905,0x0926,0x0988,0x1c14,0x263f,0xb75f,0xf7df,0xefbf,0x2e3f,0x1330,0x09a8,
  0x0926,0x08e4,0x08a3,0x0882,0x0862,0x0862,0x0862,0x0862,0x0862,0x0862,0x0862,0x0862,0x0862,0x0862,0x0862,0x0862,
  0x0862,0x0862,0x0862,0x0862,0x0862,0x0862,0x0862,0x0862,0x0862,0x0862,0x0862,0x0862,0x0862,0x0862,0x0862,0x0862,
  0x0883,0x0862,0x0862,0x0862,0x0862,0x0862,0x0862,0x0862,0x0862,0x0862,0x0862,0x0862,0x0862,0x0862,0x0862,0x0862,
  0x31c7,0xef7e,0xf7df,0xf7df,0xf7df,0xf7df,0xf7df,0xf7bf,0xef7e,0x5aec,0x0862,0x0862,0x0862,0x0862,0x10c3,0xbe19,
  0xf7bf,0xef9e,0x73cf,0x10a3,0x0862,0x0862,0x2966,0xef9e,0xf7df,0xf7df,0xf7bf,0xad76,0x0882,0x0862,0x0862,0x0862,
  0x0862,0x0862,0x0862,0x0882,0x08a3,0x0905,0x0926,0x0987,0x126c,0x25fe,0x8f1f,0xe7bf,0xb75f,0x261f,0x12ce,0x0988,
  0x0926,0x08e4,0x08a3,0x0882,0x0862,0x0862,0x0862,0x0862,0x0862,0x0862,0x0862,0x0862,0x0862,0x0862,0x0862,0x0862,
  0x0862,0x0862,0x0862,0x0862,0x0862,0x0862,0x0862,0x0862,0x0862,0x0862,0x0862,0x0862,0x0862,0x0862,0x0862,0x0862,
  0x08a3,0x0862,0x0862,0x0862,0x0862,0x0862,0x0862,0x0862,0x0862,0x0862,0x0862,0x0862,0x0862,0x0862,0x0862,0x0862,
  0x73cf,0xf7bf,0xf7df,0xf7df,0xf7df,0xef7e,0x8c92,0x4a8a,0x3a08,0x18e4,0x0862,0x0862,0x0862,0x2125,0xc639,0xf7bf,
  0xf7df,0xf7df,0xef7e,0x8c72,0x10a3,0x0862,0x2966,0xef9e,0xf7df,0xf7df,0xf7bf,0xad76,0x0882,0x0862,0x0862,0x0862,
  0x0862,0x0862,0x0862,0x0882,0x08a3,0x08e4,0x0926,0x0967,0x09c9,0x1b92,0x25fd,0x3e5f,0x2e1e,0x1c56,0x1a4b,0x0987,
  0x0925,0x08e4,0x08a3,0x0882,0x0862,0x0862,0x0862,0x0862,0x0862,0x0862,0x0862,0x0862,0x0862,0x0862,0x0862,0x0862,
  0x0862,0x0862,0x0862,0x0862,0x0862,0x0862,0x0862,0x0862,0x0862,0x0862,0x0862,0x0862,0x0862,0x0862,0x0862,0x0882,
  0x0862,0x0862,0x0862,0x0862,0x0862,0x0862,0x0862,0x0862,0x0862,0x0862,0x0862,0x0862,0x0862,0x0862,0x0862,0x0862,
  0x9cf4,0xf7df,0xf7df,0xf7df,0xf7df,0x73af,0x10a3,0x0862,0x0862,0x0862,0x0862,0x0862,0x0862,0x2145,0xdf1c,0xf7df,
  0xf7df,0xf7df,0xf7df,0xef9e,0x8431,0x18e4,0x2986,0xef9e,0xf7df,0xf7df,0xf7bf,0xad76,0x0882,0x0862,0x0862,0x0862,
  0x0862,0x0862,0x0862,0x0862,0x0883,0x08c4,0x1146,0x0946,0x0987,0x11e9,0x1b0f,0x1bf4,0x1b51,0x1a6c,0x1a0a,0x1187,
  0x0905,0x08c4,0x0883,0x0862,0x0862,0x0862,0x0862,0x0862,0x0862,0x0862,0x0862,0x0862,0x0862,0x0862,0x0862,0x0862,
  0x0862,0x0862,0x0862,0x0862,0x0862,0x0862,0x0862,0x0862,0x0862,0x0862,0x0862,0x0862,0x0862,0x0862,0x0862,0x0883,
  0x0862,0x0862,0x0862,0x0862,0x0862,0x0862,0x0862,0x0862,0x0862,0x0862,0x0862,0x0862,0x0862,0x0862,0x0862,0x0862,
  0xa535,0xf7df,0xf7df,0xf7df,0xf7bf,0x10c3,0x0862,0x0862,0x0862,0x0862,0x0862,0x0862,0x0862,0x10a3,0x8c92,0xf7df,
  0xf7df,0xf7df,0xf7df,0xf7df,0xf7bf,0x8c92,0x31a7,0xef9e,0xf7df,0xf7df,0xf7bf,0xad76,0x0882,0x0862,0x0862,0x0862,
  0x0862,0x0862,0x0862,0x0862,0x0882,0x08a3,0x08e4,0x0925,0x0926,0x0967,0x11ea,0x1a2a,0x1a0a,0x19ea,0x19c9,0x1188,
  0x08e4,0x08a3,0x0882,0x0862,0x0862,0x0862,0x0862,0x0862,0x0862,0x0862,0x0862,0x0862,0x0862,0x0862,0x0862,0x0862,
  0x0862,0x0862,0x0862,0x0862,0x0862,0x0862,0x0862,0x0862,0x0862,0x0862,0x0862,0x0862,0x0862,0x0862,0x0862,0x0882,
  0x0862,0x0862,0x0862,0x0862,0x0862,0x0862,0x0862,0x0862,0x0862,0x0862,0x0862,0x0862,0x0862,0x0862,0x0862,0x0862,
  0xa535,0xf7df,0xf7df,0xf7df,0xf7df,0x2966,0x0862,0x0862,0x0862,0x0862,0x0862,0x0862,0x0862,0x10c3,0xb5d7,0xf7df,
  0xf7df,0xf7df,0xf7df,0xf7df,0xf7df,0xf7df,0xb5b7,0xf7bf,0xf7df,0xf7df,0xf7bf,0xad76,0x0882,0x0862,0x0862,0x0862,
  0x0862,0x0862,0x0862,0x0862,0x0862,0x0883,0x08a3,0x0905,0x0905,0x0925,0x1187,0x19c9,0x19c9,0x19a8,0x1988,0x1167,
  0x08c4,0x0883,0x0862,0x0862,0x0862,0x0862,0x0862,0x0862,0x0862,0x0862,0x0862,0x0862,0x0862,0x0862,0x0862,0x0862,
  0x0862,0x0862,0x0862,0x0862,0x0862,0x0862,0x0862,0x0862,0x0862,0x0862,0x0862,0x0862,0x0862,0x0862,0x0883,0x0862,
  0x0862,0x0862,0x0862,0x0862,0x0862,0x0862,0x0862,0x0862,0x0862,0x0862,0x0862,0x0862,0x0862,0x0862,0x0862,0x0862,
  0x8c92,0xf7df,0xf7df,0xf7df,0xf7df,0xc659,0x39e8,0x0882,0x0862,0x0862,0x0862,0x0862,0x2125,0x73cf,0xf7bf,0xf7df,
  0xf7df,0xf7df,0xf7df,0xf7df,0xf7df,0xf7df,0xf7df,0xf7df,0xf7df,0xf7df,0xf7bf,0xad76,0x0882,0x0862,0x0862,0x0862,
  0x0862,0x0862,0x0862,0x0862,0x0862,0x0862,0x0883,0x08e4,0x08c4,0x08e4,0x0925,0x1987,0x1987,0x1967,0x1967,0x1946,
  0x08c4,0x0882,0x0862,0x0862,0x0862,0x0862,0x0862,0x0862,0x0862,0x0862,0x0862,0x0862,0x0862,0x0862,0x0862,0x0862,
  0x0862,0x0862,0x0862,0x0862,0x0862,0x0862,0x0862,0x0862,0x0862,0x0862,0x0862,0x0862,0x0862,0x0862,0x0883,0x0862,
  0x0862,0x0862,0x0862,0x0862,0x0862,0x0862,0x0862,0x0862,0x0862,0x0862,0x0862,0x0862,0x0862,0x0862,0x0862,0x0862,
  0x52cb,0xef9e,0xf7df,0xf7df,0xf7df,0xf7bf,0xef9e,0xd6db,0xad96,0xa535,0xa555,0xc659,0xe75d,0xf7bf,0xf7df,0xf7df,
  0xf7df,0xd6bb,0xf7bf,0xf7df,0xf7df,0xf7df,0xf7df,0xf7df,0xf7df,0xf7df,0xf7bf,0xad76,0x0882,0x0862,0x0862,0x0862,
  0x0862,0x0862,0x0862,0x0862,0x0862,0x0862,0x0862,0x08a3,0x08a3,0x08a3,0x08c4,0x1146,0x1946,0x1946,0x1926,0x1925,
  0x10c4,0x0862,0x0862,0x0862,0x0862,0x0862,0x0862,0x0862,0x0862,0x0862,0x0862,0x0862,0x0862,0x0862,0x0862,0x0862,
  0x0862,0x0862,0x0862,0x0862,0x0862,0x0862,0x0862,0x0862,0x0862,0x0862,0x0862,0x0862,0x0862,0x0862,0x0882,0x0862,
  0x0862,0x0862,0x0862,0x0862,0x0862,0x0862,0x0862,0x0862,0x0862,0x0862,0x0862,0x0862,0x0862,0x0862,0x0862,0x0862,
  0x18e4,0xc659,0xf7df,0xf7df,0xf7df,0xf7df,0xf7df,0xf7df,0xf7df,0xf7bf,0xf7bf,0xf7df,0xf7df,0xf7df,0xf7df,0xf7df,
  0xe75d,0x2145,0x8c92,0xef9e,0xf7df,0xf7df,0xf7df,0xf7df,0xf7df,0xf7df,0xf7bf,0xad76,0x0882,0x0862,0x0862,0x0862,
  0x0862,0x0862,0x0862,0x0862,0x0862,0x0862,0x0862,0x0862,0x08a3,0x0882,0x0883,0x10e5,0x1925,0x1925,0x1905,0x1905,
  0x10c4,0x0862,0x0882,0x10a3,0x18e4,0x1904,0x0862,0x0862,0x0862,0x0862,0x0862,0x0862,0x0862,0x0862,0x0862,0x0862,
  0x0862,0x0862,0x0862,0x0862,0x0862,0x0862,0x0862,0x0862,0x0862,0x0862,0x0862,0x0862,0x0862,0x0862,0x0882,0x0862,
  0x0862,0x0862,0x0862,0x0862,0x0862,0x0862,0x0862,0x0862,0x0882,0x0862,0x0862,0x0862,0x0862,0x0862,0x0862,0x0862,
  0x0882,0x5aec,0xef9e,0xf7df,0xf7df,0xf7df,0xf7df,0xf7df,0xf7df,0xf7df,0xf7df,0xf7df,0xf7df,0xf7df,0xf7df,0xf7df,
  0xa555,0x10a3,0x10a3,0x8431,0xef7e,0xf7df,0xf7df,0xf7df,0xf7df,0xf7df,0xf7bf,0xad76,0x0882,0x0862,0x0862,0x0862,
  0x0862,0x0862,0x0862,0x0862,0x0862,0x0862,0x0862,0x0862,0x08a3,0x0862,0x0862,0x10c3,0x1905,0x1905,0x1905,0x1905,
  0x10c4,0x0882,0x426a,0x4acc,0x4aab,0x31c7,0x0862,0x0862,0x0862,0x0862,0x0862,0x0862,0x0862,0x0862,0x0862,0x0862,
  0x0862,0x0862,0x0862,0x0862,0x0862,0x0862,0x0862,0x0862,0x0862,0x0862,0x0862,0x0862,0x0862,0x0862,0x0862,0x0862,
  0x0862,0x0862,0x0862,0x0862,0x0862,0x0862,0x0862,0x426a,0x52cc,0x4aab,0x0862,0x0862,0x0862,0x0862,0x0862,0x0862,
  0x0862,0x10a3,0x7bf0,0xef9e,0xf7df,0xf7df,0xf7df,0xf7df,0xf7df,0xf7df,0xf7df,0xf7df,0xf7df,0xf7df,0xf7bf,0xd6db,
  0x2125,0x0862,0x0862,0x10a3,0x634d,0xef7e,0xf7df,0xf7df,0xf7df,0xf7df,0xf7bf,0xad76,0x0882,0x0862,0x0862,0x0862,
  0x0862,0x0862,0x0862,0x0862,0x0862,0x0862,0x0862,0x0862,0x0883,0x0862,0x0862,0x08a3,0x1905,0x1905,0x1905,0x1905,
  0x10e4,0x0862,0x0862,0x0862,0x0862,0x0862,0x0862,0x0862,0x0862,0x0862,0x0862,0x0862,0x0862,0x0862,0x0862,0x0862,
  0x0862,0x0862,0x0862,0x0862,0x0862,0x0862,0x0862,0x0862,0x0862,0x0862,0x0862,0x0862,0x0862,0x10a3,0x0862,0x0862,
  0x0862,0x0862,0x0862,0x0862,0x0862,0x0862,0x0862,0x424a,0x52cc,0x4a8b,0x0862,0x0862,0x0862,0x0862,0x0862,0x0862,
  0x0862,0x0862,0x0882,0x52ab,0xce7a,0xf7bf,0xf7df,0xf7df,0xf7df,0xf7df,0xf7df,0xf7df,0xf7df,0xef9e,0xa555,0x2966,
  0x0862,0x0862,0x0862,0x0862,0x0882,0x5aec,0xe75d,0xf7df,0xf7df,0xf7df,0xf7bf,0xa555,0x0862,0x0862,0x0862,0x0862,
  0x0862,0x0862,0x0862,0x0862,0x0862,0x0862,0x0862,0x0862,0x0882,0x0862,0x0862,0x0882,0x18e5,0x1905,0x1905,0x1905,
  0x10e4,0x0862,0x0862,0x0862,0x0862,0x0862,0x0862,0x0862,0x0862,0x0862,0x0862,0x0862,0x0862,0x0862,0x0862,0x0862,
  0x0862,0x0862,0x0862,0x0862,0x0862,0x0862,0x0862,0x0862,0x0862,0x0862,0x0862,0x0862,0x0862,0x10a3,0x0862,0x0862,
  0x0862,0x0862,0x0862,0x0862,0x0862,0x0862,0x0862,0x2125,0x1904,0x2145,0x0862,0x0862,0x0862,0x0862,0x0862,0x0862,
  0x0862,0x0862,0x0862,0x0862,0x10a3,0x4a8a,0x94b3,0xb5b7,0xc639,0xc639,0xbe18,0xad96,0x8451,0x3a08,0x0882,0x0862,
  0x0862,0x0862,0x0862,0x0862,0x0862,0x0862,0x4249,0xad96,0xb5d7,0xb5d7,0xb5b7,0x73af,0x0862,0x0862,0x0862,0x0862,
  0x0862,0x0862,0x0862,0x0862,0x0862,0x0862,0x0862,0x0862,0x0882,0x0862,0x0862,0x0882,0x10e5,0x1905,0x1905,0x1905,
  0x10e5,0x0882,0x0862,0x0862,0x0862,0x0862,0x0862,0x0862,0x0862,0x0862,0x0862,0x0862,0x0862,0x0862,0x0862,0x0862,
  0x0862,0x0862,0x0862,0x0862,0x0862,0x0862,0x0862,0x0862,0x0862,0x0862,0x0862,0x0862,0x0862,0x10a3,0x0862,0x0862,
  0x0862,0x0862,0x0862,0x0862,0x0862,0x0862,0x0862,0x31e8,0x530d,0x5b2d,0x0862,0x0862,0x0862,0x0862,0x0862,0x0862,
  0x0862,0x0862,0x0862,0x0862,0x0862,0x0862,0x0882,0x10a3,0x10a3,0x10a3,0x10a3,0x10a3,0x0882,0x0862,0x0862,0x0862,
  0x0862,0x0862,0x0862,0x0862,0x0862,0x0862,0x0862,0x0882,0x10a3,0x10a3,0x10a3,0x0882,0x0862,0x0862,0x0862,0x0862,
  0x0862,0x0862,0x0862,0x0862,0x0862,0x0862,0x0862,0x0862,0x0882,0x0862,0x0862,0x0882,0x10e5,0x1905,0x1905,0x1905,
  0x10e5,0x0882,0x0862,0x0862,0x0862,0x0862,0x0862,0x0862,0x0862,0x0862,0x0862,0x0862,0x0862,0x0862,0x0862,0x0862,
  0x0862,0x0862,0x0862,0x0862,0x0862,0x0862,0x0862,0x0862,0x0862,0x0862,0x0862,0x0862,0x0862,0x10a3,0x0862,0x0862,
  0x0862,0x0862,0x0862,0x0862,0x0862,0x0862,0x0862,0x3a29,0x5b2d,0x52ec,0x0862,0x0862,0x0862,0x0862,0x0862,0x0862,
  0x0862,0x0862,0x0862,0x0862,0x0862,0x0862,0x0862,0x0862,0x0862,0x0862,0x0862,0x0862,0x0862,0x0862,0x0862,0x0862,
  0x0862,0x0862,0x0862,0x0862,0x0862,0x0862,0x0862,0x0862,0x0862,0x0862,0x0862,0x0862,0x0862,0x0862,0x0862,0x0862,
  0x0862,0x0862,0x0862,0x0862,0x0862,0x0862,0x0862,0x0862,0x0882,0x0862,0x0862,0x0882,0x10e5,0x1905,0x1905,0x1905,
  0x10e5,0x0883,0x0862,0x0862,0x0862,0x0862,0x0862,0x0862,0x0862,0x0862,0x0862,0x0862,0x0862,0x0862,0x0862,0x0862,
  0x0862,0x0862,0x0862,0x0862,0x0862,0x0862,0x0862,0x0862,0x0862,0x0862,0x0862,0x0862,0x0862,0x10a3,0x0862,0x0862,
  0x0862,0x0862,0x0862,0x0862,0x0862,0x0862,0x0862,0x2146,0x1904,0x10a3,0x0862,0x0862,0x0862,0x0862,0x0862,0x0862,
  0x0862,0x0862,0x0862,0x0862,0x0862,0x0862,0x0862,0x0862,0x0862,0x0862,0x0862,0x0862,0x0862,0x0862,0x0862,0x0862,
  0x0862,0x0862,0x0862,0x0862,0x0862,0x0862,0x0862,0x0862,0x0862,0x0862,0x0862,0x0862,0x0862,0x0862,0x0862,0x0862,
  0x0862,0x0862,0x0862,0x0862,0x0862,0x0862,0x0862,0x0862,0x0882,0x0862,0x0862,0x0882,0x10e5,0x1905,0x1905,0x1905,
  0x10e5,0x0883,0x0862,0x0862,0x0862,0x0862,0x0862,0x0862,0x0862,0x0862,0x0862,0x0862,0x0862,0x0862,0x0862,0x0862,
  0x0862,0x0862,0x0862,0x0862,0x0862,0x0862,0x0862,0x0862,0x0862,0x0862,0x0862,0x0862,0x0862,0x10a3,0x0862,0x0862,
  0x0862,0x0862,0x0862,0x0862,0x0862,0x0862,0x0862,0x2145,0x52ec,0x426a,0x0862,0x0862,0x0862,0x0862,0x0862,0x0862,
  0x0862,0x0862,0x0862,0x0862,0x0862,0x0862,0x0882,0x0882,0x0862,0x0862,0x0862,0x0882,0x10a3,0x10a3,0x10a3,0x10a3,
  0x10a3,0x10a3,0x10a3,0x10a3,0x10a3,0x10a3,0x10a3,0x10a3,0x10a3,0x10a3,0x10a3,0x0882,0x0862,0x0862,0x0862,0x0862,
  0x0862,0x0862,0x0862,0x0862,0x0862,0x0862,0x0862,0x0862,0x0882,0x0862,0x0862,0x0882,0x10e5,0x1905,0x1905,0x1905,
  0x10e5,0x0882,0x0862,0x0862,0x0862,0x0862,0x0862,0x0862,0x0862,0x0862,0x0862,0x0862,0x0862,0x0862,0x0862,0x0862,
  0x0862,0x0862,0x0862,0x0862,0x0862,0x0862,0x0862,0x0862,0x0862,0x0862,0x0862,0x0862,0x0862,0x10a3,0x0862,0x0862,
  0x0862,0x0862,0x0862,0x0862,0x0862,0x0862,0x0862,0x2125,0x2166,0x29a7,0x0862,0x0862,0x0862,0x0862,0x0862,0x0862,
  0x0862,0x0862,0x0862,0x0862,0x10a3,0x4a6a,0x8c92,0xa535,0x10c3,0x0862,0x0862,0x94d3,0xb5b7,0xb5d7,0xb5d7,0xb5d7,
  0xb5d7,0xb5d7,0xb5d7,0xb5d7,0xb5d7,0xb5d7,0xb5d7,0xb5d7,0xb5d7,0xb5d7,0xb5b7,0x73af,0x0862,0x0862,0x0862,0x0862,
  0x0862,0x0862,0x0862,0x0862,0x0862,0x0862,0x0862,0x0862,0x0882,0x0862,0x0862,0x0882,0x10e5,0x1905,0x1905,0x1905,
  0x10e5,0x0882,0x0862,0x0862,0x0862,0x0862,0x0862,0x0862,0x0862,0x0862,0x0862,0x0862,0x0862,0x0862,0x0862,0x0862,
  0x0862,0x0862,0x0862,0x0862,0x0862,0x0862,0x0862,0x0862,0x0862,0x0862,0x0862,0x0862,0x0862,0x10a3,0x0862,0x0862,
  0x0862,0x0862,0x0862,0x0862,0x0862,0x0862,0x0862,0x31c7,0x530d,0x3208,0x0862,0x0862,0x0862,0x0862,0x0862,0x0862,
  0x0862,0x0862,0x0882,0x52cb,0xce7a,0xf7bf,0xf7df,0xef7e,0x1904,0x0862,0x0862,0xe73d,0xf7df,0xf7df,0xf7df,0xf7df,
  0xf7df,0xf7df,0xf7df,0xf7df,0xf7df,0xf7df,0xf7df,0xf7df,0xf7df,0xf7df,0xf7bf,0xa555,0x0862,0x0862,0x0862,0x0862,
  0x0862,0x0862,0x0862,0x0862,0x0862,0x0862,0x0862,0x0862,0x0882,0x0862,0x0862,0x0882,0x18e5,0x1905,0x1905,0x1905,
  0x10e4,0x0862,0x0862,0x0862,0x0862,0x0862,0x0862,0x0862,0x0862,0x0862,0x0862,0x0862,0x0862,0x0862,0x0862,0x0862,
  0x0862,0x0862,0x0862,0x0862,0x0862,0x0862,0x0862,0x0862,0x0862,0x0862,0x0862,0x0862,0x0862,0x0862,0x0862,0x0862,
  0x0862,0x0862,0x0862,0x0862,0x0862,0x0862,0x0862,0x3a09,0x428b,0x426a,0x0862,0x0862,0x0862,0x0862,0x0862,0x0862,
  0x0862,0x10a3,0x73cf,0xef9e,0xf7df,0xf7df,0xf7df,0xef7e,0x1904,0x0862,0x0862,0xe73d,0xf7df,0xf7df,0xf7df,0xf7df,
  0xf7df,0xf7df,0xf7df,0xf7df,0xf7df,0xf7df,0xf7df,0xf7df,0xf7df,0xf7df,0xf7bf,0xad76,0x0882,0x0862,0x0862,0x0862,
  0x0862,0x0862,0x0862,0x0862,0x0862,0x0862,0x0862,0x0862,0x0883,0x0862,0x0862,0x0883,0x1905,0x1905,0x1905,0x1905,
  0x10e4,0x0862,0x0862,0x0862,0x0862,0x0862,0x0862,0x0862,0x0862,0x0862,0x0862,0x0862,0x0862,0x0862,0x0862,0x0862,
  0x0862,0x0862,0x0862,0x0862,0x0862,0x0862,0x0862,0x0862,0x0862,0x0862,0x0862,0x0862,0x0862,0x0862,0x0882,0x0862,
  0x0862,0x0862,0x0862,0x0862,0x0862,0x0862,0x0862,0x0862,0x0882,0x0862,0x0862,0x0862,0x0862,0x0862,0x0862,0x0862,
  0x0862,0x52ab,0xef7e,0xf7df,0xf7df,0xf7df,0xf7df,0xef7e,0x1904,0x0862,0x0862,0xe73d,0xf7df,0xf7df,0xf7df,0xf7df,
  0xf7df,0xf7df,0xf7df,0xf7df,0xf7df,0xf7df,0xf7df,0xf7df,0xf7df,0xf7df,0xf7bf,0xad76,0x0882,0x0862,0x0862,0x0862,
  0x0862,0x0862,0x0862,0x0862,0x0862,0x0862,0x0862,0x0862,0x08a3,0x0862,0x0862,0x10a3,0x1905,0x1905,0x1905,0x1905,
  0x10c4,0x0862,0x0862,0x10a3,0x2166,0x18e4,0x0862,0x0862,0x0862,0x0862,0x0862,0x0862,0x0862,0x0862,0x0862,0x0862,
  0x0862,0x0862,0x0862,0x0862,0x0862,0x0862,0x0862,0x0862,0x0862,0x0862,0x0862,0x0862,0x0862,0x0862,0x0882,0x0862,
  0x0862,0x0862,0x0862,0x0862,0x0862,0x0862,0x0862,0x0862,0x0862,0x0862,0x0862,0x0862,0x0862,0x0862,0x0862,0x0862,
  0x10c3,0xbe18,0xf7df,0xf7df,0xf7df,0xf7df,0xf7df,0xef7e,0x1904,0x0862,0x0862,0xe73d,0xf7df,0xf7df,0xf7df,0xf7df,
  0xf7df,0xf7df,0xf7df,0xf7df,0xf7df,0xf7df,0xf7df,0xf7df,0xf7df,0xf7df,0xf7bf,0xad76,0x0882,0x0862,0x0862,0x0862,
  0x0862,0x0862,0x0862,0x0862,0x0862,0x0862,0x0862,0x0862,0x0883,0x0862,0x0862,0x10c4,0x1905,0x1905,0x1905,0x1905,
  0x10c4,0x0862,0x0862,0x0862,0x0882,0x0882,0x0862,0x0862,0x0862,0x0862,0x0862,0x0862,0x0862,0x0862,0x0862,0x0862,
  0x0862,0x0862,0x0862,0x0862,0x0862,0x0862,0x0862,0x0862,0x0862,0x0862,0x0862,0x0862,0x0862,0x0862,0x0883,0x0862,
  0x0862,0x0862,0x0862,0x0862,0x0862,0x0862,0x0862,0x0862,0x0862,0x0862,0x0862,0x0862,0x0862,0x0862,0x0862,0x0862,
  0x4a8a,0xef9e,0xf7df,0xf7df,0xf7df,0xf7df,0xf7bf,0xdf1c,0x18e4,0x0862,0x0862,0xd6db,0xf7bf,0xf7df,0xf7df,0xf7df,
  0xf7bf,0xe73d,0xdf1c,0xdf1c,0xdf1c,0xdf1c,0xe73d,0xf7df,0xf7df,0xf7df,0xf7bf,0xad76,0x0882,0x0862,0x0862,0x0862,
  0x0862,0x0862,0x0862,0x0862,0x0862,0x0862,0x0862,0x0883,0x0862,0x0862,0x0862,0x10e4,0x1905,0x1905,0x1905,0x1905,
  0x10a3,0x0862,0x0862,0x0862,0x0862,0x0862,0x0862,0x0862,0x0862,0x0862,0x0862,0x0862,0x0862,0x0862,0x0862,0x0862,
  0x0862,0x0862,0x0862,0x0862,0x0862,0x0862,0x0862,0x0862,0x0862,0x0862,0x0862,0x0862,0x0862,0x0862,0x0883,0x0862,
  0x0862,0x0862,0x0862,0x0862,0x0862,0x0862,0x0862,0x0862,0x0862,0x0862,0x0862,0x0862,0x0862,0x0862,0x0862,0x0862,
  0x8c72,0xf7bf,0xf7df,0xf7df,0xf7df,0xdf1c,0x5aec,0x2125,0x0862,0x0862,0x0862,0x2145,0xa555,0xf7df,0xf7df,0xf7df,
  0xdf1c,0x2125,0x10c3,0x10a3,0x10a3,0x10c3,0x31c7,0xef9e,0xf7df,0xf7df,0xf7bf,0xad76,0x0882,0x0862,0x0862,0x0862,
  0x0862,0x0862,0x0862,0x0862,0x0862,0x0862,0x0862,0x08a3,0x0862,0x0862,0x0883,0x10e5,0x1905,0x1905,0x1905,0x1905,
  0x0883,0x0862,0x0862,0x0862,0x0862,0x0862,0x0862,0x0862,0x0862,0x0862,0x0862,0x0862,0x0862,0x0862,0x0862,0x0862,
  0x0862,0x0862,0x0862,0x0862,0x0862,0x0862,0x0862,0x0862,0x0862,0x0862,0x0862,0x0862,0x0862,0x0862,0x0862,0x0882,
  0x0862,0x0862,0x0862,0x0862,0x0862,0x0862,0x0862,0x0862,0x0862,0x0862,0x0862,0x0862,0x0862,0x0862,0x0862,0x0862,
  0x9d14,0xf7df,0xf7df,0xf7df,0xf7df,0x3a08,0x0882,0x0862,0x0862,0x0862,0x0862,0x0862,0x2966,0xe75d,0xf7df,0xf7df,
  0xf7df,0x7bf0,0x0882,0x0862,0x0862,0x0862,0x2966,0xef9e,0xf7df,0xf7df,0xf7bf,0xad76,0x0882,0x0862,0x0862,0x0862,
  0x0862,0x0862,0x0862,0x0862,0x0862,0x0862,0x0862,0x0882,0x0862,0x0862,0x10a3,0x1905,0x1905,0x1905,0x1905,0x10e5,
  0x0862,0x0862,0x0862,0x0862,0x0862,0x0862,0x0862,0x0862,0x0862,0x0862,0x0862,0x0862,0x0862,0x0862,0x0862,0x0862,
  0x0862,0x0862,0x0862,0x0862,0x0862,0x0862,0x0862,0x0862,0x0862,0x0862,0x0862,0x0862,0x0862,0x0862,0x0862,0x0883,
  0x0862,0x0862,0x0862,0x0862,0x0862,0x0862,0x0862,0x0862,0x0862,0x0862,0x0862,0x0862,0x0862,0x0862,0x0862,0x0862,
  0xa535,0xf7df,0xf7df,0xf7df,0xf7bf,0x10c3,0x0862,0x0862,0x0862,0x0862,0x0862,0x0862,0x18e4,0xdefc,0xf7df,0xf7df,
  0xf7df,0xd6bb,0x10a3,0x0862,0x0862,0x0862,0x2966,0xef9e,0xf7df,0xf7df,0xf7bf,0xad76,0x0882,0x0862,0x0862,0x0862,
  0x0862,0x0862,0x0862,0x0862,0x0862,0x0862,0x0862,0x0882,0x0862,0x0862,0x10c4,0x1905,0x1905,0x1905,0x1905,0x10e4,
  0x0862,0x0862,0x0862,0x0862,0x0862,0x0862,0x0862,0x0862,0x0862,0x0862,0x0862,0x0862,0x0862,0x0862,0x0862,0x0862,
  0x0862,0x0862,0x0862,0x0862,0x0862,0x0862,0x0862,0x0862,0x0862,0x0862,0x0862,0x0862,0x0862,0x0862,0x0862,0x0882,
  0x0862,0x0862,0x0862,0x0862,0x0862,0x0862,0x0862,0x0862,0x0862,0x0862,0x0862,0x0862,0x0862,0x0862,0x0862,0x0862,
  0x9d14,0xf7df,0xf7df,0xf7df,0xf7df,0x632d,0x0882,0x0862,0x0862,0x0862,0x0862,0x0862,0x4229,0xef7e,0xf7df,0xf7df,
  0xf7df,0xe73d,0x10a3,0x0862,0x0862,0x0862,0x2966,0xef9e,0xf7df,0xf7df,0xf7bf,0xad76,0x0882,0x0862,0x0862,0x0862,
  0x0862,0x0862,0x0862,0x0862,0x0862,0x0862,0x10a3,0x0862,0x0862,0x0862,0x10e4,0x1905,0x1905,0x1905,0x1905,0x08a3,
  0x0862,0x0862,0x0862,0x0862,0x0862,0x0862,0x0862,0x0862,0x0862,0x0862,0x0862,0x0862,0x0862,0x0862,0x0862,0x0862,
  0x0862,0x0862,0x0862,0x0862,0x0862,0x0862,0x0862,0x0862,0x0862,0x0862,0x0862,0x0862,0x0862,0x0862,0x0862,0x0862,
  0x08a3,0x0862,0x0862,0x0862,0x0862,0x0862,0x0862,0x0862,0x0862,0x0862,0x0862,0x0862,0x0862,0x0862,0x0862,0x0862,
  0x8431,0xf7bf,0xf7df,0xf7df,0xf7df,0xe75d,0x73cf,0x3a08,0x2966,0x2966,0x31c7,0x52cb,0xce7a,0xf7df,0xf7df,0xf7df,
  0xf7df,0xdefc,0x10a3,0x0862,0x0862,0x0862,0x2966,0xef9e,0xf7df,0xf7df,0xf7bf,0xad76,0x0882,0x0862,0x0862,0x0862,
  0x0862,0x0862,0x0862,0x0862,0x0862,0x0862,0x0882,0x0862,0x0862,0x10c4,0x1905,0x1905,0x1905,0x1905,0x10e4,0x0862,
  0x0862,0x0862,0x0862,0x0862,0x0862,0x0862,0x0862,0x0862,0x0862,0x0862,0x0862,0x0862,0x0862,0x0862,0x0862,0x0862,
  0x0862,0x0862,0x0862,0x0862,0x0862,0x0862,0x0862,0x0862,0x0862,0x0862,0x0862,0x0862,0x0862,0x0862,0x0862,0x0862,
  0x0883,0x0862,0x0862,0x0862,0x0862,0x0862,0x0862,0x0862,0x0862,0x0862,0x0862,0x0862,0x0862,0x0862,0x0862,0x0862,
  0x4a6a,0xef9e,0xf7df,0xf7df,0xf7df,0xf7df,0xf7df,0xef9e,0xef7e,0xef7e,0xef9e,0xf7bf,0xf7df,0xf7df,0xf7df,0xf7df,
  0xf7df,0xb5b7,0x10a3,0x0862,0x0862,0x0862,0x2966,0xef9e,0xf7df,0xf7df,0xf7bf,0xad76,0x0882,0x0862,0x0862,0x0862,
  0x0862,0x0862,0x0862,0x0862,0x0862,0x0882,0x0862,0x0862,0x0862,0x10e5,0x1905,0x1905,0x1905,0x1905,0x10c4,0x0862,
  0x0862,0x0862,0x0862,0x0862,0x0862,0x0862,0x0862,0x0862,0x0862,0x0862,0x0862,0x0862,0x0862,0x0862,0x0862,0x0862,
  0x0862,0x0862,0x0862,0x0862,0x0862,0x0862,0x0862,0x0862,0x0862,0x0862,0x0862,0x0862,0x0862,0x0862,0x0862,0x0862,
  0x0862,0x0882,0x0862,0x0862,0x0862,0x0862,0x0862,0x0862,0x0862,0x0862,0x0862,0x0862,0x0862,0x0862,0x0862,0x0862,
  0x10c3,0xbdf8,0xf7df,0xf7df,0xf7df,0xf7df,0xf7df,0xf7df,0xf7df,0xf7df,0xf7df,0xf7df,0xf7df,0xf7df,0xf7df,0xf7df,
  0xf7df,0x4249,0x0862,0x0862,0x0862,0x0862,0x2966,0xef9e,0xf7df,0xf7df,0xf7bf,0xad76,0x0882,0x0862,0x0862,0x0862,
  0x0862,0x0862,0x0862,0x0862,0x0862,0x0882,0x0862,0x0862,0x08a3,0x1905,0x1905,0x1905,0x1905,0x1905,0x08a3,0x0862,
  0x0862,0x0862,0x0862,0x0862,0x0862,0x0862,0x0862,0x0862,0x0862,0x0862,0x0862,0x0862,0x0862,0x0862,0x0862,0x0862,
  0x0862,0x0862,0x0862,0x0862,0x0862,0x0862,0x0862,0x0862,0x0862,0x0862,0x0862,0x0862,0x0862,0x0862,0x0862,0x0862,
  0x0862,0x0882,0x0862,0x0862,0x0862,0x0862,0x0862,0x0862,0x0862,0x0862,0x0862,0x0862,0x0862,0x0862,0x0862,0x0862,
  0x0862,0x4a6a,0xef9e,0xf7df,0xf7df,0xf7df,0xf7df,0xf7df,0xf7df,0xf7df,0xf7df,0xf7df,0xf7df,0xf7df,0xf7df,0xf7df,
  0xbdf8,0x10a3,0x0862,0x0862,0x0862,0x0862,0x2966,0xef9e,0xf7df,0xf7df,0xf7bf,0xad76,0x0882,0x0862,0x0862,0x0862,
  0x0862,0x0862,0x0862,0x0862,0x0882,0x0862,0x0862,0x0862,0x10e4,0x1905,0x1905,0x1905,0x1905,0x10e4,0x0862,0x2966,
  0x10a3,0x0862,0x0862,0x0862,0x0862,0x0862,0x0862,0x0862,0x0862,0x0862,0x0862,0x0862,0x0862,0x0862,0x0862,0x0862,
  0x0862,0x0862,0x0862,0x0862,0x0862,0x0862,0x0862,0x0862,0x0862,0x0862,0x0862,0x0862,0x0862,0x0862,0x0862,0x0862,
  0x0862,0x0862,0x0883,0x0862,0x0862,0x0862,0x0862,0x0862,0x0862,0x0862,0x0862,0x0862,0x0862,0x0862,0x0862,0x0862,
  0x0862,0x0882,0x632d,0xef7e,0xf7df,0xf7df,0xf7df,0xf7df,0xf7df,0xf7df,0xf7df,0xf7df,0xf7df,0xf7df,0xf7bf,0xd6db,
  0x2145,0x0862,0x0862,0x0862,0x0862,0x0862,0x2966,0xef9e,0xf7df,0xf7df,0xf7bf,0xad76,0x0882,0x0862,0x0862,0x0862,
  0x0862,0x0862,0x0862,0x0862,0x0862,0x0862,0x0862,0x10a3,0x1905,0x1905,0x1905,0x1905,0x18e5,0x08a3,0x0862,0x2966,
  0x638f,0x3208,0x0882,0x0862,0x0862,0x0862,0x0862,0x0862,0x0862,0x0862,0x0862,0x0862,0x0862,0x0862,0x0862,0x0862,
  0x0862,0x0862,0x0862,0x0862,0x0862,0x0862,0x0862,0x0862,0x0862,0x0862,0x0862,0x0862,0x0862,0x0862,0x0862,0x0862,
  0x0862,0x0862,0x0862,0x0883,0x0862,0x0862,0x0862,0x0862,0x0862,0x0862,0x0862,0x0862,0x0862,0x0862,0x0862,0x0862,
  0x0862,0x0862,0x0882,0x4249,0xad96,0xef7e,0xf7bf,0xf7df,0xf7df,0xf7df,0xf7df,0xf7df,0xef9e,0xdefc,0x8451,0x2966,
  0x0862,0x0862,0x0862,0x0862,0x0862,0x0862,0x2125,0xd6db,0xe73d,0xe73d,0xdf1c,0x94d3,0x0862,0x0862,0x0862,0x0862,
  0x0862,0x0862,0x0862,0x0882,0x0862,0x0862,0x0882,0x10e4,0x1905,0x1905,0x1905,0x1905,0x10e4,0x0862,0x0862,0x0862,
  0x10a3,0x2166,0x10e4,0x0862,0x0862,0x0862,0x0862,0x0862,0x0862,0x0862,0x0862,0x0862,0x0862,0x0862,0x0862,0x0862,
  0x0862,0x0862,0x0862,0x0862,0x0862,0x0862,0x0862,0x0862,0x0862,0x0862,0x0862,0x0862,0x0862,0x0862,0x0862,0x0862,
  0x0862,0x0862,0x0862,0x0862,0x0862,0x0862,0x0862,0x0862,0x0862,0x0862,0x0862,0x0862,0x0862,0x0862,0x0862,0x0862,
  0x0862,0x0862,0x0862,0x0862,0x10c3,0x3a08,0x73cf,0x9cf4,0xad76,0xad76,0xa535,0x8c72,0x5b0c,0x2145,0x0882,0x0862,
  0x0862,0x0862,0x0862,0x0862,0x0862,0x0862,0x0862,0x2125,0x2966,0x2966,0x2166,0x18e4,0x0862,0x0862,0x0862,0x0862,
  0x0862,0x0862,0x0882,0x0862,0x0862,0x0862,0x10e4,0x1905,0x1905,0x1905,0x1905,0x10e5,0x08a3,0x0862,0x0862,0x0862,
  0x0862,0x0862,0x0862,0x0862,0x0862,0x0862,0x0862,0x0862,0x0862,0x0862,0x0862,0x0862,0x0862,0x0862,0x0862,0x0862,
  0x0862,0x0862,0x0862,0x0862,0x0862,0x0862,0x0862,0x0862,0x0862,0x0862,0x0862,0x0862,0x0862,0x0862,0x0862,0x0862,
  0x0862,0x0862,0x0862,0x0862,0x0882,0x0862,0x0862,0x0862,0x0862,0x0862,0x0862,0x0862,0x0862,0x0862,0x0862,0x0862,
  0x0862,0x0862,0x0862,0x0862,0x0862,0x0862,0x0862,0x0862,0x0862,0x0882,0x0862,0x0862,0x0862,0x0862,0x0862,0x0862,
  0x0862,0x0862,0x0862,0x0862,0x0862,0x0862,0x0862,0x0862,0x0862,0x0862,0x0862,0x0862,0x0862,0x0862,0x0862,0x0862,
  0x0862,0x0883,0x0862,0x0862,0x0862,0x10a3,0x1905,0x1905,0x1905,0x1905,0x1905,0x10e4,0x0862,0x0862,0x0862,0x0862,
  0x0862,0x0862,0x0862,0x0862,0x0862,0x0862,0x0862,0x0862,0x0862,0x0862,0x0862,0x0862,0x0862,0x0862,0x0862,0x0862,
  0x0862,0x0862,0x0862,0x0862,0x0862,0x0862,0x0862,0x0862,0x0862,0x0862,0x0862,0x0862,0x0862,0x0862,0x0862,0x0862,
  0x0862,0x0862,0x0862,0x0862,0x0862,0x0882,0x0862,0x0862,0x0862,0x0862,0x0862,0x0862,0x0862,0x0862,0x0862,0x0862,
  0x0862,0x0862,0x0862,0x0862,0x0862,0x0862,0x0862,0x0862,0x0862,0x0862,0x0862,0x0862,0x0862,0x0862,0x0862,0x0862,
  0x0862,0x0862,0x0862,0x0862,0x0862,0x0862,0x0862,0x0862,0x0862,0x0862,0x0862,0x0862,0x0862,0x0862,0x0862,0x0862,
  0x08a3,0x0862,0x0862,0x0862,0x0883,0x10e5,0x1905,0x1905,0x1905,0x1905,0x10e5,0x0882,0x0862,0x0862,0x0862,0x0862,
  0x0862,0x0862,0x0862,0x0862,0x0862,0x0862,0x0862,0x0862,0x0862,0x0862,0x18e4,0x424a,0x18e4,0x0862,0x0862,0x0862,
  0x0862,0x0862,0x0862,0x0862,0x0862,0x0862,0x0862,0x0862,0x0862,0x0862,0x0862,0x0862,0x0862,0x0862,0x0862,0x0862,
  0x0862,0x0862,0x0862,0x0862,0x0862,0x0862,0x0883,0x0862,0x0862,0x0862,0x0862,0x0862,0x0862,0x0862,0x0862,0x0862,
  0x0862,0x0862,0x0862,0x0862,0x0862,0x0862,0x0862,0x0862,0x0862,0x0862,0x0862,0x0862,0x0862,0x0862,0x0862,0x0862,
  0x0862,0x0862,0x0862,0x0862,0x0862,0x0862,0x0862,0x0862,0x0862,0x0862,0x0862,0x0862,0x0862,0x0862,0x0862,0x0882,
  0x0862,0x0862,0x0862,0x0882,0x10e4,0x1905,0x1905,0x1905,0x1905,0x1905,0x10a3,0x0862,0x0862,0x0862,0x0862,0x0862,
  0x0862,0x0862,0x0862,0x0862,0x0862,0x0862,0x0862,0x0862,0x0862,0x0862,0x18e4,0x424a,0x18e4,0x0862,0x0862,0x0862,
  0x0862,0x0862,0x0862,0x0862,0x0862,0x0862,0x0862,0x0862,0x0862,0x0862,0x0862,0x0862,0x0862,0x0862,0x0862,0x0862,
  0x0862,0x10a3,0x10c4,0x0882,0x0862,0x0862,0x0862,0x0882,0x0862,0x0862,0x0862,0x0862,0x0862,0x0862,0x0862,0x0862,
  0x0862,0x0862,0x0862,0x0862,0x0862,0x0862,0x0862,0x0862,0x0862,0x0862,0x0862,0x0862,0x0862,0x0862,0x0862,0x0862,
  0x0862,0x0862,0x0862,0x0862,0x0862,0x0862,0x0862,0x0862,0x0862,0x0862,0x0862,0x0862,0x0862,0x0862,0x0883,0x0862,
  0x0862,0x0862,0x0882,0x10e5,0x1905,0x1905,0x1905,0x1905,0x1905,0x10e4,0x0862,0x0862,0x0862,0x0862,0x0862,0x0862,
  0x0862,0x0862,0x0862,0x0862,0x0862,0x0862,0x0862,0x0862,0x0862,0x0862,0x0862,0x0862,0x0862,0x0862,0x0862,0x0862,
  0x0862,0x0862,0x0862,0x0862,0x0862,0x0862,0x0862,0x0862,0x0862,0x0862,0x0862,0x0862,0x0862,0x0862,0x0862,0x0862,
  0x10e4,0x18e5,0x1905,0x10e4,0x10a3,0x0862,0x0862,0x0862,0x0862,0x0883,0x0862,0x0862,0x0862,0x0862,0x0862,0x0862,
  0x0862,0x0862,0x0862,0x0862,0x0862,0x0862,0x0862,0x0862,0x0862,0x0862,0x0862,0x0862,0x0862,0x0862,0x0862,0x0862,
  0x0862,0x0862,0x0862,0x0862,0x0862,0x0862,0x0862,0x0862,0x0862,0x0862,0x0862,0x0862,0x0862,0x0882,0x0862,0x0862,
  0x0862,0x0882,0x10e4,0x1905,0x1905,0x1905,0x1905,0x1905,0x10e4,0x0862,0x0862,0x0862,0x0862,0x0862,0x0862,0x0862,
  0x0862,0x0862,0x0862,0x0862,0x0862,0x0862,0x0862,0x0862,0x0862,0x0862,0x0862,0x0862,0x0862,0x0862,0x0862,0x0862,
  0x0862,0x0862,0x0862,0x0862,0x0862,0x0862,0x0862,0x0862,0x0862,0x0862,0x0862,0x0862,0x0862,0x0862,0x0862,0x0883,
  0x1905,0x1905,0x1905,0x1905,0x10e5,0x10a3,0x0862,0x0862,0x0862,0x0862,0x0882,0x0862,0x0862,0x0862,0x0862,0x0862,
  0x0862,0x0862,0x0862,0x0862,0x0862,0x0862,0x0862,0x0862,0x0862,0x0862,0x0862,0x0862,0x0862,0x0862,0x0862,0x0862,
  0x0862,0x0862,0x0862,0x0862,0x0862,0x0862,0x0862,0x0862,0x0862,0x0862,0x0862,0x0882,0x0882,0x0862,0x0862,0x0862,
  0x0882,0x10e4,0x1905,0x1905,0x1905,0x1905,0x1905,0x10e4,0x0883,0x0862,0x0862,0x0862,0x0862,0x0862,0x0862,0x0862,
  0x0862,0x0862,0x0862,0x0862,0x0862,0x0862,0x0862,0x0862,0x0862,0x0862,0x0946,0x13d3,0x0946,0x0862,0x0862,0x0862,
  0x0862,0x0862,0x0862,0x0862,0x0862,0x0862,0x0862,0x0862,0x0862,0x0862,0x0862,0x0862,0x0862,0x0862,0x0862,0x08a3,
  0x1905,0x1905,0x1905,0x1905,0x1905,0x10e5,0x10c4,0x0862,0x0862,0x0862,0x0862,0x0882,0x0883,0x0862,0x0862,0x0862,
  0x0862,0x0862,0x0862,0x0862,0x0862,0x0862,0x0862,0x0862,0x0862,0x0862,0x0862,0x0862,0x0862,0x0862,0x0862,0x0862,
  0x0862,0x0862,0x0862,0x0862,0x0862,0x0862,0x0862,0x0862,0x0862,0x0862,0x10a3,0x0862,0x0862,0x0862,0x0862,0x0883,
  0x10e5,0x1905,0x1905,0x1905,0x1905,0x1905,0x10e5,0x08a3,0x0862,0x0862,0x0862,0x0862,0x0862,0x0862,0x0862,0x0862,
  0x0862,0x0862,0x0862,0x0862,0x0862,0x0862,0x0862,0x0862,0x0862,0x0862,0x126c,0x261e,0x126c,0x0862,0x0862,0x0862,
  0x0862,0x0862,0x0862,0x0862,0x0862,0x0862,0x0862,0x0862,0x0862,0x0862,0x0862,0x0862,0x0862,0x0862,0x0862,0x0862,
  0x10e4,0x1905,0x1905,0x1905,0x1905,0x1905,0x1905,0x10e4,0x0882,0x0862,0x0862,0x0862,0x0862,0x0882,0x0883,0x0862,
  0x0862,0x0862,0x0862,0x0862,0x0862,0x0862,0x0862,0x0862,0x0862,0x0862,0x0862,0x0862,0x0862,0x0862,0x0862,0x0862,
  0x0862,0x0862,0x0862,0x0862,0x0862,0x0862,0x0862,0x0882,0x0883,0x0862,0x0862,0x0862,0x0862,0x0862,0x10c3,0x10e5,
  0x1905,0x1905,0x1905,0x1905,0x1905,0x10e5,0x08a3,0x0862,0x0862,0x0862,0x10c3,0x2146,0x0862,0x0862,0x0862,0x0862,
  0x0862,0x0862,0x0862,0x0862,0x0862,0x0862,0x0862,0x0862,0x0862,0x0862,0x128c,0x261f,0x126c,0x0862,0x0862,0x0862,
  0x0862,0x0862,0x0862,0x0862,0x0862,0x0862,0x0862,0x0862,0x0862,0x0862,0x0862,0x0862,0x0862,0x0862,0x0862,0x0862,
  0x0862,0x10e4,0x1905,0x1905,0x1905,0x1905,0x1905,0x1905,0x10e4,0x08a3,0x0862,0x0862,0x0862,0x0862,0x0862,0x08a3,
  0x0882,0x0882,0x0862,0x0862,0x0862,0x0862,0x0862,0x0862,0x0862,0x0862,0x0862,0x0862,0x0862,0x0862,0x0862,0x0862,
  0x0862,0x0862,0x0862,0x0862,0x0862,0x0882,0x0883,0x0882,0x0862,0x0862,0x0862,0x0862,0x0883,0x10e4,0x1905,0x1905,
  0x1905,0x1905,0x1905,0x1905,0x10e5,0x10a3,0x0862,0x0862,0x0862,0x0862,0x0862,0x10a3,0x0862,0x0862,0x0862,0x0862,
  0x0862,0x0862,0x0862,0x0862,0x0862,0x0862,0x0862,0x0862,0x0862,0x0862,0x128c,0x261f,0x126c,0x0862,0x0862,0x0862,
  0x0862,0x0862,0x0862,0x0862,0x0862,0x0862,0x0862,0x0862,0x0862,0x0862,0x0862,0x0862,0x0862,0x0862,0x0862,0x0862,
  0x0862,0x0862,0x10e4,0x1905,0x1905,0x1905,0x1905,0x1905,0x1905,0x18e5,0x10e4,0x0882,0x0862,0x0862,0x0862,0x0862,
  0x0862,0x0862,0x10a3,0x10a3,0x3962,0x20e2,0x18a2,0x1082,0x0862,0x0862,0x0862,0x0862,0x0862,0x0862,0x0862,0x0862,
  0x0862,0x0862,0x08a3,0x10a3,0x0882,0x0862,0x0862,0x0862,0x0862,0x0862,0x0862,0x10c4,0x10e5,0x1905,0x1905,0x1905,
  0x1905,0x1905,0x1905,0x10e5,0x08a3,0x0862,0x0862,0x0862,0x0862,0x0862,0x0862,0x0862,0x0862,0x0862,0x0862,0x0862,
  0x0862,0x0862,0x0862,0x0862,0x0862,0x0862,0x0862,0x0862,0x0862,0x0862,0x126c,0x261e,0x126c,0x0862,0x0862,0x0862,
  0x0862,0x0862,0x0862,0x0862,0x0862,0x0862,0x0862,0x0862,0x0862,0x0862,0x0862,0x0862,0x0862,0x2987,0x10a3,0x0862,
  0x0862,0x0862,0x0862,0x10c4,0x10e5,0x1905,0x1905,0x1905,0x1905,0x1905,0x1905,0x10e5,0x10c4,0x0883,0x0862,0x0862,
  0x0862,0x0862,0x0862,0x0862,0x49c2,0xed03,0xd4a3,0x6243,0x0883,0x0883,0x0883,0x0883,0x0883,0x0883,0x0883,0x0882,
  0x0882,0x0882,0x0862,0x0862,0x0862,0x0862,0x0862,0x0862,0x0882,0x10c3,0x10e4,0x1905,0x1905,0x1905,0x1905,0x1905,
  0x1905,0x1905,0x10e4,0x0883,0x0862,0x0862,0x0862,0x0862,0x0862,0x0862,0x0862,0x0862,0x0862,0x0862,0x0862,0x0862,
  0x0862,0x0862,0x0862,0x0862,0x0862,0x0862,0x0862,0x0862,0x0862,0x0862,0x0946,0x13d3,0x0946,0x0862,0x0862,0x0862,
  0x0862,0x0862,0x0862,0x0862,0x0862,0x0862,0x0862,0x0862,0x0862,0x0862,0x0862,0x0862,0x0882,0x0882,0x0862,0x0862,
  0x0862,0x0862,0x0862,0x0862,0x10a3,0x10e4,0x1905,0x1905,0x1905,0x1905,0x1905,0x1905,0x1905,0x10e5,0x10e4,0x08a3,
  0x0882,0x0862,0x0862,0x0862,0x10a2,0xcc63,0x8303,0x10a2,0x0862,0x0862,0x0862,0x0862,0x0862,0x0862,0x0862,0x0862,
  0x0862,0x0862,0x0862,0x0862,0x0862,0x0862,0x0883,0x10c4,0x10e4,0x1905,0x1905,0x1905,0x1905,0x1905,0x1905,0x1905,
  0x10e5,0x10c4,0x0882,0x0862,0x0862,0x0862,0x0862,0x0862,0x0862,0x0862,0x0862,0x0862,0x0862,0x0862,0x0862,0x0862,
  0x0862,0x0862,0x0862,0x0862,0x0862,0x0862,0x0862,0x0862,0x0862,0x0862,0x0862,0x0862,0x0862,0x0862,0x0862,0x0862,
  0x0862,0x0862,0x0862,0x0862,0x0862,0x0862,0x0862,0x0862,0x0862,0x0862,0x0862,0x0862,0x0862,0x0862,0x0862,0x0862,
  0x0862,0x0862,0x0862,0x0862,0x0862,0x0882,0x10e4,0x1905,0x1905,0x1905,0x1905,0x1905,0x1905,0x1905,0x1905,0x1905,
  0x10e5,0x10e4,0x10a3,0x0862,0x0862,0x10a2,0x0882,0x0862,0x0862,0x0862,0x0862,0x0862,0x0862,0x0862,0x0862,0x0862,
  0x0862,0x0862,0x0862,0x0883,0x10c4,0x10e4,0x1905,0x1905,0x1905,0x1905,0x1905,0x1905,0x1905,0x1905,0x1905,0x10e5,
  0x10c3,0x0862,0x0862,0x0862,0x0862,0x0862,0x0862,0x0862,0x0862,0x0862,0x0862,0x0862,0x0862,0x0862,0x0862,0x0862,
  0x0862,0x0862,0x0862,0x0862,0x0862,0x0862,0x0862,0x0862,0x0862,0x0862,0x0862,0x0862,0x0862,0x0862,0x0862,0x0862,
  0x0862,0x0862,0x0862,0x0862,0x0862,0x0862,0x0862,0x0862,0x0862,0x0862,0x0862,0x0862,0x0862,0x0862,0x0862,0x0862,
  0x0862,0x0862,0x0862,0x0862,0x0862,0x0862,0x0862,0x10a3,0x10e5,0x1905,0x1905,0x1905,0x1905,0x1905,0x1905,0x1905,
  0x1905,0x1905,0x1905,0x1905,0x10e4,0x10c4,0x10c4,0x10a3,0x08a3,0x08a3,0x0883,0x0883,0x08a3,0x08a3,0x10a3,0x10c4,
  0x10c4,0x10e4,0x10e5,0x1905,0x1905,0x1905,0x1905,0x1905,0x1905,0x1905,0x1905,0x1905,0x1905,0x1905,0x10c4,0x0882,
  0x0862,0x3a09,0x0882,0x0862,0x0862,0x0862,0x0862,0x0862,0x0862,0x0862,0x0862,0x0862,0x0862,0x0862,0x0862,0x0862,
  0x0862,0x0862,0x0862,0x0862,0x0862,0x0862,0x0862,0x0862,0x0862,0x0862,0x18e4,0x424a,0x18e4,0x0862,0x0862,0x0862,
  0x0862,0x0862,0x0862,0x0862,0x0862,0x0862,0x0862,0x0862,0x0862,0x0862,0x0862,0x0862,0x0862,0x0862,0x0862,0x0862,
  0x0862,0x0862,0x0862,0x0862,0x0862,0x0862,0x0862,0x0862,0x0882,0x10c4,0x10e4,0x1905,0x1905,0x1905,0x1905,0x1905,
  0x1905,0x1905,0x1905,0x1905,0x1905,0x1905,0x1905,0x1905,0x1905,0x1905,0x1905,0x1905,0x1905,0x1905,0x1905,0x1905,
  0x1905,0x1905,0x1905,0x1905,0x1905,0x1905,0x1905,0x1905,0x1905,0x1905,0x1905,0x1905,0x10e4,0x08a3,0x0862,0x0862,
  0x0862,0x2966,0x426a,0x0862,0x0862,0x0862,0x0862,0x0862,0x0862,0x0862,0x0862,0x0862,0x0862,0x0862,0x0862,0x0862,
  0x0862,0x0862,0x0862,0x0862,0x0862,0x0862,0x0862,0x0862,0x0862,0x0862,0x18e4,0x424a,0x18e4,0x0862,0x0862,0x0862,
  0x0862,0x0862,0x0862,0x0862,0x0862,0x0862,0x0862,0x0862,0x0862,0x0862,0x0862,0x0862,0x0862,0x0862,0x0862,0x0862,
  0x0862,0x0862,0x0862,0x0862,0x0862,0x0862,0x0862,0x31c7,0x1904,0x0862,0x0862,0x10c4,0x10e5,0x1905,0x1905,0x1905,
  0x1905,0x1905,0x1905,0x1905,0x1905,0x1905,0x1905,0x1905,0x1905,0x1905,0x1905,0x1905,0x1905,0x1905,0x1905,0x1905,
  0x1905,0x1905,0x1905,0x1905,0x1905,0x1905,0x1905,0x1905,0x1905,0x10e5,0x10e4,0x0882,0x0862,0x0862,0x0862,0x0862,
  0x0862,0x0862,0x3a29,0x10c3,0x0862,0x0862,0x0862,0x0862,0x0862,0x0862,0x0862,0x0862,0x0862,0x0862,0x0862,0x0862,
  0x0862,0x0862,0x0862,0x0862,0x0862,0x0862,0x0862,0x0862,0x0862,0x0862,0x0862,0x0862,0x0862,0x0862,0x0862,0x0862,
  0x0862,0x0862,0x0862,0x0862,0x0862,0x0862,0x0862,0x0862,0x0862,0x0862,0x0862,0x0862,0x0862,0x0862,0x0862,0x0862,
  0x0862,0x0862,0x0862,0x0862,0x0862,0x0862,0x0882,0x4acc,0x0882,0x0862,0x0862,0x0862,0x0882,0x08a3,0x10c4,0x10e5,
  0x1905,0x1905,0x1905,0x1905,0x1905,0x1905,0x1905,0x1905,0x1905,0x1905,0x1905,0x1905,0x1905,0x1905,0x1905,0x1905,
  0x1905,0x1905,0x1905,0x1905,0x1905,0x1905,0x10e5,0x10e4,0x10a3,0x0882,0x0862,0x0862,0x0862,0x0862,0x0862,0x0862,
  0x0862,0x0862,0x10a3,0x1904,0x0862,0x0862,0x0862,0x0862,0x0862,0x0862,0x0862,0x0862,0x0862,0x0862,0x0862,0x0862,
  0x0862,0x0862,0x0862,0x0862,0x0862,0x0862,0x0862,0x0862,0x0862,0x0862,0x0862,0x0862,0x0862,0x0862,0x0862,0x0862,
  0x0862,0x0862,0x0862,0x0862,0x0862,0x0862,0x0862,0x0862,0x0862,0x0862,0x0862,0x0862,0x0862,0x0862,0x0862,0x0862,
  0x0862,0x0862,0x0862,0x0862,0x0862,0x0862,0x3a09,0x2966,0x0862,0x0862,0x0862,0x0862,0x0862,0x0862,0x0862,0x0882,
  0x10a3,0x10c4,0x10e4,0x10e5,0x10e5,0x1905,0x1905,0x1905,0x1905,0x1905,0x1905,0x1905,0x1905,0x1905,0x1905,0x1905,
  0x1905,0x18e5,0x10e5,0x10e4,0x10e4,0x10c4,0x08a3,0x0862,0x0862,0x0862,0x0862,0x0862,0x0862,0x0862,0x0862,0x0862,
  0x0862,0x0862,0x0862,0x0862,0x0862,0x0862,0x0862,0x0862,0x0862,0x0862,0x0862,0x0862,0x0862,0x0862,0x0862,0x0862,
  0x0862,0x0862,0x0862,0x0862,0x0862,0x0862,0x0862,0x0862,0x0862,0x0862,0x0862,0x0862,0x0862,0x0862,0x0862,0x0862,
  0x0862,0x0862,0x0862,0x0862,0x0862,0x0862,0x0862,0x0862,0x0862,0x0862,0x0862,0x0862,0x0862,0x0862,0x0862,0x0862,
  0x0862,0x0862,0x0862,0x0862,0x0862,0x0882,0x31e8,0x0862,0x0862,0x0862,0x0862,0x0862,0x0862,0x0862,0x0862,0x0862,
  0x0862,0x0862,0x0862,0x0882,0x08a3,0x10c4,0x10e4,0x10e4,0x10e5,0x10e5,0x10e5,0x10e5,0x10e5,0x10e5,0x10e5,0x10e4,
  0x10c4,0x10a3,0x0883,0x0862,0x0862,0x0862,0x0862,0x0862,0x0862,0x0862,0x0862,0x0862,0x0862,0x0862,0x0862,0x0862,
  0x0862,0x0862,0x0862,0x0862,0x0862,0x0862,0x0862,0x0862,0x0862,0x0862,0x0862,0x0862,0x0862,0x0862,0x0862,0x0862,
  0x0862,0x0862,0x0862,0x0862,0x0862,0x0862,0x0862,0x0862,0x0862,0x0862,0x0862,0x0862,0x0862,0x0862,0x0862,0x0862,
  0x0862,0x0862,0x0862,0x0862,0x0862,0x0862,0x0862,0x0862,0x0862,0x0862,0x0862,0x0862,0x0862,0x0862,0x0862,0x0862,
  0x0862,0x0862,0x0862,0x0862,0x0862,0x0862,0x0862,0x0862,0x0862,0x0862,0x0862,0x0862,0x0862,0x0862,0x0862,0x0862,
  0x0862,0x0862,0x0862,0x0862,0x0862,0x0862,0x0862,0x0862,0x0862,0x0862,0x0862,0x0862,0x0862,0x0862,0x0862,0x0862,
  0x0862,0x0862,0x0862,0x0862,0x0862,0x0862,0x0862,0x0862,0x0882,0x0862,0x0862,0x0862,0x0862,0x0862,0x0862,0x0862,
  0x0862,0x0862,0x0862,0x0862,0x0862,0x0862,0x0862,0x0862,0x0862,0x0862,0x0862,0x0862,0x0862,0x0862,0x0862,0x0862,
  0x0862,0x0862,0x0862,0x0862,0x0862,0x0862,0x0862,0x0862,0x0862,0x0862,0x0862,0x0862,0x0862,0x0862,0x0862,0x0862,
  0x0862,0x0862,0x0862,0x0862,0x0862,0x0862,0x0862,0x0862,0x0862,0x0862,0x0862,0x0862,0x0862,0x0862,0x0862,0x0862,
  0x0862,0x0862,0x0862,0x0862,0x0862,0x0862,0x0862,0x0862,0x0862,0x0862,0x0862,0x0862,0x0862,0x0862,0x0862,0x0862,
  0x0862,0x0882,0x0862,0x0862,0x0862,0x0862,0x0862,0x0862,0x0862,0x0862,0x0862,0x0862,0x2145,0x2146,0x0862,0x0862,
  0x0862,0x0862,0x0862,0x0862,0x0862,0x0862,0x0862,0x0862,0x2146,0x0862,0x0862,0x0862,0x0862,0x0862,0x0862,0x0862,
  0x0862,0x0862,0x0862,0x0862,0x0862,0x0862,0x0862,0x0862,0x0862,0x0862,0x0862,0x0862,0x0862,0x0862,0x0862,0x0862,
  0x0862,0x0862,0x0862,0x0862,0x0862,0x0862,0x0862,0x0862,0x0862,0x0862,0x0862,0x0862,0x0862,0x0862,0x0862,0x0862,
  0x0862,0x0862,0x0862,0x0862,0x0862,0x0862,0x0862,0x0862,0x0862,0x0862,0x0862,0x0862,0x0862,0x0862,0x0862,0x0862,
  0x0862,0x0862,0x0862,0x0862,0x0862,0x0862,0x0862,0x0862,0x0862,0x0862,0x0862,0x0862,0x0862,0x0862,0x0862,0x0862,
  0x0862,0x1905,0x0862,0x0862,0x0862,0x0862,0x0862,0x0862,0x0862,0x0862,0x0862,0x0862,0x2987,0x31e8,0x0862,0x0862,
  0x0862,0x0862,0x0862,0x0862,0x0862,0x0862,0x0862,0x0862,0x1904,0x0862,0x0862,0x0862,0x0862,0x0862,0x0862,0x0862,
  0x0862,0x0862,0x0862,0x0862,0x0862,0x0862,0x0862,0x0862,0x0862,0x0862,0x0862,0x0862,0x0862,0x0862,0x0862,0x0862,
  0x0862,0x0862,0x0862,0x0862,0x0862,0x0862,0x0862,0x0862,0x0862,0x0862,0x0862,0x0862,0x0862,0x0862,0x0862,0x0862,
  0x0862,0x0862,0x0862,0x0862,0x0862,0x0862,0x0862,0x0862,0x0862,0x0862,0x0862,0x0862,0x0862,0x0862,0x0862,0x0862,
  0x0862,0x0862,0x0862,0x0862,0x0862,0x0862,0x0862,0x0862,0x0862,0x0862,0x0862,0x0862,0x0862,0x0862,0x0862,0x0862,
  0x0862,0x18e4,0x0862,0x0862,0x0862,0x0862,0x0862,0x0862,0x0862,0x0862,0x0862,0x0862,0x2166,0x3a29,0x0862,0x0862,
  0x0862,0x0862,0x0862,0x0862,0x0862,0x0862,0x0862,0x0862,0x0862,0x0862,0x0862,0x0862,0x0862,0x0862,0x0862,0x0862,
  0x0862,0x0862,0x0862,0x0862,0x0862,0x0862,0x0862,0x0862,0x0862,0x0862,0x0862,0x0862,0x0862,0x0862,0x0862,0x0862,
  0x0862,0x0862,0x0862,0x0862,0x0862,0x0862,0x0862,0x0862,0x0862,0x0862,0x0862,0x0862,0x0862,0x0862,0x0862,0x0862,
  0x0862,0x0862,0x0862,0x0862,0x0862,0x0862,0x0862,0x0862,0x0862,0x0862,0x0862,0x0862,0x0862,0x0862,0x0862,0x0862,
  0x0862,0x0862,0x0862,0x0862,0x0862,0x0862,0x0862,0x0862,0x0862,0x0862,0x0862,0x0862,0x0862,0x0862,0x0862,0x0862,
  0x0862,0x0862,0x0862,0x0862,0x0862,0x0862,0x0862,0x0862,0x0862,0x0862,0x0862,0x0862,0x1904,0x31c8,0x0862,0x0862,
  0x0862,0x0862,0x0862,0x0862,0x0862,0x0862,0x0862,0x0862,0x0862,0x0862,0x0862,0x0862,0x0862,0x0862,0x0862,0x0862,
  0x0862,0x0862,0x0862,0x0862,0x0862,0x0862,0x0862,0x0862,0x0862,0x0862,0x0862,0x0862,0x0862,0x0862,0x0862,0x0862,
  0x0862,0x0862,0x0862,0x0862,0x0862,0x0862,0x0862,0x0862,0x0862,0x0862,0x0862,0x0862,0x0862,0x0862,0x0862,0x0862,
  0x0862,0x0862,0x0862,0x0862,0x0862,0x0862,0x0862,0x0862,0x0862,0x0862,0x0862,0x0862,0x0862,0x0862,0x0862,0x0862,
  0x0862,0x0862,0x0862,0x0862,0x0862,0x0862,0x0862,0x0862,0x0862,0x0862,0x0862,0x0862,0x0862,0x0862,0x0862,0x0862,
  0x0862,0x0862,0x0862,0x0862,0x0862,0x0862,0x0862,0x0862,0x0862,0x0862,0x0862,0x0862,0x0862,0x0862,0x0862,0x0862,
  0x0862,0x0862,0x0862,0x0862,0x0862,0x0862,0x0862,0x0862,0x0862,0x0862,0x0862,0x0862,0x0862,0x0862,0x0862,0x0862,
  0x0862,0x0862,0x0862,0x0862,0x0862,0x0862,0x0862,0x0862,0x0862,0x0862,0x0862,0x0862,0x0862,0x0862,0x0862,0x0862,
  0x0862,0x0862,0x0862,0x0862,0x0862,0x0862,0x0862,0x0862,0x0862,0x0862,0x0862,0x0862,0x0862,0x0862,0x0862,0x0862,
  0x0862,0x0862,0x0862,0x0862,0x0862,0x0862,0x0862,0x0862,0x0862,0x0862,0x0862,0x0862,0x0862,0x0862,0x0862,0x0862,
  0x0862,0x0862,0x0862,0x0862,0x0862,0x0862,0x0862,0x0862,0x0862,0x0862,0x0862,0x0862,0x0862,0x0862,0x0862,0x0862,
  0x0862,0x0862,0x0862,0x0862,0x0862,0x0862,0x0862,0x0862,0x0862,0x0862,0x0862,0x0862,0x0862,0x0862,0x0862,0x0862,
  0x0862,0x0862,0x0862,0x0862,0x0862,0x0862,0x0862,0x0862,0x0862,0x0862,0x0862,0x0862,0x0862,0x0862,0x0862,0x0862,
  0x0862,0x0862,0x0862,0x0862,0x0862,0x0862,0x0862,0x0862,0x0862,0x0862,0x0862,0x0862,0x0862,0x0862,0x0862,0x0862,
  0x0862,0x0862,0x0862,0x0862,0x0862,0x0862,0x0862,0x0862,0x0862,0x0862,0x0862,0x0862,0x0862,0x0862,0x0862,0x0862,
  0x0862,0x0862,0x0862,0x0862,0x0862,0x0862,0x0862,0x0862,0x0862,0x0862,0x0862,0x0862,0x0862,0x0862,0x0862,0x0862,
  0x0862,0x0862,0x0862,0x0862,0x0862,0x0862,0x0862,0x0862,0x0862,0x0862,0x0862,0x0862,0x0862,0x0862,0x0862,0x0862,
  0x0862,0x0862,0x0862,0x0862,0x0862,0x0862,0x0862,0x0862,0x0862,0x0862,0x0862,0x0862,0x0862,0x0862,0x0862,0x0862,
  0x0862,0x0862,0x0862,0x0862,0x0862,0x0862,0x0862,0x0862,0x0862,0x0862,0x0862,0x0862,0x0862,0x0862,0x0862,0x0862,
  0x0862,0x0862,0x0862,0x0862,0x0862,0x0862,0x0862,0x0862,0x0862,0x0862,0x0862,0x0862,0x0862,0x0862,0x0862,0x0862,
  0x0862,0x0862,0x0862,0x0862,0x0862,0x0862,0x0862,0x0862,0x0862,0x0862,0x0862,0x0862,0x0862,0x0862,0x0862,0x0862,
  0x0862,0x0862,0x0862,0x0862,0x0862,0x0862,0x0862,0x0862,0x0862,0x0862,0x0862,0x0862,0x0862,0x0862,0x0882,0x0882,
  0x0862,0x0862,0x0862,0x0862,0x0862,0x0862,0x0862,0x0862,0x0862,0x0862,0x0862,0x0862,0x0862,0x0862,0x0862,0x0862,
  0x0862,0x0862,0x0862,0x0862,0x0862,0x0862,0x0862,0x0862,0x0862,0x0862,0x0862,0x0862,0x0862,0x0862,0x0862,0x10c3,
  0x10a3,0x0862,0x0862,0x0862,0x0862,0x0862,0x0862,0x0862,0x0882,0x0882,0x0882,0x0862,0x0862,0x0862,0x0862,0x0862,
  0x0862,0x0862,0x0862,0x0862,0x0862,0x0862,0x0862,0x0862,0x0862,0x0862,0x0862,0x0862,0x0862,0x08a3,0x08a3,0x0862,
  0x0862,0x0862,0x0862,0x0862,0x0862,0x0862,0x0862,0x0862,0x0862,0x0862,0x0862,0x0862,0x0862,0x0862,0x0862,0x0862,
  0x0862,0x0862,0x0862,0x0862,0x0862,0x0862,0x0862,0x0862,0x0882,0x0882,0x0862,0x0862,0x0862,0x0882,0x3a29,0x3a08,
  0x31c8,0x0862,0x0862,0x0862,0x0862,0x08a3,0x0862,0x0862,0x0862,0x0862,0x0862,0x0862,0x0862,0x0882,0x10a3,0x0862,
  0x0862,0x0862,0x0862,0x424a,0x426a,0x3a29,0x0862,0x0862,0x0862,0x0862,0x08a3,0x0862,0x0862,0x0862,0x10a3,0xb5d7,
  0xc659,0x8c92,0x3a08,0x10a3,0x0862,0x0862,0x0862,0x0882,0x3a29,0x4aab,0x3a29,0x0862,0x0862,0x0862,0x0862,0x08a3,
  0x0862,0x0862,0x0882,0x0862,0x0862,0x0862,0x0882,0x5b0c,0x8c92,0x10a3,0x0862,0x0862,0x0862,0x31c8,0x5b2d,0x2145,
  0x0862,0x0862,0x0862,0x0862,0x0862,0x0862,0x0862,0x0862,0x0862,0x0862,0x0862,0x0862,0x0862,0x0862,0x0862,0x0862,
  0x0862,0x0862,0x0862,0x10c3,0x1904,0x1904,0x1904,0x1904,0x632d,0xa555,0x10a3,0x0862,0x0862,0x0882,0x424a,0x426a,
  0x2166,0x0862,0x0862,0x0862,0x0862,0x08a3,0x0862,0x0862,0x10c3,0x18e4,0x1904,0x1904,0x1904,0x5b0c,0xad96,0x10a3,
  0x0862,0x0862,0x0862,0x10e4,0x1904,0x31c8,0x0862,0x0862,0x0862,0x0862,0x08a3,0x0862,0x0862,0x0862,0x10c3,0xce7a,
  0xce9a,0xdf1c,0xe73d,0xad76,0x10a3,0x0862,0x0862,0x0882,0x424a,0x4aab,0x2986,0x0862,0x0862,0x0862,0x0862,0x08a3,
  0x0862,0x0862,0x634d,0x5b0c,0x31a7,0x10c3,0x10a3,0x73af,0xf7bf,0x10c3,0x0862,0x0862,0x0862,0x31c7,0x5b2e,0x2145,
  0x0862,0x0862,0x0862,0x0862,0x0862,0x0862,0x0862,0x0862,0x0862,0x0862,0x0862,0x0862,0x0862,0x0862,0x0862,0x0862,
  0x0862,0x0862,0x0882,0x8c92,0xd6db,0xd6db,0xd6db,0xd6db,0xdf3d,0xe75d,0x18e4,0x0862,0x0862,0x0882,0x31e8,0x31e8,
  0x2125,0x0862,0x0862,0x0862,0x0862,0x08a3,0x0862,0x0862,0x94b3,0xd6bb,0xd6db,0xd6db,0xd6db,0xdf1c,0xf79f,0x10c3,
  0x0862,0x0862,0x0862,0x31e8,0x31e8,0x1925,0x0862,0x0862,0x0862,0x0862,0x08a3,0x0862,0x0862,0x2125,0x31c7,0xd6bb,
  0x73cf,0x31a7,0x8431,0xd6bb,0x18e4,0x0862,0x0862,0x0862,0x31c8,0x31c8,0x1925,0x0862,0x0862,0x0862,0x0862,0x08a3,
  0x0862,0x0862,0x9d14,0xe75d,0xe75d,0xbe18,0x5aec,0x2125,0xf7df,0x10c3,0x0862,0x0862,0x0862,0x10e4,0x10c3,0x0882,
  0x0862,0x0862,0x0862,0x0862,0x0862,0x0862,0x0862,0x0862,0x0862,0x0862,0x0862,0x0862,0x0862,0x0862,0x0862,0x0862,
  0x0862,0x0862,0x0882,0x634d,0x9d14,0x9d14,0x9d14,0x9d14,0x9d14,0x94d3,0x10c3,0x0862,0x0862,0x10a3,0x428a,0x3a29,
  0x424a,0x0862,0x0862,0x0862,0x0862,0x08a3,0x0862,0x0862,0x6b6e,0x9cf4,0x9d14,0x9d14,0x9d14,0x9d14,0x9d14,0x10a3,
  0x0862,0x0862,0x0882,0x52ec,0x5b2d,0x424a,0x0862,0x0862,0x0862,0x0862,0x08a3,0x0862,0x0882,0x9d14,0xef9e,0xf7df,
  0xf7bf,0x7bf0,0x0882,0x10a3,0x0862,0x0862,0x0862,0x0882,0x2166,0x2986,0x18e4,0x0862,0x0862,0x0862,0x0862,0x08a3,
  0x0862,0x0862,0x10c3,0x4249,0x8431,0xce9a,0xf7bf,0xe73d,0xf7df,0x10c3,0x0862,0x0862,0x0882,0x4aab,0x4acc,0x29a7,
  0x0862,0x0862,0x0862,0x0862,0x0862,0x0862,0x0862,0x0862,0x0862,0x0862,0x0862,0x0862,0x0862,0x0862,0x0862,0x0862,
  0x0862,0x0862,0x0862,0x0862,0x0862,0x0862,0x0862,0x0862,0x0862,0x0862,0x0862,0x0862,0x0862,0x0862,0x31c8,0x3a09,
  0x0883,0x0862,0x0862,0x0862,0x0862,0x08a3,0x0862,0x0862,0x0862,0x0862,0x0862,0x0862,0x0862,0x0862,0x0862,0x0862,
  0x0862,0x0862,0x0862,0x1905,0x29a7,0x10a3,0x0862,0x0862,0x0862,0x0862,0x08a3,0x0862,0x0862,0x31a7,0x4a8a,0xad76,
  0x73af,0x2966,0x0862,0x0862,0x0862,0x0862,0x0862,0x10a3,0x52cc,0x4a8b,0x426a,0x0862,0x0862,0x0862,0x0862,0x08a3,
  0x0862,0x0862,0x0862,0x0862,0x1904,0x18e4,0x3a08,0x8c92,0xad76,0x10a3,0x0862,0x0862,0x0882,0x4a8b,0x31a7,0x0882,
  0x0862,0x0862,0x0862,0x0862,0x0862,0x0862,0x0862,0x0862,0x0862,0x0862,0x0862,0x0862,0x0862,0x0862,0x0862,0x0862,
  0x0862,0x0862,0x0862,0x0862,0x0862,0x0862,0x0862,0x0862,0x0862,0x0862,0x0862,0x0862,0x0862,0x08a3,0x52ec,0x52ed,
  0x31c7,0x0862,0x0862,0x0862,0x0862,0x08a3,0x0862,0x0862,0x10a3,0x5b0c,0x8c72,0x4229,0x4a8a,0x7bf0,0x2966,0x0882,
  0x0862,0x0862,0x0862,0x52ed,0x530d,0x29a7,0x0862,0x0862,0x0862,0x0862,0x08a3,0x0862,0x0882,0x632d,0x73af,0x10c3,
  0x0882,0x10c3,0x8c92,0x31c7,0x0862,0x0862,0x0862,0x0882,0x52ec,0x5b2d,0x1904,0x0862,0x0862,0x0862,0x0862,0x08a3,
  0x0862,0x0862,0x0862,0x10a3,0xbe18,0xd6bb,0x634d,0x2125,0x10c3,0x0862,0x0862,0x0862,0x0882,0x31c8,0x2145,0x31c7,
  0x0862,0x0862,0x0862,0x0862,0x0862,0x0862,0x0862,0x0862,0x0862,0x0862,0x0862,0x0862,0x0862,0x0862,0x0862,0x0862,
  0x0862,0x0862,0x0862,0x0882,0x0882,0x0862,0x0862,0x0882,0x0882,0x0882,0x0862,0x0862,0x0862,0x0882,0x426a,0x4a8b,
  0x2166,0x0862,0x0862,0x0862,0x0862,0x08a3,0x0862,0x0862,0x73af,0xe73d,0xdf1c,0xe73d,0xe75d,0xdf1c,0xce9a,0x10a3,
  0x0862,0x0862,0x0862,0x4a8b,0x4aab,0x2987,0x0862,0x0862,0x0862,0x0862,0x08a3,0x0862,0x0882,0x9d14,0xef9e,0x9cf4,
  0x1904,0x10c3,0xd6db,0xce7a,0x10c3,0x0862,0x0862,0x0882,0x4a8b,0x4aab,0x29a7,0x0862,0x0862,0x0862,0x0862,0x08a3,
  0x0862,0x0862,0x0862,0x10a3,0xc639,0xdf1c,0xe73d,0xd6db,0xa555,0x10a3,0x0862,0x0862,0x0862,0x52ec,0x4aab,0x2145,
  0x0862,0x0862,0x0862,0x0862,0x0862,0x0862,0x0862,0x0862,0x0862,0x0862,0x0862,0x0862,0x0862,0x0862,0x0862,0x0862,
  0x0862,0x0862,0x0882,0x73af,0x94b3,0x2125,0x0862,0x10c3,0xa555,0x5aec,0x0882,0x0862,0x0862,0x0862,0x0882,0x0882,
  0x0862,0x0862,0x0862,0x0862,0x0862,0x08a3,0x0862,0x0862,0xa555,0xb5d7,0x4249,0xce7a,0xc639,0x52cb,0xf7bf,0x10c3,
  0x0862,0x0862,0x0862,0x10c4,0x52cc,0x3a09,0x0862,0x0862,0x0862,0x0862,0x08a3,0x0862,0x10a3,0x9d14,0xbe18,0xdefc,
  0xb5d7,0x4229,0x52ab,0xe73d,0x18e4,0x0862,0x0862,0x0883,0x29a7,0x31c8,0x4249,0x0862,0x0862,0x0862,0x0862,0x08a3,
  0x0862,0x0862,0x2986,0x4229,0xce9a,0x8c72,0x634d,0x9cf4,0xce7a,0x10a3,0x0862,0x0862,0x0862,0x10a3,0x0882,0x10a3,
  0x0862,0x0862,0x0862,0x0862,0x0862,0x0862,0x0862,0x0862,0x0862,0x0862,0x0862,0x0862,0x0862,0x0862,0x0862,0x0862,
  0x0862,0x0862,0x10a3,0xa535,0xf7bf,0xc639,0x2125,0x1904,0xdefc,0xdefc,0x10c3,0x0862,0x0862,0x0862,0x0862,0x0862,
  0x0862,0x0862,0x0862,0x0862,0x0862,0x08a3,0x0862,0x0862,0x8431,0xe75d,0xe73d,0xef7e,0xef7e,0xe73d,0xdf1c,0x10a3,
  0x0862,0x0862,0x0862,0x0862,0x10c3,0x0882,0x0862,0x0862,0x0862,0x0862,0x08a3,0x0862,0x10a3,0x9cf4,0x8451,0x4229,
  0xdf1c,0xe75d,0xe75d,0xd6db,0x10c3,0x0862,0x0862,0x0862,0x0862,0x0862,0x0862,0x0862,0x0862,0x0862,0x0862,0x08a3,
  0x0862,0x0862,0x9d14,0xe75d,0xef9e,0xef7e,0x7bf0,0x0862,0x10c3,0x0862,0x0862,0x0862,0x0862,0x0862,0x0862,0x0862,
  0x0862,0x0862,0x0862,0x0862,0x0862,0x0862,0x0862,0x0862,0x0862,0x0862,0x0862,0x0862,0x0862,0x0862,0x0862,0x0862,
  0x0862,0x0862,0x10a3,0x9d14,0xad76,0xd6bb,0xd6bb,0x5b0c,0x52ab,0xdf1c,0x1904,0x0862,0x0862,0x0862,0x0862,0x0862,
  0x0862,0x0862,0x0862,0x0862,0x0862,0x08a3,0x0862,0x0862,0x18e4,0x7bf0,0x94b3,0x632d,0x634d,0x8c92,0x4249,0x0882,
  0x0862,0x0862,0x0862,0x0862,0x0862,0x0862,0x0862,0x0862,0x0862,0x0862,0x08a3,0x0862,0x0882,0x7bf0,0x634d,0x0862,
  0x2966,0x7c10,0x94b3,0x4a8a,0x0862,0x0862,0x0862,0x0862,0x0862,0x0862,0x0862,0x0862,0x0862,0x0862,0x0862,0x08a3,
  0x0862,0x0862,0x3a08,0x5aec,0xc639,0x8451,0x31a7,0x0862,0x0862,0x0862,0x0862,0x0862,0x0862,0x0862,0x0882,0x20e2,
  0x0862,0x0862,0x0862,0x0862,0x0862,0x0862,0x0862,0x0862,0x0862,0x0862,0x0862,0x0862,0x0862,0x0862,0x0862,0x0862,
  0x0862,0x0862,0x10a3,0x9cf4,0x8451,0x2986,0xb5d7,0xef9e,0xf7bf,0xce7a,0x10c3,0x0862,0x0862,0x0862,0x0862,0x0862,
  0x0862,0x0862,0x0862,0x0862,0x0862,0x08a3,0x0862,0x0862,0x31a7,0x8c72,0x2125,0x0862,0x0862,0x0862,0x0862,0x0862,
  0x0862,0x0862,0x0862,0x0862,0x0862,0x0862,0x0862,0x0862,0x0862,0x0862,0x08a3,0x0862,0x0862,0x1904,0x4a6a,0x0882,
  0x1904,0x4a6a,0x10c3,0x0862,0x0862,0x0862,0x0862,0x0862,0x1925,0x2166,0x31e8,0x0862,0x0862,0x0862,0x0862,0x08a3,
  0x0862,0x0862,0x0862,0x0862,0x0862,0x0862,0x0862,0x0862,0x0862,0x0862,0x0862,0x0862,0x0862,0x2902,0xb3e3,0x7ac2,
  0x0882,0x0862,0x0862,0x0862,0x0862,0x0862,0x0862,0x0862,0x0862,0x0862,0x0862,0x0862,0x0862,0x0862,0x0862,0x0862,
  0x0862,0x0862,0x0882,0x634d,0x52ab,0x0882,0x10a3,0x4249,0x632d,0x2125,0x0862,0x0862,0x0862,0x0862,0x0862,0x0862,
  0x0862,0x0862,0x0862,0x0862,0x0862,0x08a3,0x0862,0x0862,0x4a8a,0xd6db,0x2986,0x0862,0x0862,0x0862,0x0862,0x0862,
  0x0862,0x0862,0x0862,0x0862,0x0862,0x0862,0x0862,0x0862,0x0862,0x0862,0x08a3,0x0862,0x0862,0x52cb,0xe73d,0x2986,
  0x52cb,0xdefc,0x31a7,0x0862,0x0862,0x0862,0x0862,0x0862,0x2986,0x31c7,0x424a,0x0862,0x0862,0x0862,0x0862,0x08a3,
  0x0862,0x0862,0x10a3,0x18e4,0x18e4,0x10a3,0x0862,0x0862,0x0862,0x0862,0x0862,0x0862,0x0862,0x0862,0x82e2,0x72a2,
  0x0862,0x0862,0x0862,0x0862,0x0862,0x0862,0x0862,0x0862,0x0862,0x0862,0x0862,0x0862,0x0862,0x0862,0x0862,0x0862,
  0x0862,0x0862,0x0862,0x2125,0x8c92,0xa535,0x6b6e,0x8431,0x9cf4,0x4a8a,0x0882,0x0862,0x0862,0x0862,0x0862,0x0862,
  0x0862,0x0862,0x0862,0x0862,0x0862,0x08a3,0x0862,0x0862,0x10a3,0x2966,0x73af,0x5aec,0x18e4,0x0882,0x0862,0x0862,
  0x0862,0x0862,0x0862,0x0862,0x0862,0x0862,0x0862,0x0862,0x0862,0x0862,0x08a3,0x0862,0x0862,0x1904,0x4a8a,0x10a3,
  0x1904,0x4a6a,0x10c3,0x0862,0x0862,0x0862,0x0862,0x0882,0x18e4,0x1904,0x1904,0x0862,0x0862,0x0862,0x0862,0x08a3,
  0x0862,0x0862,0x2966,0x6baf,0x3a49,0x1904,0x0862,0x0862,0x0862,0x0862,0x0862,0x0862,0x0862,0x0862,0x1082,0x18a2,
  0x0862,0x0862,0x0862,0x0862,0x0862,0x0862,0x0862,0x0862,0x0862,0x0862,0x0862,0x0862,0x0862,0x0862,0x0862,0x0862,
  0x0862,0x0862,0x0882,0x73cf,0xe75d,0xc659,0xe75d,0xe75d,0xd6db,0xce9a,0x10c3,0x0862,0x0862,0x0862,0x0862,0x0862,
  0x0862,0x0862,0x0862,0x0862,0x0862,0x08a3,0x0862,0x0862,0x0862,0x10a3,0xc639,0xef7e,0xce9a,0x7c10,0x4229,0x0882,
  0x0862,0x0862,0x0862,0x0862,0x0862,0x0862,0x0862,0x0862,0x0862,0x0862,0x08a3,0x0862,0x0862,0x0862,0x0862,0x0862,
  0x0862,0x0862,0x0882,0x0882,0x0862,0x0862,0x0862,0x0882,0x3a29,0x424a,0x2166,0x0862,0x0862,0x0862,0x0862,0x08a3,
  0x0862,0x0862,0x31e8,0x29a7,0x2987,0x0862,0x0862,0x0862,0x0862,0x0862,0x0862,0x0862,0x0862,0x0862,0x0862,0x0862,
  0x0862,0x0862,0x0862,0x0862,0x0862,0x0862,0x0862,0x0862,0x0862,0x0862,0x0862,0x0862,0x0862,0x0862,0x0862,0x0862,
  0x0862,0x0862,0x0882,0x9d14,0xa535,0x2125,0xbe18,0xa535,0x39e8,0xe73d,0x18e4,0x0862,0x0862,0x0862,0x0862,0x0862,
  0x0862,0x0862,0x0862,0x0862,0x0862,0x08a3,0x0862,0x0862,0x0882,0x18e4,0xc659,0x9d14,0xce7a,0xef7e,0xe75d,0x10a3,
  0x0862,0x0862,0x0862,0x0862,0x0862,0x0862,0x0862,0x0862,0x0862,0x0862,0x08a3,0x0862,0x0862,0x0882,0x10a3,0x10a3,
  0x10a3,0x10a3,0x52cb,0x8c92,0x0882,0x0862,0x0862,0x0882,0x5b4e,0x638f,0x3a09,0x0862,0x0862,0x0862,0x0862,0x08a3,
  0x0862,0x0862,0x1905,0x2966,0x3a09,0x0862,0x0862,0x0862,0x0862,0x0862,0x0862,0x0862,0x0862,0x0862,0x0862,0x0862,
  0x0862,0x0862,0x0862,0x0862,0x0862,0x0862,0x0862,0x0862,0x0862,0x0862,0x0862,0x0862,0x0862,0x0862,0x0862,0x0862,
  0x0862,0x0862,0x0882,0x73af,0xef9e,0xdefc,0xef9e,0xef9e,0xe73d,0xce9a,0x10c3,0x0862,0x0862,0x0862,0x0862,0x0862,
  0x0862,0x0862,0x0862,0x0862,0x0862,0x08a3,0x0862,0x0862,0x6b8e,0xa555,0xe73d,0xbe18,0x5aec,0x31a7,0x6b8e,0x0882,
  0x0862,0x0862,0x0862,0x0862,0x0862,0x0862,0x0862,0x0862,0x0862,0x0862,0x08a3,0x0862,0x0882,0x6b6e,0xa535,0xa535,
  0xa535,0xa535,0xbe18,0xe73d,0x18e4,0x0862,0x0862,0x0862,0x2986,0x5b4e,0x2146,0x0862,0x0862,0x0862,0x0862,0x08a3,
  0x0862,0x0862,0x2166,0x3208,0x3a09,0x0862,0x0862,0x0862,0x0862,0x0862,0x0862,0x0862,0x0862,0x0862,0x0862,0x0862,
  0x0862,0x0862,0x0862,0x0862,0x0862,0x0862,0x0862,0x0862,0x0862,0x0862,0x0862,0x0862,0x0862,0x0862,0x0862,0x0862,
  0x0862,0x0862,0x0862,0x10c3,0x6baf,0xa515,0x52cb,0x5b0c,0x8431,0x39e8,0x0862,0x0862,0x0862,0x0862,0x0862,0x0862,
  0x0862,0x0862,0x0862,0x0862,0x0862,0x08a3,0x0862,0x0862,0x8451,0xc639,0xef7e,0xd6bb,0x634d,0x0862,0x0862,0x0862,
  0x0862,0x0862,0x0862,0x0862,0x0862,0x0862,0x0862,0x0862,0x0862,0x0862,0x08a3,0x0862,0x0882,0x8431,0xc639,0xc639,
  0xc639,0xc639,0xc639,0xbdf8,0x10c3,0x0862,0x0862,0x0882,0x31c7,0x31c8,0x1925,0x0862,0x0862,0x0862,0x0862,0x08a3,
  0x0862,0x0862,0x31e8,0x426a,0x31c8,0x0862,0x0862,0x0862,0x0862,0x0862,0x0862,0x0862,0x0862,0x0862,0x0862,0x0862,
  0x0862,0x0862,0x0862,0x0862,0x0862,0x0862,0x0862,0x0862,0x0862,0x0862,0x0862,0x0862,0x0862,0x0862,0x0862,0x0862,
  0x0862,0x0862,0x0862,0x0862,0x10c3,0xce7a,0xd6bb,0x6b6e,0x2125,0x10a3,0x0862,0x0862,0x0862,0x0862,0x0862,0x0862,
  0x0862,0x0862,0x0862,0x0862,0x0862,0x08a3,0x0862,0x0862,0x0882,0x10a3,0x52ab,0x2966,0x0882,0x0862,0x0862,0x0862,
  0x0862,0x0862,0x0862,0x0862,0x0862,0x0862,0x0862,0x0862,0x0862,0x0862,0x08a3,0x0862,0x0862,0x0882,0x10a3,0x10a3,
  0x10a3,0x10a3,0x10a3,0x10a3,0x0882,0x0862,0x0862,0x10a3,0x636e,0x638f,0x424a,0x0862,0x0862,0x0862,0x0862,0x08a3,
  0x0862,0x0862,0x31e8,0x5b2d,0x29a7,0x0882,0x0862,0x0862,0x0862,0x0862,0x0862,0x0862,0x0862,0x0862,0x0862,0x0862,
  0x0862,0x0862,0x0862,0x0862,0x0862,0x0862,0x0862,0x0862,0x0862,0x0862,0x0862,0x0862,0x0862,0x0862,0x0862,0x0862,
  0x0862,0x0862,0x0862,0x0862,0x10a3,0xce7a,0xdefc,0xe75d,0xd6bb,0xa535,0x10a3,0x0862,0x0862,0x0862,0x0862,0x0862,
  0x0862,0x0862,0x0862,0x0862,0x0862,0x08a3,0x0862,0x0862,0x0882,0x0882,0x0883,0x0882,0x0862,0x0862,0x0862,0x0862,
  0x0862,0x0862,0x0862,0x0862,0x0862,0x0862,0x0862,0x0862,0x0862,0x0862,0x08a3,0x0862,0x0862,0x10a3,0x4229,0x632d,
  0x2986,0x39e8,0x52cb,0x2125,0x0862,0x0862,0x0862,0x0882,0x2145,0x1925,0x31c8,0x0862,0x0862,0x0862,0x0862,0x08a3,
  0x0862,0x0862,0x10a3,0x1904,0x2986,0x2146,0x0862,0x0862,0x0862,0x0862,0x0862,0x0862,0x0862,0x0862,0x0862,0x0862,
  0x0862,0x0862,0x0862,0x0862,0x0862,0x0862,0x0862,0x0862,0x0862,0x0862,0x0862,0x0862,0x0862,0x0862,0x0862,0x0862,
  0x0862,0x0862,0x0862,0x2966,0x4249,0xd6db,0x8451,0x632d,0x9cf4,0xc639,0x10c3,0x0862,0x0862,0x0862,0x0862,0x0862,
  0x0862,0x0862,0x0862,0x0862,0x0862,0x08a3,0x0862,0x0862,0x2987,0x52ec,0x3a49,0x2966,0x0862,0x0862,0x0862,0x0862,
  0x0862,0x0862,0x0862,0x0862,0x0862,0x0862,0x0862,0x0862,0x0862,0x0862,0x08a3,0x0862,0x0862,0x5aec,0xe75d,0xe73d,
  0xd6dc,0xe73d,0xe73d,0xb5d7,0x10a3,0x0862,0x0862,0x0862,0x0862,0x0862,0x0862,0x0862,0x0862,0x0862,0x0862,0x08a3,
  0x0862,0x0862,0x29a7,0x424a,0x52ec,0x2986,0x0862,0x0862,0x0862,0x0862,0x0862,0x0862,0x0862,0x0862,0x0862,0x0862,
  0x0862,0x0862,0x0862,0x0862,0x0862,0x0862,0x0862,0x0862,0x0862,0x0862,0x0862,0x0862,0x0862,0x0862,0x0862,0x0862,
  0x0862,0x0862,0x0882,0x9cf4,0xef7e,0xf7bf,0xef7e,0x73cf,0x10a3,0x0882,0x0882,0x0862,0x0862,0x0862,0x0862,0x0862,
  0x0862,0x0862,0x0862,0x0862,0x0862,0x08a3,0x0862,0x0862,0x3a29,0x52cc,0x3a29,0x0862,0x0862,0x0862,0x0862,0x0862,
  0x0862,0x0862,0x0862,0x0862,0x0862,0x0862,0x0862,0x0862,0x0862,0x0862,0x08a3,0x0862,0x0882,0x9d14,0xbdf8,0x31c7,
  0xce9a,0xb5d7,0x52cb,0xe73d,0x18e4,0x0862,0x0862,0x0862,0x0862,0x0862,0x0862,0x0862,0x0862,0x0862,0x0862,0x08a3,
  0x0862,0x0862,0x424a,0x5b2e,0x31c7,0x0862,0x0862,0x0862,0x0862,0x0862,0x0862,0x0862,0x0862,0x0862,0x0862,0x0862,
  0x0862,0x0862,0x0862,0x0862,0x0862,0x0862,0x0862,0x0862,0x0862,0x0862,0x0862,0x0862,0x0862,0x0862,0x0862,0x0862,
  0x0862,0x0862,0x0862,0x39e8,0x5b0c,0xc659,0x8431,0x31a7,0x0862,0x0862,0x0862,0x0862,0x0862,0x0862,0x0862,0x0862,
  0x0862,0x0862,0x0862,0x0862,0x0862,0x08a3,0x0862,0x0862,0x31c8,0x424a,0x31e8,0x0862,0x0862,0x0862,0x0862,0x0862,
  0x0862,0x0862,0x0862,0x0862,0x0862,0x0862,0x0862,0x0862,0x0862,0x0862,0x08a3,0x0862,0x0882,0x8c72,0xe71d,0xad96,
  0xe75d,0xdf1c,0xc639,0xdefc,0x18e4,0x0862,0x0862,0x0862,0x0862,0x0862,0x0862,0x0862,0x0862,0x0862,0x0862,0x08a3,
  0x0862,0x0862,0x0862,0x0862,0x0862,0x0862,0x0862,0x0862,0x0862,0x0862,0x0862,0x0862,0x0862,0x0862,0x0862,0x0862,
  0x0862,0x0862,0x0862,0x0862,0x0862,0x0862,0x0862,0x0862,0x0862,0x0862,0x0862,0x0862,0x0862,0x0862,0x0862,0x0862,
  0x0862,0x0862,0x0862,0x0862,0x0862,0x0882,0x0862,0x0862,0x0862,0x0862,0x0862,0x0862,0x0862,0x0862,0x0862,0x0862,
  0x0862,0x0862,0x0862,0x0862,0x0862,0x08a3,0x0862,0x0862,0x2166,0x31e8,0x3a29,0x0862,0x0862,0x0862,0x0862,0x0862,
  0x0862,0x0862,0x0862,0x0862,0x0862,0x0862,0x0862,0x0862,0x0862,0x0862,0x08a3,0x0862,0x0862,0x2966,0xad76,0xbe18,
  0x8c92,0xa535,0xb5d7,0x6b8e,0x0862,0x0862,0x0862,0x0862,0x0862,0x0862,0x0862,0x0862,0x0862,0x0862,0x0862,0x08a3,
  0x0862,0x0862,0x0862,0x0862,0x0862,0x0862,0x0862,0x0862,0x0862,0x0862,0x0862,0x0862,0x0862,0x0862,0x0862,0x0862,
  0x0862,0x0862,0x0862,0x0862,0x0862,0x0862,0x0862,0x0862,0x0862,0x0862,0x0862,0x0862,0x0862,0x0862,0x0862,0x0862,
  0x0862,0x0862,0x0862,0x10a3,0x18e4,0x10e4,0x10a3,0x0862,0x0862,0x0862,0x0862,0x0862,0x0862,0x0862,0x0862,0x0862,
  0x0862,0x0862,0x0862,0x0862,0x0862,0x08a3,0x0862,0x0862,0x1904,0x2145,0x3a29,0x0862,0x0862,0x0862,0x0862,0x0862,
  0x0862,0x0862,0x0862,0x0862,0x0862,0x0862,0x0862,0x0862,0x0862,0x0862,0x08a3,0x0862,0x0862,0x0862,0x0882,0x10a3,
  0x0882,0x10a3,0x10a3,0x0882,0x0862,0x0862,0x0862,0x0862,0x0862,0x0862,0x0862,0x0862,0x0862,0x0862,0x0862,0x08a3,
  0x0862,0x0862,0x0862,0x0862,0x0862,0x0862,0x0862,0x0862,0x0862,0x0862,0x0862,0x0862,0x0862,0x0862,0x0862,0x0862,
  0x0862,0x0862,0x0862,0x0862,0x0862,0x0862,0x0862,0x0862,0x0862,0x0862,0x0862,0x0862,0x0862,0x0862,0x0862,0x0862,
  0x0862,0x0862,0x0862,0x2166,0x6baf,0x3a49,0x18e4,0x0862,0x0862,0x0862,0x0862,0x0862,0x0862,0x0862,0x0862,0x0862,
  0x0862,0x0862,0x0862,0x0862,0x0862,0x08a3,0x0862,0x0862,0x1904,0x2146,0x10c3,0x0862,0x0862,0x0862,0x0862,0x0862,
  0x0862,0x0862,0x0862,0x0862,0x0862,0x0862,0x0862,0x0862,0x0862,0x0862,0x08a3,0x0862,0x0862,0x0862,0x0862,0x0862,
  0x0862,0x0862,0x0862,0x0862,0x0862,0x0862,0x0862,0x0862,0x0862,0x0862,0x0862,0x0862,0x0862,0x0862,0x0862,0x08a3,
  0x0862,0x0862,0x0862,0x0862,0x0862,0x0862,0x0862,0x0862,0x0862,0x0862,0x0862,0x0862,0x0862,0x0862,0x0862,0x0862,
  0x0862,0x0862,0x0862,0x0862,0x0862,0x0862,0x0862,0x0862,0x0862,0x0862,0x0862,0x0862,0x0862,0x0862,0x0862,0x0862,
  0x0862,0x0862,0x0862,0x31e8,0x29a7,0x29a7,0x0862,0x0862,0x0862,0x0862,0x0862,0x0862,0x0862,0x0862,0x0862,0x0862,
  0x0862,0x0862,0x0862,0x0862,0x0862,0x08a3,0x0862,0x0862,0x0862,0x0862,0x0862,0x0862,0x0862,0x0862,0x0862,0x0862,
  0x0862,0x0862,0x0862,0x0862,0x0862,0x0862,0x0862,0x0862,0x0862,0x0862,0x08a3,0x0862,0x0862,0x0862,0x0862,0x0862,
  0x0862,0x0862,0x0862,0x0862,0x0862,0x0862,0x0862,0x0862,0x0862,0x0862,0x0862,0x0862,0x0862,0x0862,0x0862,0x08a3,
  0x0862,0x0862,0x0862,0x0862,0x0862,0x0862,0x0862,0x0862,0x0862,0x0862,0x0862,0x0862,0x0862,0x0862,0x0862,0x0862,
  0x0862,0x0862,0x0862,0x0862,0x0862,0x0862,0x0862,0x0862,0x0862,0x0862,0x0862,0x0862,0x0862,0x0862,0x0862,0x0862,
  0x0862,0x0862,0x0862,0x1904,0x2966,0x3a29,0x0862,0x0862,0x0862,0x0862,0x0862,0x0862,0x0862,0x0862,0x0862,0x0862,
  0x0862,0x0862,0x0862,0x0862,0x0862,0x08a3,0x0862,0x0862,0x0862,0x0862,0x0862,0x0862,0x0862,0x0862,0x0862,0x0862,
  0x0862,0x0862,0x0862,0x0862,0x0862,0x0862,0x0862,0x0862,0x0862,0x0862,0x08a3,0x0862,0x0862,0x0862,0x0862,0x0862,
  0x0862,0x0862,0x0862,0x0862,0x0862,0x0862,0x0862,0x0862,0x0862,0x0862,0x0862,0x0862,0x0862,0x0862,0x0862,0x08a3,
  0x0862,0x0862,0x0862,0x0862,0x0862,0x0862,0x0862,0x0862,0x0862,0x0862,0x0862,0x0862,0x0862,0x0862,0x0862,0x0862,
  0x0862,0x0862,0x0862,0x0862,0x0862,0x0862,0x0862,0x0862,0x0862,0x0862,0x0862,0x0862,0x0862,0x0862,0x0862,0x0862,
  0x0862,0x0862,0x0862,0x2166,0x31e8,0x3a29,0x0862,0x0862,0x0862,0x0862,0x0862,0x0862,0x0862,0x0862,0x0862,0x0862,
  0x0862,0x0862,0x0862,0x0862,0x0862,0x08a3,0x0862,0x0862,0x0862,0x0862,0x0862,0x0862,0x0862,0x0862,0x0862,0x0862,
  0x0862,0x0862,0x0862,0x0862,0x0862,0x0862,0x0862,0x0862,0x0862,0x0862,0x08a3,0x0862,0x0862,0x0862,0x0862,0x0862,
  0x0862,0x0862,0x0862,0x0862,0x0862,0x0862,0x0862,0x0862,0x0862,0x0862,0x0862,0x0862,0x0862,0x0862,0x0862,0x08a3,
  0x0862,0x0862,0x0862,0x0862,0x0862,0x0862,0x0862,0x0862,0x0862,0x0862,0x0862,0x0862,0x0862,0x0862,0x0862,0x0862,
  0x0862,0x0862,0x0862,0x0862,0x0862,0x0862,0x0862,0x0862,0x0862,0x0862,0x0862,0x0862,0x0862,0x0862,0x0862,0x0862,
  0x0862,0x0862,0x0862,0x29a7,0x426a,0x31e8,0x0862,0x0862,0x0862,0x0862,0x0862,0x0862,0x0862,0x0862,0x0862,0x0862,
  0x0862,0x0862,0x0862,0x0862,0x0862,0x08a3,0x0862,0x0862,0x0862,0x0862,0x0862,0x0862,0x0862,0x0862,0x0862,0x0862,
  0x0862,0x0862,0x0862,0x0862,0x0862,0x0862,0x0862,0x0862,0x0862,0x0862,0x08a3,0x0862,0x0862,0x0862,0x0862,0x0862,
  0x0862,0x0862,0x0862,0x0862,0x0862,0x0862,0x0862,0x0862,0x0862,0x0862,0x0862,0x0862,0x0862,0x0862,0x0862,0x08a3,
  0x0862,0x0862,0x0862,0x0862,0x0862,0x0862,0x0862,0x0862,0x0862,0x0862,0x0862,0x0862,0x0862,0x0862,0x0862,0x0862,
  0x0862,0x0862,0x0862,0x0862,0x0862,0x0862,0x0862,0x0862,0x0862,0x0862,0x0862,0x0862,0x0862,0x0862,0x0862,0x0862,
  0x0862,0x0862,0x0862,0x0862,0x0862,0x0862,0x0862,0x0862,0x0862,0x0862,0x0862,0x0862,0x0862,0x0862,0x0862,0x0862,
  0x0862,0x0862,0x0862,0x0862,0x0862,0x08a3,0x0862,0x0862,0x0862,0x0862,0x0862,0x0862,0x0862,0x0862,0x0862,0x0862,
  0x0862,0x0862,0x0862,0x0862,0x0862,0x0862,0x0862,0x0862,0x0862,0x0862,0x08a3,0x0862,0x0862,0x0862,0x0862,0x0862,
  0x0862,0x0862,0x0862,0x0862,0x0862,0x0862,0x0862,0x0862,0x0862,0x0862,0x0862,0x0862,0x0862,0x0862,0x0862,0x08a3,
  0x0862,0x0862,0x0862,0x0862,0x0862,0x0862,0x0862,0x0862,0x0862,0x0862,0x0862,0x0862,0x0862,0x0862,0x0862,0x0862,
  0x0862,0x0862,0x0862,0x0862,0x0862,0x0862,0x0862,0x0862,0x0862,0x0862,0x0862,0x0862,0x0862,0x0862,0x0862,0x0862,
  0x0862,0x0862,0x0862,0x0862,0x0862,0x0862,0x0862,0x0862,0x0862,0x0862,0x0862,0x0862,0x0862,0x0862,0x0862,0x0862,
  0x0862,0x0862,0x0862,0x0862,0x0862,0x08a3,0x0862,0x0862,0x0862,0x0862,0x0862,0x0862,0x0862,0x0862,0x0862,0x0862,
  0x0862,0x0862,0x0862,0x0862,0x0862,0x0862,0x0862,0x0862,0x0862,0x0862,0x08a3,0x0862,0x0862,0x0862,0x0862,0x0862,
  0x0862,0x0862,0x0862,0x0862,0x0862,0x0862,0x0862,0x0862,0x0862,0x0862,0x0862,0x0862,0x0862,0x0862,0x0862,0x08a3,
  0x0862,0x0862,0x0862,0x0862,0x0862,0x0862,0x0862,0x0862,0x0862,0x0862,0x0862,0x0862,0x0862,0x0862,0x0862,0x0862,
  0x0862,0x0862,0x0862,0x0862,0x0862,0x0862,0x0862,0x0862,0x0862,0x0862,0x0862,0x0862,0x0862,0x0862,0x0862,0x0862,
  0x0862,0x0862,0x0862,0x0862,0x0862,0x0862,0x0862,0x0862,0x0862,0x0862,0x0862,0x0862,0x0862,0x0862,0x0862,0x0862,
  0x0862,0x0862,0x0862,0x0862,0x0862,0x08a3,0x0862,0x0862,0x0862,0x0862,0x0862,0x0862,0x0862,0x0862,0x0862,0x0862,
  0x0862,0x0862,0x0862,0x0862,0x0862,0x0862,0x0862,0x0862,0x0862,0x0862,0x08a3,0x0862,0x0862,0x0862,0x0862,0x0862,
  0x0862,0x0862,0x0862,0x0862,0x0862,0x0862,0x0862,0x0862,0x0862,0x0862,0x0862,0x0862,0x0862,0x0862,0x0862,0x08a3,
  0x0862,0x0862,0x0862,0x0862,0x0862,0x0862,0x0862,0x0862,0x0862,0x0862,0x0862,0x0862,0x0862,0x0862,0x0862,0x0862,
  0x0862,0x0862,0x0862,0x0862,0x0862,0x0862,0x0862,0x0862,0x0862,0x0862,0x0862,0x0862,0x0862,0x0862,0x0862,0x0862,
  0x0862,0x0862,0x0862,0x0862,0x0862,0x0862,0x0862,0x0862,0x0862,0x0862,0x0862,0x0862,0x0862,0x0862,0x0862,0x0862,
  0x0862,0x0862,0x0862,0x0862,0x0862,0x08a3,0x0862,0x0862,0x0862,0x0862,0x0862,0x0862,0x0862,0x0862,0x0862,0x0862,
  0x0862,0x0862,0x0862,0x0862,0x0862,0x0862,0x0862,0x0862,0x0862,0x0862,0x08a3,0x0862,0x0862,0x0862,0x0862,0x0862,
  0x0862,0x0862,0x0862,0x0862,0x0862,0x0862,0x0862,0x0862,0x0862,0x0862,0x0862,0x0862,0x0862,0x0862,0x0862,0x08a3,
  0x0862,0x0862,0x0862,0x0862,0x0862,0x0862,0x0862,0x0862,0x0862,0x0862,0x0862,0x0862,0x0862,0x0862,0x0862,0x0862,
  0x0862,0x0862,0x0862,0x0862,0x0862,0x0862,0x0862,0x0862,0x0862,0x0862,0x0862,0x0862,0x0862,0x0862,0x0862,0x0862,
  0x0862,0x0862,0x0862,0x0862,0x0862,0x0862,0x0862,0x0862,0x0862,0x0862,0x0862,0x0862,0x0862,0x0862,0x0862,0x0862,
  0x0862,0x0862,0x0862,0x0862,0x0862,0x08a3,0x0862,0x0862,0x0862,0x0862,0x0862,0x0862,0x0862,0x0862,0x0862,0x0862,
  0x0862,0x0862,0x0862,0x0862,0x0862,0x0862,0x0862,0x0862,0x0862,0x0862,0x08a3,0x0862,0x0862,0x0862,0x0862,0x0862,
  0x0862,0x0862,0x0862,0x0862,0x0862,0x0862,0x0862,0x0862,0x0862,0x0862,0x0862,0x0862,0x0862,0x0862,0x0862,0x08a3,
  0x0862,0x0862,0x0862,0x0862,0x0862,0x0862,0x0862,0x0862,0x0862,0x0862,0x0862,0x0862,0x0862,0x0862,0x0862,0x0862,
  0x0862,0x0862,0x0862,0x0862,0x0862,0x0862,0x0862,0x0862,0x0862,0x0862,0x0862,0x0862,0x0862,0x0862,0x0862,0x0862,
  0x0862,0x0862,0x0862,0x0862,0x0862,0x0862,0x0862,0x0862,0x0862,0x0862,0x0862,0x0862,0x0862,0x0862,0x0862,0x0862,
  0x0862,0x0862,0x0862,0x0862,0x0862,0x08a3,0x0862,0x0862,0x0862,0x0862,0x0862,0x0862,0x0862,0x0862,0x0862,0x0862,
  0x0862,0x0862,0x0862,0x0862,0x0862,0x0862,0x0862,0x0862,0x0862,0x0862,0x08a3,0x0862,0x0862,0x0862,0x0862,0x0862,
  0x0862,0x0862,0x0862,0x0862,0x0862,0x0862,0x0862,0x0862,0x0862,0x0862,0x0862,0x0862,0x0862,0x0862,0x0862,0x08a3,
  0x0862,0x0862,0x0862,0x0862,0x0862,0x0862,0x0862,0x0862,0x0862,0x0862,0x0862,0x0862,0x0862,0x0862,0x0862,0x0862,
  0x0862,0x0862,0x0862,0x0862,0x0862,0x0862,0x0862,0x0862,0x0862,0x0862,0x0862,0x0862,0x0862,0x0862,0x0862,0x0862,
  0x0862,0x0862,0x0862,0x0862,0x0862,0x0862,0x0862,0x0862,0x0862,0x0862,0x0862,0x0862,0x0862,0x0862,0x0862,0x0862,
  0x0862,0x0862,0x0862,0x0862,0x0862,0x08a3,0x0862,0x0862,0x0862,0x0862,0x0862,0x0862,0x0862,0x0862,0x0862,0x0862,
  0x0862,0x0862,0x0862,0x0862,0x0862,0x0862,0x0862,0x0862,0x0862,0x0862,0x08a3,0x0862,0x0862,0x0862,0x0862,0x0862,
  0x0862,0x0862,0x0862,0x0862,0x0862,0x0862,0x0862,0x0862,0x0862,0x0862,0x0862,0x0862,0x0862,0x0862,0x0862,0x08a3,
  0x0862,0x0862,0x0862,0x0862,0x0862,0x0862,0x0862,0x0862,0x0862,0x0862,0x0862,0x0862,0x0862,0x0862,0x0862,0x0862,
  0x0862,0x0862,0x0862,0x0862,0x0862,0x0862,0x0862,0x0862,0x0862,0x0862,0x0862,0x0862,0x0862,0x0862,0x0862,0x0862,
  0x0862,0x0862,0x0862,0x0862,0x0862,0x0862,0x0862,0x0862,0x0862,0x0862,0x0862,0x0862,0x0862,0x0862,0x0862,0x0862,
  0x0862,0x0862,0x0862,0x0862,0x0862,0x08a3,0x0862,0x0862,0x0862,0x0862,0x0862,0x0862,0x0862,0x0862,0x0862,0x0862,
  0x0862,0x0862,0x0862,0x0862,0x0862,0x0862,0x0862,0x0862,0x0862,0x0862,0x08a3,0x0862,0x0862,0x0862,0x0862,0x0862,
  0x0862,0x0862,0x0862,0x0862,0x0862,0x0862,0x0862,0x0862,0x0862,0x0862,0x0862,0x0862,0x0862,0x0862,0x0862,0x08a3,
  0x0862,0x0862,0x0862,0x0862,0x0862,0x0862,0x0862,0x0862,0x0862,0x0862,0x0862,0x0862,0x0862,0x0862,0x0862,0x0862,
  0x0862,0x0862,0x0862,0x0862,0x0862,0x0862,0x0862,0x0862,0x0862,0x0862,0x0862,0x0862,0x0862,0x0862,0x0862,0x0862,
  0x0862,0x0862,0x0862,0x0862,0x0862,0x0862,0x0862,0x0862,0x0862,0x0862,0x0862,0x0862,0x0862,0x0862,0x0862,0x0862,
  0x0862,0x0862,0x0862,0x0862,0x0862,0x08a3,0x0862,0x0862,0x0862,0x0862,0x0862,0x0862,0x0862,0x0862,0x0862,0x0862,
  0x0862,0x0862,0x0862,0x0862,0x0862,0x0862,0x0862,0x0862,0x0862,0x0862,0x08a3,0x0862,0x0862,0x0862,0x0862,0x0862,
  0x0862,0x0862,0x0862,0x0862,0x0862,0x0862,0x0862,0x0862,0x0862,0x0862,0x0862,0x0862,0x0862,0x0862,0x0862,0x08a3,
  0x0862,0x0862,0x0862,0x0862,0x0862,0x0862,0x0862,0x0862,0x0862,0x0862,0x0862,0x0862,0x0862,0x0862,0x0862,0x0862,
  0x0862,0x0862,0x0862,0x0862,0x0862,0x0862,0x0862,0x0862,0x0862,0x0862,0x0862,0x0862,0x0862,0x0862,0x0862,0x0862,
  0x0862,0x0862,0x0862,0x0862,0x0862,0x0862,0x0862,0x0862,0x0862,0x0862,0x0862,0x0862,0x0862,0x0862,0x0862,0x0862,
  0x0862,0x0862,0x0862,0x0862,0x0862,0x08a3,0x0862,0x0862,0x0862,0x0862,0x0862,0x0862,0x0862,0x0862,0x0862,0x0862,
  0x0862,0x0862,0x0862,0x0862,0x0862,0x0862,0x0862,0x0862,0x0862,0x0862,0x08a3,0x0862,0x0862,0x0862,0x0862,0x0862,
  0x0862,0x0862,0x0862,0x0862,0x0862,0x0862,0x0862,0x0862,0x0862,0x0862,0x0862,0x0862,0x0862,0x0862,0x0862,0x08a3,
  0x0862,0x0862,0x0862,0x0862,0x0862,0x0862,0x0862,0x0862,0x0862,0x0862,0x0862,0x0862,0x0862,0x0862,0x0862,0x0862,
  0x0862,0x0862,0x0862,0x0862,0x0862,0x0862,0x0862,0x0862,0x0862,0x0862,0x0862,0x0862,0x0862,0x0862,0x0862,0x0862,
  0x0862,0x0862,0x0862,0x0862,0x0862,0x0862,0x0862,0x0862,0x0862,0x0862,0x0862,0x0862,0x0862,0x0862,0x0862,0x0862,
  0x0862,0x0862,0x0862,0x0862,0x0862,0x08a3,0x0862,0x0862,0x0862,0x0862,0x0862,0x0862,0x0862,0x0862,0x0862,0x0862,
  0x0862,0x0862,0x0862,0x0862,0x0862,0x0862,0x0862,0x0862,0x0862,0x0862,0x08a3,0x0862,0x0862,0x0862,0x0862,0x0862,
  0x0862,0x0862,0x0862,0x0862,0x0862,0x0862,0x0862,0x0862,0x0862,0x0862,0x0862,0x0862,0x0862,0x0862,0x0862,0x08a3,
  0x0862,0x0862,0x0862,0x0862,0x0862,0x0862,0x0862,0x0862,0x0862,0x0862,0x0862,0x0862,0x0862,0x0862,0x0862,0x0862,
  0x0862,0x0862,0x0862,0x0862,0x0862,0x0862,0x0862,0x0862,0x0862,0x0862,0x0862,0x0862,0x0862,0x0862,0x0862,0x0862,
  0x0862,0x0862,0x0862,0x0862,0x0862,0x0862,0x0862,0x0862,0x0862,0x0862,0x0862,0x0862,0x0862,0x0862,0x0862,0x0862,
  0x0862,0x0862,0x0862,0x0862,0x0862,0x08a3,0x0862,0x0862,0x0862,0x0862,0x0862,0x0862,0x0862,0x0862,0x0862,0x0862,
  0x0862,0x0862,0x0862,0x0862,0x0862,0x0862,0x0862,0x0862,0x0862,0x0862,0x08a3,0x0862,0x0862,0x0862,0x0862,0x0862,
  0x0862,0x0862,0x0862,0x0862,0x0862,0x0862,0x0862,0x0862,0x0862,0x0862,0x0862,0x0862,0x0862,0x0862,0x0862,0x08a3,
  0x0862,0x0862,0x0862,0x0862,0x0862,0x0862,0x0862,0x0862,0x0862,0x0862,0x0862,0x0862,0x0862,0x0862,0x0862,0x0862,
  0x0862,0x0862,0x0862,0x0862,0x0862,0x0862,0x0862,0x0862,0x0862,0x0862,0x0862,0x0862,0x0862,0x0862,0x0862,0x0862,
  0x0862,0x0862,0x0862,0x0862,0x0862,0x0862,0x0862,0x0862,0x0862,0x0862,0x0862,0x0862,0x0862,0x0862,0x0862,0x0862,
  0x0862,0x0862,0x0862,0x0862,0x0862,0x08a3,0x0862,0x0862,0x0862,0x0862,0x0862,0x0862,0x0862,0x0862,0x0862,0x0862,
  0x0862,0x0862,0x0862,0x0862,0x0862,0x0862,0x0862,0x0862,0x0862,0x0862,0x08a3,0x0862,0x0862,0x0862,0x0862,0x0862,
  0x0862,0x0862,0x0862,0x0862,0x0862,0x0862,0x0862,0x0862,0x0862,0x0862,0x0862,0x0862,0x0862,0x0862,0x0862,0x08a3,
  0x0862,0x0862,0x0862,0x0862,0x0862,0x0862,0x0862,0x0862,0x0862,0x0862,0x0862,0x0862,0x0862,0x0862,0x0862,0x0862,
  0x0862,0x0862,0x0862,0x0862,0x0862,0x0862,0x0862,0x0862,0x0862,0x0862,0x0862,0x0862,0x0862,0x0862,0x0862,0x0862,
  0x0862,0x0862,0x0862,0x0862,0x0862,0x0862,0x0862,0x0862,0x0862,0x0862,0x0862,0x0862,0x0862,0x0862,0x0862,0x0862,
  0x0862,0x0862,0x0862,0x0862,0x0862,0x08a3,0x0862,0x0862,0x0862,0x0862,0x0862,0x0862,0x0862,0x0862,0x0862,0x0862,
  0x0862,0x0862,0x0862,0x0862,0x0862,0x0862,0x0862,0x0862,0x0862,0x0862,0x08a3,0x0862,0x0862,0x0862,0x0862,0x0862,
  0x0862,0x0862,0x0862,0x0862,0x0862,0x0862,0x0862,0x0862,0x0862,0x0862,0x0862,0x0862,0x0862,0x0862,0x0862,0x08a3,
  0x0862,0x0862,0x0862,0x0862,0x0862,0x0862,0x0862,0x0862,0x0862,0x0862,0x0862,0x0862,0x0862,0x0862,0x0862,0x0862,
  0x0862,0x0862,0x0862,0x0862,0x0862,0x0862,0x0862,0x0862,0x0862,0x0862,0x0862,0x0862,0x0862,0x0862,0x0862,0x0862,
  0x0862,0x0862,0x0862,0x0862,0x0862,0x0862,0x0862,0x0862,0x0862,0x0862,0x0862,0x0862,0x0862,0x0862,0x0862,0x0862,
  0x0862,0x0862,0x0862,0x0862,0x0862,0x08a3,0x0862,0x0862,0x0862,0x0862,0x0862,0x0862,0x0862,0x0862,0x0862,0x0862,
  0x0862,0x0862,0x0862,0x0862,0x0862,0x0862,0x0862,0x0862,0x0862,0x0862,0x08a3,0x0862,0x0862,0x0862,0x0862,0x0862,
  0x0862,0x0862,0x0862,0x0862,0x0862,0x0862,0x0862,0x0862,0x0862,0x0862,0x0862,0x0862,0x0862,0x0862,0x0862,0x08a3,
  0x0862,0x0862,0x0862,0x0862,0x0862,0x0862,0x0862,0x0862,0x0862,0x0862,0x0862,0x0862,0x0862,0x0862,0x0862,0x0862,
  0x0862,0x0862,0x0862,0x0862,0x0862,0x0862,0x0862,0x0862,0x0862,0x0862,0x0862,0x0862,0x0862,0x0862,0x0862,0x0862,
  0x0862,0x0862,0x0862,0x0862,0x0862,0x0862,0x0862,0x0862,0x0862,0x0862,0x0862,0x0862,0x0862,0x0862,0x0862,0x0862,
  0x0862,0x0862,0x0862,0x0862,0x0862,0x08a3,0x0862,0x0862,0x0862,0x0862,0x0862,0x0862,0x0862,0x0862,0x0862,0x0862,
  0x0862,0x0862,0x0862,0x0862,0x0862,0x0862,0x0862,0x0862,0x0862,0x0862,0x08a3,0x0862,0x0862,0x0862,0x0862,0x0862,
  0x0862,0x0862,0x0862,0x0862,0x0862,0x0862,0x0862,0x0862,0x0862,0x0862,0x0862,0x0862,0x0862,0x0862,0x0862,0x08a3,
  0x0862,0x0862,0x0862,0x0862,0x0862,0x0862,0x0862,0x0862,0x0862,0x0862,0x0862,0x0862,0x0862,0x0862,0x0862,0x0862,
  0x0862,0x0862,0x0862,0x0862,0x0862,0x0862,0x0862,0x0862,0x0862,0x0862,0x0862,0x0862,0x0862,0x0862,0x0862,0x0862,
  0x0862,0x0862,0x0862,0x0862,0x0862,0x0862,0x0862,0x0862,0x0862,0x0862,0x0862,0x0862,0x0862,0x0862,0x0862,0x0862,
  0x0862,0x0862,0x0862,0x0862,0x0862,0x08a3,0x0862,0x0862,0x0862,0x0862,0x0862,0x0862,0x0862,0x0862,0x0862,0x0862,
  0x0862,0x0862,0x0862,0x0862,0x0862,0x0862,0x0862,0x0862,0x0862,0x0862,0x08a3,0x0862,0x0862,0x0862,0x0862,0x0862,
  0x0862,0x0862,0x0862,0x0862,0x0862,0x0862,0x0862,0x0862,0x0862,0x0862,0x0862,0x0862,0x0862,0x0862,0x0862,0x08a3,
  0x0862,0x0862,0x0862,0x0862,0x0862,0x0862,0x0862,0x0862,0x0862,0x0862,0x0862,0x0862,0x0862,0x0862,0x0862,0x0862,
  0x0862,0x0862,0x0862,0x0862,0x0862,0x0862,0x0862,0x0862,0x0862,0x0862,0x0862,0x0862,0x0862,0x0862,0x0862,0x0862,
  0x0862,0x0862,0x0862,0x0862,0x0862,0x0862,0x0862,0x0862,0x0862,0x0862,0x0862,0x0862,0x0862,0x0862,0x0862,0x0862,
  0x0862,0x0862,0x0862,0x0862,0x0862,0x08a3,0x0862,0x0862,0x0862,0x0862,0x0862,0x0862,0x0862,0x0862,0x0862,0x0862,
  0x0862,0x0862,0x0862,0x0862,0x0862,0x0862,0x0862,0x0862,0x0862,0x0862,0x08a3,0x0862,0x0862,0x0862,0x0862,0x0862,
  0x0862,0x0862,0x0862,0x0862,0x0862,0x0862,0x0862,0x0862,0x0862,0x0862,0x0862,0x0862,0x0862,0x0862,0x0862,0x08a3,
  0x0862,0x0862,0x0862,0x0862,0x0862,0x0862,0x0862,0x0862,0x0862,0x0862,0x0862,0x0862,0x0862,0x0862,0x0862,0x0862,
  0x0862,0x0862,0x0862,0x0862,0x0862,0x0862,0x0862,0x0862,0x0862,0x0862,0x0862,0x0862,0x0862,0x0862,0x0862,0x0862,
  0x0862,0x0862,0x0862,0x0862,0x0862,0x0862,0x0862,0x0862,0x0862,0x0862,0x0862,0x0862,0x0862,0x0862,0x0862,0x0862,
  0x0862,0x0862,0x0862,0x0862,0x0862,0x0862,0x0862,0x0862,0x0862,0x0862,0x0862,0x0862,0x0862,0x0862,0x0862,0x0862,
  0x0862,0x0862,0x0862,0x0862,0x0862,0x0862,0x0862,0x0862,0x0862,0x0862,0x0862,0x0862,0x0862,0x0862,0x0862,0x0862,
  0x0862,0x0862,0x0862,0x0862,0x0862,0x0862,0x0862,0x0862,0x0862,0x0862,0x0862,0x0862,0x0862,0x0862,0x0862,0x0862,
  0x0862,0x0862,0x0862,0x0862,0x0862,0x0862,0x0862,0x0862,0x0862,0x0862,0x0862,0x0862,0x0862,0x0862,0x0862,0x0862,
  0x0862,0x0862,0x0862,0x0862,0x0862,0x0862,0x0862,0x0862,0x0862,0x0862,0x0862,0x0862,0x0862,0x0862,0x0862,0x0862,
  0x0862,0x0862,0x0862,0x0862,0x0862,0x0862,0x0862,0x0862,0x0862,0x0862,0x0862,0x0862,0x0862,0x0862,0x0862,0x0862,
  0x0862,0x0862,0x0862,0x0862,0x0862,0x0862,0x0862,0x0862,0x0862,0x0862,0x0862,0x0862,0x0862,0x0862,0x0862,0x0862,
  0x0862,0x0862,0x0862,0x0862,0x0862,0x0862,0x0862,0x0862,0x0862,0x0862,0x0862,0x0862,0x0862,0x0862,0x0862,0x0862,
  0x0862,0x0862,0x0862,0x0862,0x0862,0x0862,0x0862,0x0862,0x0862,0x0862,0x0862,0x0862,0x0862,0x0862,0x0862,0x0862,
  0x0862,0x0862,0x0862,0x0862,0x0862,0x0862,0x0862,0x0862,0x0862,0x0862,0x0862,0x0862,0x0862,0x0862,0x0862,0x0862,
  0x0862,0x0862,0x0862,0x0862,0x0862,0x0862,0x0862,0x0862,0x0862,0x0862,0x0862,0x0862,0x0862,0x0862,0x0862,0x0862,
  0x0862,0x0862,0x0862,0x0862,0x0862,0x0862,0x0862,0x0862,0x0862,0x0862,0x0862,0x0862,0x0862,0x0862,0x0862,0x0862,
  0x0862,0x0862,0x0862,0x0862,0x0862,0x0862,0x0862,0x0862,0x0862,0x0862,0x0862,0x0862,0x0862,0x0862,0x0862,0x0862,
  0x0862,0x0862,0x0862,0x0862,0x0862,0x0862,0x0862,0x0862,0x0862,0x0862,0x0862,0x0862,0x0862,0x0862,0x0862,0x0862,
  0x0862,0x0862,0x0862,0x0862,0x0862,0x0862,0x0862,0x0862,0x0862,0x0862,0x0862,0x0862,0x0862,0x0862,0x0862,0x0862,
  0x0862,0x0862,0x0862,0x0862,0x0862,0x0862,0x0862,0x0862,0x0862,0x0862,0x0862,0x0862,0x0862,0x0862,0x0862,0x0862,
  0x0862,0x0862,0x0862,0x0862,0x0862,0x0862,0x0862,0x0862,0x0862,0x0862,0x0862,0x0862,0x0862,0x0862,0x0862,0x0862,
  0x0862,0x0862,0x0862,0x0862,0x0862,0x0862,0x0862,0x0862,0x0862,0x0862,0x0862,0x0862,0x0862,0x0862,0x0862,0x0862,
  0x0862,0x0862,0x0862,0x0862,0x0862,0x0862,0x0862,0x0862,0x0862,0x0862,0x0862,0x0862,0x0862,0x0862,0x0862,0x0862,
  0x0862,0x0862,0x0862,0x0862,0x0862,0x0862,0x0862,0x0862,0x0862,0x0862,0x0862,0x0862,0x0862,0x0862,0x0862,0x0862,
  0x0862,0x0862,0x0862,0x0862,0x0862,0x0862,0x0862,0x0862,0x0862,0x0862,0x0862,0x0862,0x0862,0x0862,0x0862,0x0862,
  0x0862,0x0862,0x0862,0x0862,0x0862,0x0862,0x0862,0x0862,0x0862,0x0862,0x0862,0x0862,0x0862,0x0862,0x0862,0x0862,
  0x0862,0x0862,0x0862,0x0862,0x0862,0x0862,0x0862,0x0862,0x0862,0x0862,0x0862,0x0862,0x0862,0x0862,0x0862,0x0862,
  0x0862,0x0862,0x0862,0x0862,0x0862,0x0862,0x0862,0x0862,0x0862,0x0862,0x0862,0x0862,0x0862,0x0862,0x0862,0x0862,
  0x0862,0x0862,0x0862,0x0862,0x0862,0x0862,0x0862,0x0862,0x0862,0x0862,0x0862,0x0862,0x0862,0x0862,0x0862,0x0862,
  0x0862,0x0862,0x0862,0x0862,0x0862,0x0862,0x0862,0x0862,0x0862,0x0862,0x0862,0x0862,0x0862,0x0862,0x0862,0x0862,
  0x0862,0x0862,0x0862,0x0862,0x0862,0x0862,0x0862,0x0862,0x0862,0x0862,0x0862,0x0862,0x0862,0x0862,0x0862,0x0862,
  0x0862,0x0862,0x0862,0x0862,0x0862,0x0862,0x0862,0x0862,0x0862,0x0862,0x0862,0x0862,0x0862,0x0862,0x0862,0x0862,
  0x0862,0x0862,0x0862,0x0862,0x0862,0x0862,0x0862,0x0862,0x0862,0x0862,0x0862,0x0862,0x0862,0x0862,0x0862,0x0862,
};

static const uint16_t THUMB_HALO_LIGHT[144 * 96] PROGMEM = {
  0xef9e,0xef9e,0xef9e,0xef9e,0xef9e,0xef9e,0xef9e,0xef9e,0xef9e,0xef9e,0xef9e,0xef9e,0xef9e,0xef9e,0xef9e,0xef9e,
  0xef9e,0xef9e,0xef9e,0xef9e,0xef9e,0xef9e,0xef9e,0xef9e,0xef9e,0xef9e,0xef9e,0xef9e,0xef9e,0xef9e,0xef9e,0xef9e,
  0xef9e,0xef9e,0xef9e,0xef9e,0xef9e,0xef9e,0xef9e,0xef9e,0xef9e,0xef9e,0xef9e,0xef9e,0xef9e,0xef9e,0xef9e,0xef9e,
  0xef9e,0xef9e,0xef9e,0xef9e,0xef9e,0xef9e,0xef9e,0xef9e,0xef9e,0xef9e,0xef9e,0xef9e,0xef9e,0xef9e,0xef9e,0xef9e,
  0xef9e,0xef9e,0xef9e,0xef9e,0xef9e,0xef9e,0xef9e,0xef9e,0xef9e,0xef9e,0xef9e,0xef9e,0xef9e,0xef9e,0xef9e,0xef9e,
  0xef9e,0xef9e,0xef9e,0xef9e,0xef9e,0xef9e,0xef9e,0xef9e,0xef9e,0xef9e,0xef9e,0xef9e,0xef9e,0xef9e,0xef9e,0xef9e,
  0xef9e,0xef9e,0xef9e,0xef9e,0xef9e,0xef9e,0xef9e,0xef9e,0xef9e,0xef9e,0xef9e,0xef9e,0xef9e,0xef9e,0xef9e,0xef9e,
  0xef9e,0xef9e,0xef9e,0xef9e,0xef9e,0xef9e,0xef9e,0xef9e,0xef9e,0xef9e,0xef9e,0xef9e,0xef9e,0xef9e,0xef9e,0xef9e,
  0xef9e,0xef9e,0xef9e,0xef9e,0xef9e,0xef9e,0xef9e,0xef9e,0xef9e,0xef9e,0xef9e,0xef9e,0xef9e,0xef9e,0xef9e,0xef9e,
  0xef9e,0xef9e,0xef9e,0xef9e,0xef9e,0xef9e,0xef9e,0xef9e,0xef9e,0xef9e,0xef9e,0xef9e,0xef9e,0xef9e,0xef9e,0xef9e,
  0xef9e,0xef9e,0xef9e,0xef9e,0xef9e,0xef9e,0xef9e,0xef9e,0xef9e,0xef9e,0xef9e,0xef9e,0xef9e,0xef9e,0xef9e,0xef9e,
  0xef9e,0xef9e,0xef9e,0xef9e,0xef9e,0xef9e,0xef9e,0xef9e,0xef9e,0xef9e,0xef9e,0xef9e,0xef9e,0xef9e,0xef9e,0xef9e,
  0xef9e,0xef9e,0xef9e,0xef9e,0xef9e,0xef9e,0xef9e,0xef9e,0xef9e,0xef9e,0xef9e,0xef9e,0xef9e,0xef9e,0xef9e,0xef9e,
  0xef9e,0xef9e,0xef9e,0xef9e,0xef9e,0xef9e,0xef9e,0xef9e,0xef9e,0xef9e,0xef9e,0xef9e,0xef9e,0xef9e,0xef9e,0xef9e,
  0xef9e,0xef9e,0xef9e,0xef9e,0xef9e,0xef9e,0xef9e,0xef9e,0xef9e,0xef9e,0xef9e,0xef9e,0xe75e,0xd6dc,0xef9e,0xef9e,
  0xef9e,0xef9e,0xef9e,0xef9e,0xef9e,0xef9e,0xef9e,0xef9e,0xef9e,0xef9e,0xef9e,0xef9e,0xef9e,0xef9e,0xef9e,0xef9e,
  0xef9e,0xef9e,0xef9e,0xef9e,0xef9e,0xef9e,0xef9e,0xef9e,0xef9e,0xef9e,0xef9e,0xef9e,0xef9e,0xef9e,0xef9e,0xef9e,
  0xef9e,0xef9e,0xef9e,0xef9e,0xef9e,0xef9e,0xef9e,0xef9e,0xef9e,0xef9e,0xef9e,0xef9e,0xef9e,0xef9e,0xef9e,0xef9e,
  0xef9e,0xef9e,0xef9e,0xef9e,0xef9e,0xef9e,0xef9e,0xef9e,0xef9e,0xef9e,0xef9e,0xef9e,0xef9e,0xef9e,0xef9e,0xef9e,
  0xef9e,0xef9e,0xef9e,0xef9e,0xef9e,0xef9e,0xef9e,0xef9e,0xef9e,0xef9e,0xef9e,0xef9e,0xef9e,0xef9e,0xef9e,0xef9e,
  0xef7e,0xbdf8,0xef7e,0xef9e,0xef9e,0xef9e,0xef9e,0xef9e,0xef9e,0xef9e,0xef9e,0xef9e,0xe73d,0xd6bb,0xef9e,0xef9e,
  0xef9e,0xef9e,0xef9e,0xef9e,0xef9e,0xef9e,0xef9e,0xef9e,0xef9e,0xef9e,0xef9e,0xef9e,0xef9e,0xef9e,0xef9e,0xef9e,
  0xef9e,0xef9e,0xef9e,0xef9e,0xef9e,0xef9e,0xef9e,0xef9e,0xef9e,0xef9e,0xef9e,0xef9e,0xef9e,0xef9e,0xef9e,0xef9e,
  0xef9e,0xef9e,0xef9e,0xef9e,0xef9e,0xef9e,0xef9e,0xef9e,0xef9e,0xef9e,0xef9e,0xef9e,0xef9e,0xef9e,0xef9e,0xef9e,
  0xef9e,0xef9e,0xef9e,0xef9e,0xef9e,0xef9e,0xef9e,0xef9e,0xef9e,0xef9e,0xef9e,0xef9e,0xef9e,0xef9e,0xef9e,0xef9e,
  0xef9e,0xef9e,0xef9e,0xef9e,0xef9e,0xef9e,0xef9e,0xef9e,0xef9e,0xef9e,0xef9e,0xef9e,0xef9e,0xef9e,0xef9e,0xef9e,
  0xef7e,0xa576,0xe75d,0xef9e,0xef9e,0xef9e,0xef9e,0xef9e,0xef9e,0xef9e,0xef9e,0xef9e,0xef9e,0xef9e,0xef9e,0xef9e,
  0xef9e,0xef9e,0xef9e,0xef9e,0xef9e,0xef9e,0xef9e,0xef9e,0xb5b7,0xef7e,0xef9e,0xef9e,0xef9e,0xef9e,0xef9e,0xef9e,
  0xef9e,0xef9e,0xef9e,0xef9e,0xef9e,0xef9e,0xef9e,0xef9e,0xef9e,0xef9e,0xef9e,0xef9e,0xef9e,0xef9e,0xef9e,0xef9e,
  0xef9e,0xef9e,0xef9e,0xef9e,0xef9e,0xef9e,0xef9e,0xef9e,0xef9e,0xef9e,0xef9e,0xef9e,0xef9e,0xef9e,0xef9e,0xef9e,
  0xef9e,0xef9e,0xef9e,0xef9e,0xef9e,0xef9e,0xef9e,0xef9e,0xef9e,0xef9e,0xef9e,0xef9e,0xef9e,0xef9e,0xef9e,0xef9e,
  0xef9e,0xef9e,0xef9e,0xef9e,0xef9e,0xef9e,0xef9e,0xef9e,0xef9e,0xef9e,0xef9e,0xef9e,0xef9e,0xef9e,0xef9e,0xef9e,
  0xef9e,0xbe19,0xdefc,0xef9e,0xef9e,0xef9e,0xef9e,0xef9e,0xef9e,0xef9e,0xef9e,0xef9e,0xef9e,0xef9e,0xef9e,0xef9e,
  0xef9e,0xef9e,0xef9e,0xef9e,0xef9e,0xef9e,0xef9e,0xef7e,0xa556,0xef7e,0xef9e,0xef9e,0xef9e,0xef9e,0xef9e,0xef9e,
  0xef9e,0xef9e,0xef9e,0xef9e,0xef9e,0xef9e,0xef9e,0xef9e,0xef9e,0xef9e,0xef9e,0xef9e,0xef9e,0xef9e,0xef9e,0xef9e,
  0xef9e,0xef9e,0xef9e,0xef9e,0xef9e,0xef9e,0xef9e,0xef9e,0xef9e,0xef9e,0xef9e,0xef9e,0xef9e,0xef9e,0xef9e,0xef9e,
  0xef9e,0xef9e,0xef9e,0xef9e,0xef9e,0xef9e,0xef9e,0xef9e,0xef9e,0xef9e,0xef9e,0xef9e,0xef9e,0xef9e,0xef9e,0xef9e,
  0xef9e,0xef9e,0xef9e,0xef9e,0xef9e,0xef9e,0xef9e,0xef9e,0xef9e,0xef9e,0xef9e,0xef9e,0xef9e,0xef9e,0xef9e,0xef9e,
  0xef9e,0xd6db,0xce7a,0xef9e,0xef9e,0xef9e,0xef9e,0xdf5e,0xd73e,0xcf1e,0xcefd,0xc6fd,0xcf1d,0xd73e,0xdf5e,0xe77e,
  0xef9e,0xef9e,0xef9e,0xef9e,0xef9e,0xef9e,0xef9e,0xd6dc,0xbdf8,0xef9e,0xef9e,0xef9e,0xef9e,0xef9e,0xef9e,0xef9e,
  0xef9e,0xef9e,0xef9e,0xef9e,0xef9e,0xef9e,0xef9e,0xef9e,0xef9e,0xef9e,0xef9e,0xef9e,0xef9e,0xef9e,0xef9e,0xef9e,
  0xef9e,0xef9e,0xef9e,0xef9e,0xef9e,0xef9e,0xef9e,0xef9e,0xef9e,0xef9e,0xef9e,0xef9e,0xef9e,0xef9e,0xef9e,0xef9e,
  0xef9e,0xef9e,0xef9e,0xef9e,0xef9e,0xef9e,0xef9e,0xef9e,0xef9e,0xef9e,0xef9e,0xef9e,0xef9e,0xef9e,0xef9e,0xef9e,
  0xef9e,0xef9e,0xef9e,0xef9e,0xef9e,0xef9e,0xdefc,0xef9e,0xef9e,0xef9e,0xef9e,0xef9e,0xef9e,0xef9e,0xef9e,0xef9e,
  0xef9e,0xe77e,0xdf5e,0xb69d,0x7dbb,0x44da,0x1439,0x0c19,0x0bf9,0x0bf9,0x0bf9,0x0bf9,0x0bf9,0x0bf9,0x0bf9,0x0c19,
  0x3499,0x657b,0x9e3c,0xd73e,0xe77e,0xef9e,0xef9e,0xb5f8,0xd6fc,0xef9e,0xef9e,0xef9e,0xef9e,0xef9e,0xef9e,0xef9e,
  0xef9e,0xef9e,0xef9e,0xef9e,0xef9e,0xef9e,0xef9e,0xef9e,0xef9e,0xef9e,0xef9e,0xef9e,0xef9e,0xef9e,0xef9e,0xef9e,
  0xef9e,0xef9e,0xef9e,0xef9e,0xef9e,0xef9e,0xef9e,0xef9e,0xef9e,0xef9e,0xef9e,0xef9e,0xef9e,0xef9e,0xef9e,0xef9e,
  0xef9e,0xef9e,0xef9e,0xef9e,0xef9e,0xef9e,0xef9e,0xef9e,0xef9e,0xef9e,0xef9e,0xef9e,0xef9e,0xef9e,0xef9e,0xef9e,
  0xef9e,0xef9e,0xef9e,0xef9e,0xef9e,0xef9e,0xd6dc,0xdf1d,0xef9e,0xef9e,0xef9e,0xef9e,0xef9e,0xef9e,0xdf5e,0xa67c,
  0x655b,0x3cba,0x1c39,0x0bf9,0x03f8,0x03d8,0x03d8,0x03d8,0x03d8,0x03d8,0x03d8,0x03d8,0x03d8,0x03d8,0x03d8,0x03d8,
  0x03d8,0x03d8,0x0bf9,0x1419,0x2c99,0x4d1a,0x85fc,0xd71d,0xe77e,0xef9e,0xef9e,0xef9e,0xef9e,0xef9e,0xef9e,0xef9e,
  0xef9e,0xef9e,0xef9e,0xef9e,0xef9e,0xef9e,0xef9e,0xef9e,0xef9e,0xef9e,0xef9e,0xef9e,0xef9e,0xef9e,0xef9e,0xef9e,
  0xef9e,0xef9e,0xef9e,0xef9e,0xef9e,0xef9e,0xef9e,0xef9e,0xef9e,0xef9e,0xef9e,0xef9e,0xef9e,0xef9e,0xef9e,0xef9e,
  0xef9e,0xef9e,0xef9e,0xef9e,0xef9e,0xef9e,0xef9e,0xef9e,0xef9e,0xef9e,0xef9e,0xef9e,0xef9e,0xef9e,0xef9e,0xef9e,
  0xef9e,0xef9e,0xef9e,0xef9e,0xef9e,0xef9e,0xef9e,0xe75e,0xef9e,0xef9e,0xef9e,0xe77e,0xbedd,0x7ddb,0x2c99,0x0bf9,
  0x03d8,0x03d8,0x03d8,0x03d8,0x03d8,0x03d8,0x03d8,0x03d8,0x03d8,0x03d8,0x03d8,0x03d8,0x03d8,0x03d8,0x03d8,0x03d8,
  0x03d8,0x03d8,0x03d8,0x03d8,0x03d8,0x03d8,0x03f8,0x1419,0x5d5b,0xa67d,0xdf3e,0xef9e,0xef9e,0xef9e,0xef9e,0xef9e,
  0xef9e,0xef9e,0xef7e,0xe75d,0xef9e,0xef9e,0xef9e,0xef9e,0xef9e,0xef9e,0xef9e,0xef9e,0xef9e,0xef9e,0xef9e,0xef9e,
  0xef9e,0xef9e,0xef9e,0xef9e,0xef9e,0xef9e,0xef9e,0xef9e,0xef9e,0xef9e,0xef9e,0xef9e,0xef9e,0xef9e,0xef9e,0xef9e,
  0xef9e,0xef9e,0xef9e,0xef9e,0xef9e,0xef9e,0xef9e,0xef9e,0xef9e,0xef9e,0xef9e,0xef9e,0xef9e,0xef9e,0xef9e,0xef9e,
  0xef9e,0xef9e,0xef9e,0xef9e,0xef9e,0xef9e,0xef9e,0xef9e,0xef9e,0xe77e,0xc6fd,0x44da,0x0bf9,0x03d8,0x03d8,0x03d8,
  0x03d8,0x03d8,0x03d8,0x03d8,0x03d8,0x03d8,0x03d8,0x03d8,0x03d8,0x03d8,0x03d8,0x03d8,0x03d8,0x03d8,0x03d8,0x03d8,
  0x03d8,0x03d8,0x03d8,0x03d8,0x03d8,0x03d8,0x03d8,0x03d8,0x03d8,0x03f8,0x1419,0x9e3c,0xe77e,0xef9e,0xef9e,0xef9e,
  0xef9e,0xef9e,0xd6bb,0xef7e,0xef9e,0xef9e,0xef9e,0xef9e,0xef9e,0xef9e,0xef9e,0xef9e,0xef9e,0xef9e,0xef9e,0xef9e,
  0xef9e,0xef9e,0xef9e,0xef9e,0xef9e,0xef9e,0xef9e,0xef9e,0xef9e,0xef9e,0xef9e,0xef9e,0xef9e,0xef9e,0xef9e,0xef9e,
  0xef9e,0xef9e,0xef9e,0xef9e,0xef9e,0xef9e,0xef9e,0xef9e,0xef9e,0xef9e,0xef9e,0xef9e,0xef9e,0xef9e,0xef9e,0xef9e,
  0xef9e,0xef9e,0xef9e,0xef9e,0xef9e,0xef9e,0xef9e,0xef9e,0xbebd,0x44fa,0x0bf9,0x03d8,0x03d8,0x03d8,0x03d8,0x03d8,
  0x03d8,0x03d8,0x03d8,0x03d8,0x03d8,0x03d8,0x03d8,0x03d8,0x03d8,0x03d8,0x03d8,0x03d8,0x03d8,0x03d8,0x03d8,0x03d8,
  0x03d8,0x03d8,0x03d8,0x03d8,0x03d8,0x03d8,0x03d8,0x03d8,0x03d8,0x03d8,0x03d8,0x03d8,0x2c79,0x85fc,0xe77e,0xef9e,
  0xef9e,0xef9e,0xe73d,0xef9e,0xef9e,0xef9e,0xef9e,0xef9e,0xef9e,0xef9e,0xef9e,0xef9e,0xef9e,0xef9e,0xef9e,0xef9e,
  0xef9e,0xef9e,0xef9e,0xef9e,0xef9e,0xef9e,0xef9e,0xef9e,0xef9e,0xef9e,0xef9e,0xef9e,0xef9e,0xef9e,0xef9e,0xef9e,
  0xef9e,0xef9e,0xef9e,0xef9e,0xef9e,0xef9e,0xef9e,0xef9e,0xef9e,0xef9e,0xef9e,0xef9e,0xef9e,0xef9e,0xef9e,0xef9e,
  0xef9e,0xef9e,0xef9e,0xef9e,0xef9e,0xef9e,0xd73e,0x6d7b,0x0bf8,0x03d8,0x03d8,0x03d8,0x03d8,0x03d8,0x03d8,0x03d8,
  0x03d8,0x03d8,0x03d8,0x03d8,0x1c39,0x34ba,0x4cfa,0x6d7b,0x7ddb,0x8dfc,0x9e3c,0x9e5c,0x961c,0x85dc,0x75bb,0x553a,
  0x3cda,0x2c79,0x0bf9,0x03d8,0x03d8,0x03d8,0x03d8,0x03d8,0x03d8,0x03d8,0x03d8,0x03d8,0x03d8,0x03d8,0x3cba,0xb69d,
  0xef9e,0xef9e,0xef9e,0xef9e,0xef9e,0xef9e,0xef9e,0xef9e,0xef9e,0xef9e,0xef9e,0xef9e,0xef9e,0xef9e,0xef9e,0xef9e,
  0xef9e,0xef9e,0xef9e,0xef9e,0xef9e,0xef9e,0xef9e,0xef9e,0xef9e,0xef9e,0xef9e,0xef9e,0xef9e,0xef9e,0xef9e,0xef9e,
  0xef9e,0xef9e,0xef9e,0xef9e,0xef9e,0xef9e,0xef9e,0xef9e,0xef9e,0xef9e,0xef9e,0xef9e,0xef9e,0xef9e,0xef9e,0xef9e,
  0xef9e,0xef9e,0xef9e,0xef9e,0xef7e,0xa67c,0x0c19,0x03f8,0x03d8,0x03d8,0x03d8,0x03d8,0x03d8,0x03d8,0x03d8,0x03d8,
  0x0bf9,0x2459,0x75bb,0xcefd,0xe77e,0xe77e,0xe77e,0xef9e,0xef9e,0xef9e,0xef9e,0xef9e,0xef9e,0xef9e,0xef9e,0xef7e,
  0xe77e,0xe77e,0xdf5e,0x963c,0x3cba,0x0c19,0x03d8,0x03d8,0x03d8,0x03d8,0x03d8,0x03d8,0x03d8,0x03d8,0x03d8,0x0bf9,
  0x553a,0xe77e,0xef9e,0xef9e,0xef9e,0xef9e,0xef9e,0xef9e,0xef9e,0xef9e,0xef9e,0xef9e,0xef9e,0xef9e,0xef9e,0xef9e,
  0xef9e,0xef9e,0xef9e,0xef9e,0xef9e,0xef9e,0xef9e,0xef9e,0xef9e,0xef9e,0xef9e,0xef9e,0xef9e,0xef9e,0xef9e,0xef9e,
  0xef9e,0xef9e,0xef9e,0xef9e,0xef9e,0xef9e,0xef9e,0xef9e,0xef9e,0xef9e,0xef9e,0xef9e,0xe73d,0xd6dc,0xef9e,0xef9e,
  0xef9e,0xef9e,0xef9e,0xe75e,0x657b,0x1419,0x03d8,0x03d8,0x03d8,0x03d8,0x03d8,0x03d8,0x03d8,0x03f8,0x2c79,0x85dc,
  0xbedd,0xe75e,0xef9e,0xef9e,0xef9e,0xef9e,0xef9e,0xef9e,0xef9e,0xef9e,0xef9e,0xef9e,0xef9e,0xef9e,0xef9e,0xef9e,
  0xef9e,0xef9e,0xef9e,0xef9e,0xe77e,0xcf1d,0x9e5c,0x4cfa,0x0c19,0x03d8,0x03d8,0x03d8,0x03d8,0x03d8,0x03d8,0x03d8,
  0x03f8,0x3cba,0xbedd,0xef9e,0xef9e,0xef9e,0xef9e,0xef9e,0xef9e,0xef9e,0xef9e,0xef9e,0xef9e,0xef9e,0xef9e,0xef9e,
  0xef9e,0xef9e,0xef9e,0xef9e,0xef9e,0xef9e,0xef9e,0xef9e,0xef9e,0xef9e,0xef9e,0xef9e,0xef9e,0xef9e,0xef9e,0xef9e,
  0xef9e,0xef9e,0xef9e,0xef9e,0xef9e,0xef9e,0xef9e,0xef9e,0xef9e,0xef9e,0xef9e,0xef9e,0xe75d,0x94b4,0xce9b,0xef9e,
  0xef9e,0xef9e,0xc6fd,0x3cba,0x03f8,0x03d8,0x03d8,0x03d8,0x03d8,0x03d8,0x03d8,0x0bf9,0x3cba,0x8e1c,0xdf5e,0xef9e,
  0xef9e,0xef9e,0xef9e,0xef9e,0xef7e,0xef7e,0xef7e,0xe75e,0xe75e,0xe75d,0xe75d,0xe75d,0xe75d,0xe75e,0xe75e,0xef7e,
  0xef7e,0xef7e,0xef9e,0xef9e,0xef9e,0xef9e,0xef9e,0xe77e,0xb6bd,0x553a,0x1439,0x03d8,0x03d8,0x03d8,0x03d8,0x03d8,
  0x03d8,0x03d8,0x1c39,0x9e5c,0xe77e,0xef9e,0xef9e,0xef9e,0xef9e,0xef9e,0xef9e,0xef9e,0xef9e,0xef9e,0xef9e,0xef9e,
  0xef9e,0xef9e,0xef9e,0xef9e,0xef9e,0xef9e,0xef9e,0xef9e,0xef9e,0xef9e,0xef9e,0xef9e,0xef9e,0xef9e,0xef9e,0xef9e,
  0xef9e,0xef9e,0xef9e,0xef9e,0xef9e,0xef9e,0xef9e,0xef9e,0xef9e,0xef9e,0xef9e,0xef9e,0xef9e,0xef7e,0x8cb4,0xd6dc,
  0xef9e,0xcefd,0x1c39,0x03d8,0x03d8,0x03d8,0x03d8,0x03d8,0x03d8,0x03f8,0x1c39,0xa67c,0xe77e,0xef9e,0xef9e,0xef9e,
  0xef9e,0xef9e,0xe73d,0xe73d,0xef7e,0xef9e,0xef9e,0xef9e,0xef9e,0xef9e,0xef9e,0xef9e,0xef9e,0xef9e,0xef9e,0xef9e,
  0xef9e,0xef9e,0xe75d,0xe73d,0xef7e,0xef9e,0xef9e,0xef9e,0xef9e,0xef9e,0xdf5e,0x3cda,0x0bf9,0x03d8,0x03d8,0x03d8,
  0x03d8,0x03d8,0x03d8,0x0bf9,0x8dfc,0xe77e,0xef9e,0xef9e,0xef9e,0xef9e,0xef9e,0xef9e,0xef9e,0xef9e,0xef9e,0xef9e,
  0xef9e,0xef9e,0xef9e,0xef9e,0xef9e,0xef9e,0xef9e,0xef9e,0xef9e,0xef9e,0xef9e,0xef9e,0xef9e,0xef9e,0xef9e,0xef9e,
  0xef9e,0xef9e,0xef9e,0xef9e,0xef9e,0xef9e,0xef9e,0xef9e,0xef9e,0xef9e,0xef9e,0xef9e,0xef9e,0xef9e,0xe75d,0xdefc,
  0xbedd,0x1c59,0x03d8,0x03d8,0x03d8,0x03d8,0x03d8,0x03d8,0x0bf9,0x75bb,0xd73e,0xef9e,0xef9e,0xef9e,0xef9e,0xe75d,
  0xe77e,0xef7e,0xef9e,0xef9e,0xef9e,0xef9e,0xef9e,0xef9e,0xef9e,0xef9e,0xef9e,0xef9e,0xef9e,0xef9e,0xef9e,0xef9e,
  0xef9e,0xef9e,0xef9e,0xef9e,0xef9e,0xef7e,0xe75e,0xef7e,0xef9e,0xef9e,0xef9e,0xef7e,0xa65c,0x2459,0x03d8,0x03d8,
  0x03d8,0x03d8,0x03d8,0x03d8,0x0bf9,0x759b,0xef9e,0xef9e,0xef9e,0xef9e,0xef9e,0xce9a,0xe75d,0xef9e,0xef9e,0xef9e,
  0xef9e,0xef9e,0xef9e,0xef9e,0xef9e,0xef9e,0xef9e,0xef9e,0xef9e,0xef9e,0xef9e,0xef9e,0xef9e,0xef9e,0xef9e,0xef9e,
  0xef9e,0xef9e,0xef9e,0xef9e,0xef9e,0xef9e,0xef9e,0xef9e,0xef9e,0xef9e,0xef9e,0xef9e,0xef9e,0xef9e,0xef9e,0xc6fd,
  0x1419,0x03d8,0x03d8,0x03d8,0x03d8,0x03d8,0x03d8,0x2c79,0xae9d,0xef9e,0xef9e,0xef9e,0xef9e,0xe75e,0xe75e,0xef9e,
  0xef9e,0xef9e,0xef9e,0xef9e,0xef9e,0xef9e,0xef9e,0xef9e,0xef9e,0xef9e,0xef9e,0xef9e,0xef9e,0xef9e,0xef9e,0xef9e,
  0xef9e,0xef9e,0xef9e,0xef9e,0xef9e,0xef9e,0xef9e,0xef7e,0xe75e,0xef7e,0xef9e,0xef9e,0xef9e,0xe77e,0x5d3a,0x0bf8,
  0x03d8,0x03d8,0x03d8,0x03d8,0x03d8,0x03f8,0x759b,0xef7e,0xef9e,0xef9e,0xb5d8,0x9d15,0xef9e,0xef9e,0xef9e,0xef9e,
  0xef9e,0xef9e,0xef9e,0xef9e,0xef9e,0xef9e,0xef9e,0xef9e,0xef9e,0xef9e,0xef9e,0xef9e,0xef9e,0xef9e,0xef9e,0xef9e,
  0xef9e,0xef9e,0xef9e,0xef9e,0xef9e,0xef9e,0xef9e,0xef9e,0xef9e,0xef9e,0xef9e,0xef9e,0xef9e,0xef9e,0xef9e,0x961c,
  0x03d8,0x03d8,0x03d8,0x03d8,0x03d8,0x03f8,0x3cba,0xdf5e,0xef9e,0xef9e,0xef9e,0xef7e,0xe75e,0xef9e,0xef9e,0xef9e,
  0xef9e,0xef9e,0xef9e,0xef9e,0xef9e,0xef9e,0xef9e,0xef9e,0xef9e,0xef9e,0xef9e,0xef9e,0xef9e,0xef9e,0xef9e,0xef9e,
  0xef9e,0xef9e,0xef9e,0xef9e,0xef9e,0xef9e,0xef9e,0xef9e,0xef9e,0xef9e,0xe73d,0xef9e,0xef9e,0xef9e,0xe77e,0x963c,
  0x0bf9,0x03d8,0x03d8,0x03d8,0x03d8,0x03d8,0x0bf9,0x85dc,0xef9e,0xad97,0xb5f8,0xef7e,0xef9e,0xef9e,0xef9e,0xef9e,
  0xef9e,0xef9e,0xef9e,0xef9e,0xef9e,0xef9e,0xef9e,0xef9e,0xef9e,0xef9e,0xef9e,0xef9e,0xef9e,0xef9e,0xef9e,0xef9e,
  0xef9e,0xef9e,0xef9e,0xef9e,0xef9e,0xef9e,0xef9e,0xef9e,0xef9e,0xef9e,0xef9e,0xef9e,0xef9e,0xef9e,0xef9e,0x963c,
  0x03d8,0x03d8,0x03d8,0x03d8,0x0bf9,0x655b,0xe75e,0xef9e,0xef9e,0xef9e,0xe75e,0xef9e,0xef9e,0xef9e,0xef9e,0xef9e,
  0xef9e,0xef9e,0xef9e,0xef9e,0xef9e,0xef9e,0xef9e,0xef9e,0xef9e,0xef9e,0xef9e,0xef9e,0xef9e,0xef9e,0xef9e,0xef9e,
  0xef9e,0xef9e,0xef9e,0xef9e,0xef9e,0xef9e,0xef9e,0xef9e,0xef9e,0xef9e,0xef9e,0xef7e,0xef7e,0xef9e,0xef9e,0xe77e,
  0xae7d,0x1c39,0x03d8,0x03d8,0x03d8,0x03d8,0x03d8,0x0bf9,0x8dfc,0xdf3d,0xef7e,0xef9e,0xef9e,0xef9e,0xef9e,0xef9e,
  0xef9e,0xef9e,0xef9e,0xef9e,0xef9e,0xef9e,0xef9e,0xef9e,0xef9e,0xef9e,0xef9e,0xef9e,0xef9e,0xef9e,0xef9e,0xef9e,
  0xef9e,0xef9e,0xef9e,0xef9e,0xef9e,0xef9e,0xef9e,0xef9e,0xef9e,0xef9e,0xef9e,0xef9e,0xef9e,0xef9e,0xef9e,0xcf1d,
  0x2459,0x03f8,0x03d8,0x0bf9,0x759b,0xe77e,0xef9e,0xef9e,0xef7e,0xe75e,0xef9e,0xef9e,0xef9e,0xef9e,0xef9e,0xef9e,
  0xef9e,0xef9e,0xef9e,0xef9e,0xef9e,0xef9e,0xef9e,0xef9e,0xef9e,0xef9e,0xef9e,0xef9e,0xef9e,0xef9e,0xef9e,0xef9e,
  0xef9e,0xef9e,0xef9e,0xef9e,0xef9e,0xef9e,0xef9e,0xef9e,0xef9e,0xef9e,0xef9e,0xef9e,0xef7e,0xef7e,0xef9e,0xef9e,
  0xef9e,0xae9d,0x2459,0x03d8,0x03d8,0x03d8,0x03d8,0x03d8,0x1439,0xbedd,0xef9e,0xef9e,0xef9e,0xef9e,0xef9e,0xef9e,
  0xef9e,0xef9e,0xef9e,0xef9e,0xef9e,0xef9e,0xef9e,0xef9e,0xef9e,0xef9e,0xef9e,0xef9e,0xef9e,0xef9e,0xef9e,0xef9e,
  0xef9e,0xef9e,0xef9e,0xef9e,0xef9e,0xef9e,0xef9e,0xef9e,0xef9e,0xef9e,0xef9e,0xef9e,0xef9e,0xef9e,0xef9e,0xef9e,
  0xdf5e,0x6d7b,0x551a,0xbebd,0xef7e,0xef9e,0xef9e,0xe75e,0xef7e,0xef9e,0xef9e,0xef9e,0xef9e,0xef9e,0xef9e,0xef9e,
  0xef9e,0xef9e,0xef9e,0xef9e,0xef9e,0xef9e,0xef9e,0xef9e,0xef9e,0xef9e,0xef9e,0xef9e,0xef9e,0xef9e,0xef9e,0xef9e,
  0xef9e,0xef9e,0xef9e,0xef9e,0xef9e,0xef9e,0xef9e,0xef9e,0xef9e,0xef9e,0xef9e,0xef9e,0xef9e,0xef9e,0xe75d,0xef9e,
  0xef9e,0xef9e,0xbebd,0x0c19,0x03d8,0x03d8,0x03d8,0x03d8,0x03d8,0x1419,0xcf1e,0xef9e,0xef9e,0xef9e,0xef9e,0xef9e,
  0xef9e,0xef9e,0xef9e,0xef9e,0xef9e,0xef9e,0xef9e,0xef9e,0xef9e,0xef9e,0xef9e,0xef9e,0xef9e,0xef9e,0xef9e,0xef9e,
  0xef9e,0xef9e,0xef9e,0xef9e,0xef9e,0xef9e,0xef9e,0xef9e,0xef9e,0xef9e,0xef9e,0xef9e,0xef9e,0xef9e,0xef9e,0xef9e,
  0xef9e,0xef9e,0xef9e,0xef9e,0xef9e,0xef9e,0xe75d,0xef9e,0xef9e,0xef9e,0xef9e,0xef9e,0xef9e,0xef9e,0xef9e,0xef9e,
  0xef9e,0xef9e,0xef9e,0xef9e,0xef9e,0xef9e,0xef9e,0xef9e,0xef9e,0xef9e,0xef9e,0xef9e,0xef9e,0xef9e,0xef9e,0xef9e,
  0xef9e,0xef9e,0xef9e,0xef9e,0xef9e,0xef9e,0xef9e,0xef9e,0xef9e,0xef9e,0xef9e,0xef9e,0xef9e,0xef9e,0xef9e,0xe77e,
  0xef9e,0xef9e,0xef9e,0xb69d,0x1c39,0x03d8,0x03d8,0x03d8,0x03d8,0x03d8,0x5d3a,0xe75e,0xef7e,0xef7e,0xef9e,0xef9e,
  0xef9e,0xef9e,0xef9e,0xef9e,0xef9e,0xef9e,0xef9e,0xef9e,0xef9e,0xef9e,0xef9e,0xef9e,0xef9e,0xef9e,0xef9e,0xef9e,
  0xef9e,0xef9e,0xef9e,0xef9e,0xef9e,0xef9e,0xef9e,0xef9e,0xef9e,0xef9e,0xef9e,0xef9e,0xef9e,0xef9e,0xef9e,0xef9e,
  0xef9e,0xef9e,0xef9e,0xef9e,0xef9e,0xef7e,0xef9e,0xef9e,0xef9e,0xef9e,0xef9e,0xef9e,0xef9e,0xef9e,0xef9e,0xef9e,
  0xef9e,0xef9e,0xef9e,0xef9e,0xef9e,0xef9e,0xef9e,0xef9e,0xef9e,0xef9e,0xef9e,0xef9e,0xef9e,0xef9e,0xef9e,0xef9e,
  0xef9e,0xef9e,0xef9e,0xef9e,0xef9e,0xef9e,0xef9e,0xef9e,0xef9e,0xef9e,0xef9e,0xef9e,0xef9e,0xef9e,0xef9e,0xef9e,
  0xe75d,0xef9e,0xef9e,0xef9e,0x961c,0x0bf9,0x03d8,0x03d8,0x03d8,0x03d8,0x0bf9,0x961c,0xe77e,0xe77e,0xe77e,0xef7e,
  0xef9e,0xef9e,0xef9e,0xef9e,0xef9e,0xef9e,0xef9e,0xef9e,0xef9e,0xef9e,0xef9e,0xef9e,0xef9e,0xef9e,0xef9e,0xef9e,
  0xef9e,0xef9e,0xef9e,0xef9e,0xef9e,0xef9e,0xef9e,0xef9e,0xef9e,0xef9e,0xef9e,0xef9e,0xef9e,0xef9e,0xef9e,0xef9e,
  0xef9e,0xef9e,0xef9e,0xef9e,0xe75e,0xef9e,0xef9e,0xef9e,0xef9e,0xef9e,0xef9e,0xef9e,0xef9e,0xef9e,0xef9e,0xef9e,
  0xef9e,0xef9e,0xef9e,0xef9e,0xef9e,0xef9e,0xef9e,0xef9e,0xef9e,0xef9e,0xef9e,0xef9e,0xef9e,0xef9e,0xef9e,0xef9e,
  0xef9e,0xef9e,0xef9e,0xef9e,0xef9e,0xef9e,0xef9e,0xef9e,0xef9e,0xef9e,0xef9e,0xef9e,0xef9e,0xef9e,0xef9e,0xef9e,
  0xef9e,0xe75e,0xef9e,0xef9e,0xe77e,0x6d9b,0x03d8,0x03d8,0x03d8,0x03d8,0x03d8,0x2c79,0xd71e,0xe75e,0xe77e,0xe77e,
  0xef7e,0xef9e,0xef9e,0xef9e,0xef9e,0xef9e,0xef9e,0xef9e,0xef9e,0xef9e,0xef9e,0xef9e,0xef9e,0xef9e,0xef9e,0xef9e,
  0xef9e,0xef9e,0xef9e,0xef9e,0xef9e,0xef9e,0xef9e,0xef9e,0xef9e,0xef9e,0xef9e,0xef9e,0xef9e,0xef9e,0xef9e,0xef9e,
  0xef9e,0xef9e,0xef9e,0xef7e,0xef7e,0xef9e,0xef9e,0xef9e,0xef9e,0xef9e,0xef9e,0xef9e,0xef9e,0xef9e,0xef9e,0xef9e,
  0xef9e,0xef9e,0xef9e,0xef9e,0xef7e,0xe73d,0xbe18,0x9cf4,0x8c72,0xce7a,0xef9e,0xef9e,0xef9e,0xef9e,0xef9e,0xef9e,
  0xef9e,0xef9e,0xef9e,0xef9e,0xef9e,0xef9e,0xef9e,0xe73d,0xdf1c,0xdf1c,0xdf1c,0xe75d,0xef9e,0xef9e,0xef9e,0xef9e,
  0xef9e,0xef9e,0xe75e,0xef9e,0xef9e,0xd71e,0x2c79,0x03d8,0x03d8,0x03d8,0x03d8,0x03f8,0x655b,0xd73e,0xdf5e,0xe75e,
  0xe77e,0xef7e,0xef9e,0xef9e,0xef9e,0xef9e,0xef9e,0xef9e,0xef9e,0xef9e,0xef9e,0xef9e,0xef9e,0xef9e,0xef9e,0xef9e,
  0xef9e,0xef9e,0xef9e,0xef9e,0xef9e,0xef9e,0xef9e,0xef9e,0xef9e,0xef9e,0xef9e,0xef9e,0xef9e,0xef9e,0xef9e,0xef9e,
  0xef9e,0xef9e,0xef9e,0xe75e,0xef9e,0xef9e,0xef9e,0xef9e,0xef9e,0xef9e,0xef9e,0xef9e,0xef9e,0xef9e,0xef9e,0xef9e,
  0xef9e,0xef9e,0xef9e,0xd6bb,0x8431,0x2966,0x0882,0x0862,0x0882,0x9cf4,0xef9e,0xef9e,0xef9e,0xef9e,0xef9e,0xef9e,
  0xef9e,0xef9e,0xef9e,0xef9e,0xef9e,0xef9e,0xe71c,0x2986,0x2125,0x2125,0x2145,0x73af,0xef9e,0xef9e,0xef9e,0xef9e,
  0xef9e,0xef9e,0xef7e,0xe77e,0xef9e,0xe77e,0xbebd,0x1419,0x03d8,0x03d8,0x03d8,0x03d8,0x0bf9,0xb6bd,0xd73e,0xdf5e,
  0xdf5e,0xd6fc,0xe75e,0xef9e,0xef9e,0xef9e,0xef9e,0xef9e,0xef9e,0xef9e,0xef9e,0xef9e,0xef9e,0xef9e,0xef9e,0xef9e,
  0xef9e,0xef9e,0xef9e,0xef9e,0xef9e,0xef9e,0xef9e,0xef9e,0xef9e,0xef9e,0xef9e,0xef9e,0xef9e,0xef9e,0xef9e,0xef9e,
  0xef9e,0xef9e,0xe75e,0xef9e,0xef9e,0xef9e,0xef9e,0xef9e,0xef9e,0xef9e,0xef9e,0xef9e,0xef9e,0xef9e,0xef9e,0xef9e,
  0xef9e,0xef9e,0xdefc,0x2966,0x0021,0x0021,0x0021,0x0021,0x0041,0x9cf4,0xef9e,0xef9e,0xef9e,0xef9e,0xef9e,0xef9e,
  0xef9e,0xef9e,0xef9e,0xef9e,0xef9e,0xef9e,0xd6db,0x0882,0x0021,0x0021,0x0021,0x4a8a,0xef7e,0xef9e,0xef9e,0xef9e,
  0xef9e,0xef9e,0xef9e,0xe77e,0xe75e,0xe77e,0xdf5e,0x5d3a,0x03d8,0x03d8,0x03b8,0x03b8,0x03d8,0x6d7b,0xcf1e,0xdf3e,
  0xcebc,0xcebc,0xe77e,0xef9e,0xef9e,0xef9e,0xef9e,0xef9e,0xef9e,0xef9e,0xef9e,0xef9e,0xef9e,0xef9e,0xef9e,0xef9e,
  0xef9e,0xef9e,0xef9e,0xef9e,0xef9e,0xef9e,0xef9e,0xef9e,0xef9e,0xef9e,0xef9e,0xef9e,0xef9e,0xef9e,0xef9e,0xef9e,
  0xef9e,0xe77e,0xef7e,0xef9e,0xef9e,0xef9e,0xef9e,0xef9e,0xef9e,0xef9e,0xef9e,0xef9e,0xef9e,0xef9e,0xef9e,0xef9e,
  0xef9e,0xce9a,0x2145,0x0021,0x0021,0x0021,0x0021,0x0021,0x0041,0x9cf4,0xef9e,0xef9e,0xef9e,0xef9e,0xef9e,0xef9e,
  0xef9e,0xef9e,0xef9e,0xef9e,0xef9e,0xef9e,0xd6db,0x0882,0x0021,0x0021,0x0021,0x4a8a,0xef7e,0xef9e,0xef9e,0xef9e,
  0xef9e,0xef9e,0xef9e,0xef9e,0xe73d,0xe77e,0xdf5e,0xc6dd,0x1419,0x03d8,0x02f3,0x018a,0x02b1,0x1419,0xbedd,0xd73e,
  0xdf5e,0xe77e,0xe77e,0xef9e,0xef9e,0xef9e,0xef9e,0xef9e,0xef9e,0xef9e,0xef9e,0xef9e,0xef9e,0xef9e,0xef9e,0xef9e,
  0xef9e,0xef9e,0xef9e,0xef9e,0xef9e,0xef9e,0xef9e,0xef9e,0xef9e,0xef9e,0xef9e,0xef9e,0xef9e,0xef9e,0xef9e,0xef9e,
  0xef9e,0xe75e,0xef9e,0xef9e,0xef9e,0xef9e,0xef9e,0xef9e,0xef9e,0xef9e,0xef9e,0xef9e,0xef9e,0xef9e,0xef9e,0xef9e,
  0xef7e,0x6b8e,0x0021,0x0021,0x0021,0x0021,0x0021,0x0021,0x0041,0x9cf4,0xef9e,0xef9e,0xef9e,0xef9e,0xef9e,0xe73d,
  0x73af,0x9cf4,0xe75d,0xef9e,0xef9e,0xef9e,0xd6db,0x0882,0x0021,0x0021,0x0021,0x4a8a,0xef7e,0xef9e,0xef9e,0xef9e,
  0xef9e,0xef9e,0xef9e,0xef9e,0xe75e,0xdf3d,0xdf5e,0xd73e,0x6d7b,0x03d8,0x0148,0x0021,0x0062,0x03b7,0x961c,0xd71e,
  0xdf5e,0xe77e,0xe77e,0xef9e,0xef9e,0xef9e,0xef9e,0xef9e,0xef9e,0xef9e,0xef9e,0xef9e,0xef9e,0xef9e,0xef9e,0xef9e,
  0xef9e,0xef9e,0xef9e,0xef9e,0xef9e,0xef9e,0xef9e,0xef9e,0xef9e,0xef9e,0xef9e,0xef9e,0xef9e,0xef9e,0xef9e,0xef9e,
  0xe75e,0xef9e,0xef9e,0xef9e,0xef9e,0xef9e,0xef9e,0xef9e,0xef9e,0xef9e,0xef9e,0xef9e,0xef9e,0xef9e,0xef9e,0xef9e,
  0xd6bb,0x10a3,0x0021,0x0021,0x0021,0x0021,0x0021,0x0041,0x10a3,0x9d14,0xef9e,0xef9e,0xef9e,0xef9e,0xe73d,0x4a6a,
  0x0041,0x0862,0x94b3,0xef7e,0xef9e,0xef9e,0xd6db,0x0882,0x0021,0x0021,0x0021,0x4a8a,0xef7e,0xef9e,0xef9e,0xef9e,
  0xef9e,0xef9e,0xef9e,0xef9e,0xe77e,0xdf3d,0xdf5e,0xd73e,0xb69d,0x0bf8,0x01ec,0x0063,0x0128,0x03d8,0xa65c,0xd73e,
  0xdf5e,0xe77e,0xe77e,0xef9e,0xef9e,0xef9e,0xef9e,0xef9e,0xef9e,0xef9e,0xef9e,0xef9e,0xef9e,0xef9e,0xef9e,0xef9e,
  0xef9e,0xef9e,0xef9e,0xef9e,0xef9e,0xef9e,0xef9e,0xef9e,0xef9e,0xef9e,0xef9e,0xef9e,0xef9e,0xef9e,0xef9e,0xef9e,
  0xe75d,0xef9e,0xef9e,0xef9e,0xef9e,0xef9e,0xef9e,0xef9e,0xef9e,0xef9e,0xef9e,0xef9e,0xef9e,0xef9e,0xef9e,0xef9e,
  0x94b3,0x0841,0x0021,0x0021,0x0021,0x0882,0x7c10,0xb5b7,0xc659,0xe73d,0xef9e,0xef9e,0xef9e,0xdefc,0x4229,0x0041,
  0x0021,0x0021,0x10a3,0x8431,0xe75d,0xef9e,0xd6db,0x0882,0x0021,0x0021,0x0021,0x4a8a,0xef7e,0xef9e,0xef9e,0xef9e,
  0xef9e,0xef9e,0xef9e,0xef9e,0xef7e,0xe75e,0xdf3d,0xdf3e,0xcf1e,0x85db,0x13f8,0x0375,0x0bd7,0x653a,0xbebc,0xd73e,
  0xdf5e,0xe77e,0xef7e,0xef9e,0xef9e,0xef9e,0xef9e,0xef9e,0xef9e,0xef9e,0xef9e,0xef9e,0xef9e,0xef9e,0xef9e,0xef9e,
  0xef9e,0xef9e,0xef9e,0xef9e,0xef9e,0xef9e,0xef9e,0xef9e,0xef9e,0xef9e,0xef9e,0xef9e,0xef9e,0xef9e,0xef9e,0xef7e,
  0xef9e,0xef9e,0xef9e,0xef9e,0xef9e,0xef9e,0xef9e,0xef9e,0xef9e,0xef9e,0xef9e,0xef9e,0xef9e,0xef9e,0xef9e,0xef9e,
  0x632d,0x0021,0x0021,0x0021,0x0021,0x9cf4,0xef7e,0xef9e,0xef9e,0xef9e,0xef9e,0xef9e,0xef9e,0xd6db,0x2125,0x0021,
  0x0021,0x0021,0x0021,0x0882,0x8c72,0xe73d,0xd6db,0x0882,0x0021,0x0021,0x0021,0x4a8a,0xef7e,0xef9e,0xef9e,0xef9e,
  0xef9e,0xef9e,0xef9e,0xef9e,0xef9e,0xe77e,0xd71d,0xdf5e,0xd73e,0xcefd,0x9e1b,0x757a,0x8dfb,0xbe9c,0xc6bc,0xd71d,
  0xe75e,0xe77e,0xef9e,0xef9e,0xef9e,0xef9e,0xef9e,0xef9e,0xef9e,0xef9e,0xef9e,0xef9e,0xef9e,0xef9e,0xef9e,0xef9e,
  0xef9e,0xef9e,0xef9e,0xef9e,0xef9e,0xef9e,0xef9e,0xef9e,0xef9e,0xef9e,0xef9e,0xef9e,0xef9e,0xef9e,0xef9e,0xe75e,
  0xef9e,0xef9e,0xef9e,0xef9e,0xef9e,0xef9e,0xef9e,0xef9e,0xef9e,0xef9e,0xef9e,0xef9e,0xef9e,0xef9e,0xef9e,0xef9e,
  0x52cb,0x0021,0x0021,0x0021,0x0882,0xe73d,0xef9e,0xef9e,0xef9e,0xef9e,0xef9e,0xef9e,0xef9e,0xe75d,0x73cf,0x0021,
  0x0021,0x0021,0x0021,0x0021,0x0862,0x8431,0xce9a,0x0862,0x0021,0x0021,0x0021,0x4a8a,0xef7e,0xef9e,0xef9e,0xef9e,
  0xef9e,0xef9e,0xef9e,0xef9e,0xef9e,0xef7e,0xe75e,0xdf3e,0xdf5e,0xd73e,0xcedc,0xc6bc,0xc6bc,0xc6dc,0xcedc,0xd6fc,
  0xe77e,0xe77e,0xef9e,0xef9e,0xef9e,0xef9e,0xef9e,0xef9e,0xef9e,0xef9e,0xef9e,0xef9e,0xef9e,0xef9e,0xef9e,0xef9e,
  0xef9e,0xef9e,0xef9e,0xef9e,0xef9e,0xef9e,0xef9e,0xef9e,0xef9e,0xef9e,0xef9e,0xef9e,0xef9e,0xef9e,0xef7e,0xe75e,
  0xef9e,0xef9e,0xef9e,0xef9e,0xef9e,0xef9e,0xef9e,0xef9e,0xef9e,0xef9e,0xef9e,0xef9e,0xef9e,0xef9e,0xef9e,0xef9e,
  0x5acb,0x0021,0x0021,0x0021,0x0041,0xdefc,0xef9e,0xef9e,0xef9e,0xef9e,0xef9e,0xef9e,0xef9e,0xe75d,0x52ab,0x0021,
  0x0021,0x0021,0x0021,0x0021,0x0021,0x0041,0x5aec,0x0041,0x0021,0x0021,0x0021,0x4a8a,0xef7e,0xef9e,0xef9e,0xef9e,
  0xef9e,0xef9e,0xef9e,0xef9e,0xef9e,0xef9e,0xe77e,0xdf3d,0xe75e,0xdf5e,0xd71d,0xcedc,0xcedc,0xcedc,0xd6fc,0xd6fc,
  0xe77e,0xef9e,0xef9e,0xef9e,0xef9e,0xef9e,0xef9e,0xef9e,0xef9e,0xef9e,0xef9e,0xef9e,0xef9e,0xef9e,0xef9e,0xef9e,
  0xef9e,0xef9e,0xef9e,0xef9e,0xef9e,0xef9e,0xef9e,0xef9e,0xef9e,0xef9e,0xef9e,0xef9e,0xef9e,0xef9e,0xe75d,0xef9e,
  0xef9e,0xef9e,0xef9e,0xef9e,0xef9e,0xef9e,0xef9e,0xef9e,0xef9e,0xef9e,0xef9e,0xef9e,0xef9e,0xef9e,0xef9e,0xef9e,
  0x7bef,0x0041,0x0021,0x0021,0x0021,0x4229,0xce7a,0xef9e,0xef9e,0xef9e,0xef9e,0xef9e,0xdf1c,0x94b3,0x0862,0x0021,
  0x0021,0x0021,0x0021,0x0021,0x0021,0x0021,0x0021,0x0021,0x0021,0x0021,0x0021,0x4a8a,0xef7e,0xef9e,0xef9e,0xef9e,
  0xef9e,0xef9e,0xef9e,0xef9e,0xef9e,0xef9e,0xef9e,0xdf3d,0xe77e,0xe77e,0xdf3d,0xd6fc,0xd6fc,0xd6fc,0xd6fc,0xd6fc,
  0xe75e,0xef9e,0xef9e,0xef9e,0xef9e,0xef9e,0xef9e,0xef9e,0xef9e,0xef9e,0xef9e,0xef9e,0xef9e,0xef9e,0xef9e,0xef9e,
  0xef9e,0xef9e,0xef9e,0xef9e,0xef9e,0xef9e,0xef9e,0xef9e,0xef9e,0xef9e,0xef9e,0xef9e,0xef9e,0xef9e,0xe75e,0xef9e,
  0xef9e,0xef9e,0xef9e,0xef9e,0xef9e,0xef9e,0xef9e,0xef9e,0xef9e,0xef9e,0xef9e,0xef9e,0xef9e,0xef9e,0xef9e,0xef9e,
  0xad76,0x0862,0x0021,0x0021,0x0021,0x0041,0x0882,0x31c7,0x6b6e,0x73cf,0x73af,0x52ab,0x10c3,0x0041,0x0021,0x0021,
  0x0021,0x3a08,0x0862,0x0021,0x0021,0x0021,0x0021,0x0021,0x0021,0x0021,0x0021,0x4a8a,0xef7e,0xef9e,0xef9e,0xef9e,
  0xef9e,0xef9e,0xef9e,0xef9e,0xef9e,0xef9e,0xef9e,0xe75d,0xe77e,0xef7e,0xe77e,0xd71c,0xd6fc,0xd71c,0xdf1c,0xdf1c,
  0xe75d,0xef9e,0xef9e,0xef9e,0xef9e,0xef9e,0xef9e,0xef9e,0xef9e,0xef9e,0xef9e,0xef9e,0xef9e,0xef9e,0xef9e,0xef9e,
  0xef9e,0xef9e,0xef9e,0xef9e,0xef9e,0xef9e,0xef9e,0xef9e,0xef9e,0xef9e,0xef9e,0xef9e,0xef9e,0xef9e,0xef7e,0xef9e,
  0xef9e,0xef9e,0xef9e,0xef9e,0xef9e,0xef9e,0xef9e,0xef9e,0xef9e,0xef9e,0xef9e,0xef9e,0xef9e,0xef9e,0xef9e,0xef9e,
  0xe73d,0x39e8,0x0021,0x0021,0x0021,0x0021,0x0021,0x0021,0x0041,0x0041,0x0041,0x0021,0x0021,0x0021,0x0021,0x0021,
  0x18c3,0xdefc,0x7bf0,0x0862,0x0021,0x0021,0x0021,0x0021,0x0021,0x0021,0x0021,0x4a8a,0xef7e,0xef9e,0xef9e,0xef9e,
  0xef9e,0xef9e,0xef9e,0xef9e,0xef9e,0xef9e,0xef9e,0xef9e,0xe75d,0xef9e,0xef9e,0xdf3d,0xdf1c,0xdf1c,0xdf1c,0xdf1c,
  0xe73d,0xef9e,0xef7e,0xe75d,0xdefc,0xd6dc,0xef9e,0xef9e,0xef9e,0xef9e,0xef9e,0xef9e,0xef9e,0xef9e,0xef9e,0xef9e,
  0xef9e,0xef9e,0xef9e,0xef9e,0xef9e,0xef9e,0xef9e,0xef9e,0xef9e,0xef9e,0xef9e,0xef9e,0xef9e,0xef9e,0xef7e,0xef9e,
  0xef9e,0xef9e,0xef9e,0xef9e,0xef9e,0xef9e,0xef9e,0xef7e,0xef7e,0xef9e,0xef9e,0xef9e,0xef9e,0xef9e,0xef9e,0xef9e,
  0xef9e,0xad96,0x0882,0x0021,0x0021,0x0021,0x0021,0x0021,0x0021,0x0021,0x0021,0x0021,0x0021,0x0021,0x0021,0x0041,
  0x5b0c,0xef7e,0xe75d,0x8c72,0x0882,0x0021,0x0021,0x0021,0x0021,0x0021,0x0021,0x4a8a,0xef7e,0xef9e,0xef9e,0xef9e,
  0xef9e,0xef9e,0xef9e,0xef9e,0xef9e,0xef9e,0xef9e,0xef9e,0xe75d,0xef9e,0xef9e,0xe75d,0xdf1c,0xdf1c,0xdf1c,0xdf1c,
  0xe73d,0xef7e,0xa556,0x94f4,0x9cf5,0xbe19,0xef9e,0xef9e,0xef9e,0xef9e,0xef9e,0xef9e,0xef9e,0xef9e,0xef9e,0xef9e,
  0xef9e,0xef9e,0xef9e,0xef9e,0xef9e,0xef9e,0xef9e,0xef9e,0xef9e,0xef9e,0xef9e,0xef9e,0xef9e,0xef7e,0xef7e,0xef9e,
  0xef9e,0xef9e,0xef9e,0xef9e,0xef9e,0xef9e,0xef9e,0xad76,0x9d15,0x9d35,0xef9e,0xef9e,0xef9e,0xef9e,0xef9e,0xef9e,
  0xef9e,0xef7e,0x9d14,0x0882,0x0021,0x0021,0x0021,0x0021,0x0021,0x0021,0x0021,0x0021,0x0021,0x0021,0x0041,0x2986,
  0xe73d,0xef9e,0xef9e,0xef7e,0xb5b7,0x10a3,0x0021,0x0021,0x0021,0x0021,0x0021,0x4a8a,0xef7e,0xef9e,0xef9e,0xef9e,
  0xef9e,0xef9e,0xef9e,0xef9e,0xef9e,0xef9e,0xef9e,0xef9e,0xe75d,0xef9e,0xef9e,0xef7e,0xdf1c,0xdf1c,0xdf1c,0xdf1c,
  0xdf3d,0xef9e,0xef9e,0xef9e,0xef9e,0xef9e,0xef9e,0xef9e,0xef9e,0xef9e,0xef9e,0xef9e,0xef9e,0xef9e,0xef9e,0xef9e,
  0xef9e,0xef9e,0xef9e,0xef9e,0xef9e,0xef9e,0xef9e,0xef9e,0xef9e,0xef9e,0xef9e,0xef9e,0xef9e,0xe75d,0xef9e,0xef9e,
  0xef9e,0xef9e,0xef9e,0xef9e,0xef9e,0xef9e,0xef9e,0xad97,0x9d15,0xa556,0xef9e,0xef9e,0xef9e,0xef9e,0xef9e,0xef9e,
  0xef9e,0xef9e,0xef7e,0xb5d7,0x4229,0x0041,0x0021,0x0021,0x0021,0x0021,0x0021,0x0021,0x0021,0x0882,0x634d,0xd6db,
  0xef9e,0xef9e,0xef9e,0xef9e,0xef7e,0xad96,0x18e4,0x0021,0x0021,0x0021,0x0041,0x52ab,0xef9e,0xef9e,0xef9e,0xef9e,
  0xef9e,0xef9e,0xef9e,0xef9e,0xef9e,0xef9e,0xef9e,0xef9e,0xe77e,0xef9e,0xef9e,0xef7e,0xdf1c,0xdf1c,0xdf1c,0xdf1c,
  0xdf3d,0xef9e,0xef9e,0xef9e,0xef9e,0xef9e,0xef9e,0xef9e,0xef9e,0xef9e,0xef9e,0xef9e,0xef9e,0xef9e,0xef9e,0xef9e,
  0xef9e,0xef9e,0xef9e,0xef9e,0xef9e,0xef9e,0xef9e,0xef9e,0xef9e,0xef9e,0xef9e,0xef9e,0xef9e,0xe73d,0xef9e,0xef9e,
  0xef9e,0xef9e,0xef9e,0xef9e,0xef9e,0xef9e,0xef9e,0xd6db,0xdefc,0xd6bb,0xef9e,0xef9e,0xef9e,0xef9e,0xef9e,0xef9e,
  0xef9e,0xef9e,0xef9e,0xef9e,0xef7e,0xbe18,0x7bf0,0x52ab,0x4229,0x3a08,0x4249,0x52cb,0x8c51,0xce9a,0xef9e,0xef9e,
  0xef9e,0xef9e,0xef9e,0xef9e,0xef9e,0xef9e,0xbe18,0x52cb,0x52ab,0x52ab,0x52ab,0x94b3,0xef9e,0xef9e,0xef9e,0xef9e,
  0xef9e,0xef9e,0xef9e,0xef9e,0xef9e,0xef9e,0xef9e,0xef9e,0xef7e,0xef9e,0xef9e,0xef7e,0xdf1c,0xdf1c,0xdf1c,0xdf1c,
  0xdf3d,0xef7e,0xef9e,0xef9e,0xef9e,0xef9e,0xef9e,0xef9e,0xef9e,0xef9e,0xef9e,0xef9e,0xef9e,0xef9e,0xef9e,0xef9e,
  0xef9e,0xef9e,0xef9e,0xef9e,0xef9e,0xef9e,0xef9e,0xef9e,0xef9e,0xef9e,0xef9e,0xef9e,0xef9e,0xe73d,0xef9e,0xef9e,
  0xef9e,0xef9e,0xef9e,0xef9e,0xef9e,0xef9e,0xef9e,0xbe19,0x94d4,0x8cb3,0xef9e,0xef9e,0xef9e,0xef9e,0xef9e,0xef9e,
  0xef9e,0xef9e,0xef9e,0xef9e,0xef9e,0xef9e,0xef7e,0xef7e,0xe75d,0xe75d,0xe75d,0xef7e,0xef7e,0xef9e,0xef9e,0xef9e,
  0xef9e,0xef9e,0xef9e,0xef9e,0xef9e,0xef9e,0xef9e,0xef7e,0xe75d,0xe75d,0xef7e,0xef7e,0xef9e,0xef9e,0xef9e,0xef9e,
  0xef9e,0xef9e,0xef9e,0xef9e,0xef9e,0xef9e,0xef9e,0xef9e,0xef7e,0xef9e,0xef9e,0xef7e,0xdf1c,0xdf1c,0xdf1c,0xdf1c,
  0xdf3d,0xef7e,0xef9e,0xef9e,0xef9e,0xef9e,0xef9e,0xef9e,0xef9e,0xef9e,0xef9e,0xef9e,0xef9e,0xef9e,0xef9e,0xef9e,
  0xef9e,0xef9e,0xef9e,0xef9e,0xef9e,0xef9e,0xef9e,0xef9e,0xef9e,0xef9e,0xef9e,0xef9e,0xef9e,0xe73d,0xef9e,0xef9e,
  0xef9e,0xef9e,0xef9e,0xef9e,0xef9e,0xef9e,0xef9e,0xb5d8,0x8cb3,0x94f4,0xef9e,0xef9e,0xef9e,0xef9e,0xef9e,0xef9e,
  0xef9e,0xef9e,0xef9e,0xef9e,0xef9e,0xef9e,0xef9e,0xef9e,0xef9e,0xef9e,0xef9e,0xef9e,0xef9e,0xef9e,0xef9e,0xef9e,
  0xef9e,0xef9e,0xef9e,0xef9e,0xef9e,0xef9e,0xef9e,0xef9e,0xef9e,0xef9e,0xef9e,0xef9e,0xef9e,0xef9e,0xef9e,0xef9e,
  0xef9e,0xef9e,0xef9e,0xef9e,0xef9e,0xef9e,0xef9e,0xef9e,0xef7e,0xef9e,0xef9e,0xef7e,0xdf3d,0xdf1c,0xdf1c,0xdf1c,
  0xdf3d,0xef7e,0xef9e,0xef9e,0xef9e,0xef9e,0xef9e,0xef9e,0xef9e,0xef9e,0xef9e,0xef9e,0xef9e,0xef9e,0xef9e,0xef9e,
  0xef9e,0xef9e,0xef9e,0xef9e,0xef9e,0xef9e,0xef9e,0xef9e,0xef9e,0xef9e,0xef9e,0xef9e,0xef9e,0xe73d,0xef9e,0xef9e,
  0xef9e,0xef9e,0xef9e,0xef9e,0xef9e,0xef9e,0xef9e,0xce9b,0xdefc,0xe75d,0xef9e,0xef9e,0xef9e,0xef9e,0xef9e,0xef9e,
  0xef9e,0xef9e,0xef9e,0xef9e,0xef9e,0xef9e,0xef9e,0xef9e,0xef9e,0xef9e,0xef9e,0xef9e,0xef9e,0xef9e,0xef9e,0xef9e,
  0xef9e,0xef9e,0xef9e,0xef9e,0xef9e,0xef9e,0xef9e,0xef9e,0xef9e,0xef9e,0xef9e,0xef9e,0xef9e,0xef9e,0xef9e,0xef9e,
  0xef9e,0xef9e,0xef9e,0xef9e,0xef9e,0xef9e,0xef9e,0xef9e,0xef7e,0xef9e,0xef9e,0xef7e,0xdf3d,0xdf1c,0xdf1c,0xdf1c,
  0xdf3d,0xef7e,0xef9e,0xef9e,0xef9e,0xef9e,0xef9e,0xef9e,0xef9e,0xef9e,0xef9e,0xef9e,0xef9e,0xef9e,0xef9e,0xef9e,
  0xef9e,0xef9e,0xef9e,0xef9e,0xef9e,0xef9e,0xef9e,0xef9e,0xef9e,0xef9e,0xef9e,0xef9e,0xef9e,0xe73d,0xef9e,0xef9e,
  0xef9e,0xef9e,0xef9e,0xef9e,0xef9e,0xef9e,0xef9e,0xd6bb,0x9d15,0xa576,0xef9e,0xef9e,0xef9e,0xef9e,0xef9e,0xef9e,
  0xef9e,0xef9e,0xef9e,0xef9e,0xef9e,0xef9e,0xef7e,0xef7e,0xef9e,0xef9e,0xef9e,0xef7e,0xef7e,0xe75d,0xe75d,0xe75d,
  0xe75d,0xe75d,0xe75d,0xe75d,0xe75d,0xe75d,0xe75d,0xe75d,0xe75d,0xe75d,0xef7e,0xef7e,0xef9e,0xef9e,0xef9e,0xef9e,
  0xef9e,0xef9e,0xef9e,0xef9e,0xef9e,0xef9e,0xef9e,0xef9e,0xef7e,0xef9e,0xef9e,0xef7e,0xdf1c,0xdf1c,0xdf1c,0xdf1c,
  0xdf3d,0xef7e,0xef9e,0xef9e,0xef9e,0xef9e,0xef9e,0xef9e,0xef9e,0xef9e,0xef9e,0xef9e,0xef9e,0xef9e,0xef9e,0xef9e,
  0xef9e,0xef9e,0xef9e,0xef9e,0xef9e,0xef9e,0xef9e,0xef9e,0xef9e,0xef9e,0xef9e,0xef9e,0xef9e,0xe73d,0xef9e,0xef9e,
  0xef9e,0xef9e,0xef9e,0xef9e,0xef9e,0xef9e,0xef9e,0xd6db,0xce9a,0xc65a,0xef9e,0xef9e,0xef9e,0xef9e,0xef9e,0xef9e,
  0xef9e,0xef9e,0xef9e,0xef9e,0xef7e,0xc639,0x7c10,0x632d,0xe75d,0xef9e,0xef9e,0x73cf,0x52ab,0x52ab,0x52ab,0x52ab,
  0x52ab,0x52ab,0x52ab,0x52ab,0x52ab,0x52ab,0x52ab,0x52ab,0x52ab,0x52ab,0x52ab,0x9492,0xef9e,0xef9e,0xef9e,0xef9e,
  0xef9e,0xef9e,0xef9e,0xef9e,0xef9e,0xef9e,0xef9e,0xef9e,0xef7e,0xef9e,0xef9e,0xef7e,0xdf1c,0xdf1c,0xdf1c,0xdf1c,
  0xdf3d,0xef7e,0xef9e,0xef9e,0xef9e,0xef9e,0xef9e,0xef9e,0xef9e,0xef9e,0xef9e,0xef9e,0xef9e,0xef9e,0xef9e,0xef9e,
  0xef9e,0xef9e,0xef9e,0xef9e,0xef9e,0xef9e,0xef9e,0xef9e,0xef9e,0xef9e,0xef9e,0xef9e,0xef9e,0xe75d,0xef9e,0xef9e,
  0xef9e,0xef9e,0xef9e,0xef9e,0xef9e,0xef9e,0xef9e,0xc639,0x94d4,0xbdf8,0xef9e,0xef9e,0xef9e,0xef9e,0xef9e,0xef9e,
  0xef9e,0xef9e,0xef7e,0xb5b7,0x4229,0x0041,0x0021,0x0882,0xdefc,0xef9e,0xef9e,0x18e4,0x0021,0x0021,0x0021,0x0021,
  0x0021,0x0021,0x0021,0x0021,0x0021,0x0021,0x0021,0x0021,0x0021,0x0021,0x0041,0x52ab,0xef9e,0xef9e,0xef9e,0xef9e,
  0xef9e,0xef9e,0xef9e,0xef9e,0xef9e,0xef9e,0xef9e,0xef9e,0xe77e,0xef9e,0xef9e,0xef7e,0xdf1c,0xdf1c,0xdf1c,0xdf1c,
  0xdf3d,0xef9e,0xef9e,0xef9e,0xef9e,0xef9e,0xef9e,0xef9e,0xef9e,0xef9e,0xef9e,0xef9e,0xef9e,0xef9e,0xef9e,0xef9e,
  0xef9e,0xef9e,0xef9e,0xef9e,0xef9e,0xef9e,0xef9e,0xef9e,0xef9e,0xef9e,0xef9e,0xef9e,0xef9e,0xef7e,0xef7e,0xef9e,
  0xef9e,0xef9e,0xef9e,0xef9e,0xef9e,0xef9e,0xef9e,0xb5d8,0xa576,0xad97,0xef9e,0xef9e,0xef9e,0xef9e,0xef9e,0xef9e,
  0xef9e,0xef7e,0xa535,0x0882,0x0021,0x0021,0x0021,0x0882,0xdefc,0xef9e,0xef9e,0x18e4,0x0021,0x0021,0x0021,0x0021,
  0x0021,0x0021,0x0021,0x0021,0x0021,0x0021,0x0021,0x0021,0x0021,0x0021,0x0021,0x4a8a,0xef7e,0xef9e,0xef9e,0xef9e,
  0xef9e,0xef9e,0xef9e,0xef9e,0xef9e,0xef9e,0xef9e,0xef9e,0xe75d,0xef9e,0xef9e,0xef7e,0xdf1c,0xdf1c,0xdf1c,0xdf1c,
  0xdf3d,0xef9e,0xef9e,0xef9e,0xef9e,0xef9e,0xef9e,0xef9e,0xef9e,0xef9e,0xef9e,0xef9e,0xef9e,0xef9e,0xef9e,0xef9e,
  0xef9e,0xef9e,0xef9e,0xef9e,0xef9e,0xef9e,0xef9e,0xef9e,0xef9e,0xef9e,0xef9e,0xef9e,0xef9e,0xef9e,0xef7e,0xef9e,
  0xef9e,0xef9e,0xef9e,0xef9e,0xef9e,0xef9e,0xef9e,0xef9e,0xef7e,0xef9e,0xef9e,0xef9e,0xef9e,0xef9e,0xef9e,0xef9e,
  0xef9e,0xb5b7,0x0882,0x0021,0x0021,0x0021,0x0021,0x0882,0xdefc,0xef9e,0xef9e,0x18e4,0x0021,0x0021,0x0021,0x0021,
  0x0021,0x0021,0x0021,0x0021,0x0021,0x0021,0x0021,0x0021,0x0021,0x0021,0x0021,0x4a8a,0xef7e,0xef9e,0xef9e,0xef9e,
  0xef9e,0xef9e,0xef9e,0xef9e,0xef9e,0xef9e,0xef9e,0xef9e,0xe75d,0xef9e,0xef9e,0xe75d,0xdf1c,0xdf1c,0xdf1c,0xdf1c,
  0xe73d,0xef9e,0xef9e,0xe73d,0xc65a,0xdefc,0xef9e,0xef9e,0xef9e,0xef9e,0xef9e,0xef9e,0xef9e,0xef9e,0xef9e,0xef9e,
  0xef9e,0xef9e,0xef9e,0xef9e,0xef9e,0xef9e,0xef9e,0xef9e,0xef9e,0xef9e,0xef9e,0xef9e,0xef9e,0xef9e,0xef7e,0xef9e,
  0xef9e,0xef9e,0xef9e,0xef9e,0xef9e,0xef9e,0xef9e,0xef9e,0xef9e,0xef9e,0xef9e,0xef9e,0xef9e,0xef9e,0xef9e,0xef9e,
  0xe75d,0x4249,0x0021,0x0021,0x0021,0x0021,0x0021,0x0882,0xdefc,0xef9e,0xef9e,0x18e4,0x0021,0x0021,0x0021,0x0021,
  0x0021,0x0021,0x0021,0x0021,0x0021,0x0021,0x0021,0x0021,0x0021,0x0021,0x0021,0x4a8a,0xef7e,0xef9e,0xef9e,0xef9e,
  0xef9e,0xef9e,0xef9e,0xef9e,0xef9e,0xef9e,0xef9e,0xef9e,0xe75e,0xef9e,0xef9e,0xe73d,0xdf1c,0xdf1c,0xdf1c,0xdf1c,
  0xe75d,0xef9e,0xef9e,0xef9e,0xef7e,0xe77e,0xef9e,0xef9e,0xef9e,0xef9e,0xef9e,0xef9e,0xef9e,0xef9e,0xef9e,0xef9e,
  0xef9e,0xef9e,0xef9e,0xef9e,0xef9e,0xef9e,0xef9e,0xef9e,0xef9e,0xef9e,0xef9e,0xef9e,0xef9e,0xef9e,0xe75e,0xef9e,
  0xef9e,0xef9e,0xef9e,0xef9e,0xef9e,0xef9e,0xef9e,0xef9e,0xef9e,0xef9e,0xef9e,0xef9e,0xef9e,0xef9e,0xef9e,0xef9e,
  0xb5d7,0x0882,0x0021,0x0021,0x0021,0x0021,0x0862,0x1904,0xe73d,0xef9e,0xef9e,0x2966,0x0041,0x0021,0x0021,0x0021,
  0x0882,0x2145,0x2145,0x2145,0x2145,0x2145,0x2125,0x0021,0x0021,0x0021,0x0021,0x4a8a,0xef7e,0xef9e,0xef9e,0xef9e,
  0xef9e,0xef9e,0xef9e,0xef9e,0xef9e,0xef9e,0xef9e,0xe75e,0xef9e,0xef9e,0xef9e,0xdf3d,0xdf1c,0xdf1c,0xdf1c,0xdf1c,
  0xe75d,0xef9e,0xef9e,0xef9e,0xef9e,0xef9e,0xef9e,0xef9e,0xef9e,0xef9e,0xef9e,0xef9e,0xef9e,0xef9e,0xef9e,0xef9e,
  0xef9e,0xef9e,0xef9e,0xef9e,0xef9e,0xef9e,0xef9e,0xef9e,0xef9e,0xef9e,0xef9e,0xef9e,0xef9e,0xef9e,0xe75d,0xef9e,
  0xef9e,0xef9e,0xef9e,0xef9e,0xef9e,0xef9e,0xef9e,0xef9e,0xef9e,0xef9e,0xef9e,0xef9e,0xef9e,0xef9e,0xef9e,0xef9e,
  0x7c10,0x0041,0x0021,0x0021,0x0021,0x2125,0xad76,0xdf1c,0xef9e,0xef9e,0xef9e,0xdf1c,0x632d,0x0041,0x0021,0x0021,
  0x2145,0xe73d,0xef9e,0xef9e,0xef9e,0xef9e,0xd6bb,0x0882,0x0021,0x0021,0x0021,0x4a8a,0xef7e,0xef9e,0xef9e,0xef9e,
  0xef9e,0xef9e,0xef9e,0xef9e,0xef9e,0xef9e,0xef9e,0xe75d,0xef9e,0xef9e,0xef7e,0xdf3d,0xdf1c,0xdf1c,0xdf1c,0xdf1c,
  0xef7e,0xef9e,0xef9e,0xef9e,0xef9e,0xef9e,0xef9e,0xef9e,0xef9e,0xef9e,0xef9e,0xef9e,0xef9e,0xef9e,0xef9e,0xef9e,
  0xef9e,0xef9e,0xef9e,0xef9e,0xef9e,0xef9e,0xef9e,0xef9e,0xef9e,0xef9e,0xef9e,0xef9e,0xef9e,0xef9e,0xef7e,0xe75e,
  0xef9e,0xef9e,0xef9e,0xef9e,0xef9e,0xef9e,0xef9e,0xef9e,0xef9e,0xef9e,0xef9e,0xef9e,0xef9e,0xef9e,0xef9e,0xef9e,
  0x5aec,0x0021,0x0021,0x0021,0x0041,0xce7a,0xef9e,0xef9e,0xef9e,0xef9e,0xef9e,0xef9e,0xdefc,0x10c3,0x0021,0x0021,
  0x0021,0x94b3,0xef7e,0xef9e,0xef9e,0xef9e,0xd6db,0x0882,0x0021,0x0021,0x0021,0x4a8a,0xef7e,0xef9e,0xef9e,0xef9e,
  0xef9e,0xef9e,0xef9e,0xef9e,0xef9e,0xef9e,0xef9e,0xe75e,0xef9e,0xef9e,0xe75d,0xdf1c,0xdf1c,0xdf1c,0xdf1c,0xdf3d,
  0xef9e,0xef9e,0xef9e,0xef9e,0xef9e,0xef9e,0xef9e,0xef9e,0xef9e,0xef9e,0xef9e,0xef9e,0xef9e,0xef9e,0xef9e,0xef9e,
  0xef9e,0xef9e,0xef9e,0xef9e,0xef9e,0xef9e,0xef9e,0xef9e,0xef9e,0xef9e,0xef9e,0xef9e,0xef9e,0xef9e,0xef9e,0xe75e,
  0xef9e,0xef9e,0xef9e,0xef9e,0xef9e,0xef9e,0xef9e,0xef9e,0xef9e,0xef9e,0xef9e,0xef9e,0xef9e,0xef9e,0xef9e,0xef9e,
  0x52cb,0x0021,0x0021,0x0021,0x0882,0xe73d,0xef9e,0xef9e,0xef9e,0xef9e,0xef9e,0xef9e,0xe73d,0x2966,0x0021,0x0021,
  0x0021,0x31a7,0xe75d,0xef9e,0xef9e,0xef9e,0xd6db,0x0882,0x0021,0x0021,0x0021,0x4a8a,0xef7e,0xef9e,0xef9e,0xef9e,
  0xef9e,0xef9e,0xef9e,0xef9e,0xef9e,0xef9e,0xef9e,0xef7e,0xef9e,0xef9e,0xe73d,0xdf1c,0xdf1c,0xdf1c,0xdf1c,0xdf3d,
  0xef9e,0xef9e,0xef9e,0xef9e,0xef9e,0xef9e,0xef9e,0xef9e,0xef9e,0xef9e,0xef9e,0xef9e,0xef9e,0xef9e,0xef9e,0xef9e,
  0xef9e,0xef9e,0xef9e,0xef9e,0xef9e,0xef9e,0xef9e,0xef9e,0xef9e,0xef9e,0xef9e,0xef9e,0xef9e,0xef9e,0xef9e,0xef7e,
  0xef9e,0xef9e,0xef9e,0xef9e,0xef9e,0xef9e,0xef9e,0xef9e,0xef9e,0xef9e,0xef9e,0xef9e,0xef9e,0xef9e,0xef9e,0xef9e,
  0x5b0c,0x0021,0x0021,0x0021,0x0021,0xad96,0xef7e,0xef9e,0xef9e,0xef9e,0xef9e,0xef9e,0xc659,0x1083,0x0021,0x0021,
  0x0021,0x10c3,0xe75d,0xef9e,0xef9e,0xef9e,0xd6db,0x0882,0x0021,0x0021,0x0021,0x4a8a,0xef7e,0xef9e,0xef9e,0xef9e,
  0xef9e,0xef9e,0xef9e,0xef9e,0xef9e,0xef9e,0xe73d,0xef9e,0xef9e,0xef9e,0xdf3d,0xdf1c,0xdf1c,0xdf1c,0xdf1c,0xe75d,
  0xef9e,0xef9e,0xef9e,0xef9e,0xef9e,0xef9e,0xef9e,0xef9e,0xef9e,0xef9e,0xef9e,0xef9e,0xef9e,0xef9e,0xef9e,0xef9e,
  0xef9e,0xef9e,0xef9e,0xef9e,0xef9e,0xef9e,0xef9e,0xef9e,0xef9e,0xef9e,0xef9e,0xef9e,0xef9e,0xef9e,0xef9e,0xef9e,
  0xe75d,0xef9e,0xef9e,0xef9e,0xef9e,0xef9e,0xef9e,0xef9e,0xef9e,0xef9e,0xef9e,0xef9e,0xef9e,0xef9e,0xef9e,0xef9e,
  0x8431,0x0041,0x0021,0x0021,0x0021,0x10c3,0x94b3,0xc639,0xd6db,0xdefc,0xce9a,0xad96,0x3a08,0x0041,0x0021,0x0021,
  0x0021,0x2125,0xe75d,0xef9e,0xef9e,0xef9e,0xd6db,0x0882,0x0021,0x0021,0x0021,0x4a8a,0xef7e,0xef9e,0xef9e,0xef9e,
  0xef9e,0xef9e,0xef9e,0xef9e,0xef9e,0xef7e,0xef7e,0xef9e,0xef9e,0xe75d,0xdf1c,0xdf1c,0xdf1c,0xdf1c,0xdf3d,0xef9e,
  0xef9e,0xef9e,0xef9e,0xef9e,0xef9e,0xef9e,0xef9e,0xef9e,0xef9e,0xef9e,0xef9e,0xef9e,0xef9e,0xef9e,0xef9e,0xef9e,
  0xef9e,0xef9e,0xef9e,0xef9e,0xef9e,0xef9e,0xef9e,0xef9e,0xef9e,0xef9e,0xef9e,0xef9e,0xef9e,0xef9e,0xef9e,0xef9e,
  0xe75e,0xef9e,0xef9e,0xef9e,0xef9e,0xef9e,0xef9e,0xef9e,0xef9e,0xef9e,0xef9e,0xef9e,0xef9e,0xef9e,0xef9e,0xef9e,
  0xbe18,0x0882,0x0021,0x0021,0x0021,0x0021,0x0041,0x0862,0x10a3,0x10a3,0x0882,0x0041,0x0021,0x0021,0x0021,0x0021,
  0x0021,0x632d,0xef7e,0xef9e,0xef9e,0xef9e,0xd6db,0x0882,0x0021,0x0021,0x0021,0x4a8a,0xef7e,0xef9e,0xef9e,0xef9e,
  0xef9e,0xef9e,0xef9e,0xef9e,0xef9e,0xef7e,0xef9e,0xef9e,0xef9e,0xdf3d,0xdf1c,0xdf1c,0xdf1c,0xdf1c,0xe73d,0xef9e,
  0xef9e,0xef9e,0xef9e,0xef9e,0xef9e,0xef9e,0xef9e,0xef9e,0xef9e,0xef9e,0xef9e,0xef9e,0xef9e,0xef9e,0xef9e,0xef9e,
  0xef9e,0xef9e,0xef9e,0xef9e,0xef9e,0xef9e,0xef9e,0xef9e,0xef9e,0xef9e,0xef9e,0xef9e,0xef9e,0xef9e,0xef9e,0xef9e,
  0xef9e,0xe75e,0xef9e,0xef9e,0xef9e,0xef9e,0xef9e,0xef9e,0xef9e,0xef9e,0xef9e,0xef9e,0xef9e,0xef9e,0xef9e,0xef9e,
  0xe75d,0x4a6a,0x0021,0x0021,0x0021,0x0021,0x0021,0x0021,0x0021,0x0021,0x0021,0x0021,0x0021,0x0021,0x0021,0x0021,
  0x0041,0xc618,0xef9e,0xef9e,0xef9e,0xef9e,0xd6db,0x0882,0x0021,0x0021,0x0021,0x4a8a,0xef7e,0xef9e,0xef9e,0xef9e,
  0xef9e,0xef9e,0xef9e,0xef9e,0xef7e,0xef7e,0xef9e,0xef9e,0xe75d,0xdf1c,0xdf1c,0xdf1c,0xdf1c,0xdf1c,0xe77e,0xef9e,
  0xef9e,0xef9e,0xef9e,0xef9e,0xef9e,0xef9e,0xef9e,0xef9e,0xef9e,0xef9e,0xef9e,0xef9e,0xef9e,0xef9e,0xef9e,0xef9e,
  0xef9e,0xef9e,0xef9e,0xef9e,0xef9e,0xef9e,0xef9e,0xef9e,0xef9e,0xef9e,0xef9e,0xef9e,0xef9e,0xef9e,0xef9e,0xef9e,
  0xef9e,0xef7e,0xef7e,0xef9e,0xef9e,0xef9e,0xef9e,0xef9e,0xef9e,0xef9e,0xef9e,0xef9e,0xef9e,0xef9e,0xef9e,0xef9e,
  0xef9e,0xbdf8,0x10a3,0x0021,0x0021,0x0021,0x0021,0x0021,0x0021,0x0021,0x0021,0x0021,0x0021,0x0021,0x0021,0x0021,
  0x4a6a,0xe75d,0xef9e,0xef9e,0xef9e,0xef9e,0xd6db,0x0882,0x0021,0x0021,0x0021,0x4a8a,0xef7e,0xef9e,0xef9e,0xef9e,
  0xef9e,0xef9e,0xef9e,0xef9e,0xe75e,0xef9e,0xef9e,0xef9e,0xdf3d,0xdf1c,0xdf1c,0xdf1c,0xdf1c,0xdf3d,0xef9e,0xc67a,
  0xe75d,0xef9e,0xef9e,0xef9e,0xef9e,0xef9e,0xef9e,0xef9e,0xef9e,0xef9e,0xef9e,0xef9e,0xef9e,0xef9e,0xef9e,0xef9e,
  0xef9e,0xef9e,0xef9e,0xef9e,0xef9e,0xef9e,0xef9e,0xef9e,0xef9e,0xef9e,0xef9e,0xef9e,0xef9e,0xef9e,0xef9e,0xef9e,
  0xef9e,0xef9e,0xe75e,0xef9e,0xef9e,0xef9e,0xef9e,0xef9e,0xef9e,0xef9e,0xef9e,0xef9e,0xef9e,0xef9e,0xef9e,0xef9e,
  0xef9e,0xef7e,0xb5d7,0x10a3,0x0021,0x0021,0x0021,0x0021,0x0021,0x0021,0x0021,0x0021,0x0021,0x0021,0x0041,0x31a7,
  0xdf1c,0xef9e,0xef9e,0xef9e,0xef9e,0xef9e,0xd6db,0x0882,0x0021,0x0021,0x0021,0x4a8a,0xef7e,0xef9e,0xef9e,0xef9e,
  0xef9e,0xef9e,0xef9e,0xef7e,0xef7e,0xef9e,0xef9e,0xe75d,0xdf1c,0xdf1c,0xdf1c,0xdf1c,0xdf1c,0xe75d,0xef9e,0xc65a,
  0x73f1,0xb5d8,0xef7e,0xef9e,0xef9e,0xef9e,0xef9e,0xef9e,0xef9e,0xef9e,0xef9e,0xef9e,0xef9e,0xef9e,0xef9e,0xef9e,
  0xef9e,0xef9e,0xef9e,0xef9e,0xef9e,0xef9e,0xef9e,0xef9e,0xef9e,0xef9e,0xef9e,0xef9e,0xef9e,0xef9e,0xef9e,0xef9e,
  0xef9e,0xef9e,0xef9e,0xe75e,0xef9e,0xef9e,0xef9e,0xef9e,0xef9e,0xef9e,0xef9e,0xef9e,0xef9e,0xef9e,0xef9e,0xef9e,
  0xef9e,0xef9e,0xef7e,0xbe18,0x5b0c,0x10a3,0x0862,0x0041,0x0021,0x0021,0x0021,0x0041,0x0862,0x2966,0x8451,0xd6db,
  0xef9e,0xef9e,0xef9e,0xef9e,0xef9e,0xef9e,0xdf1c,0x2966,0x2125,0x2125,0x2125,0x6b8e,0xef9e,0xef9e,0xef9e,0xef9e,
  0xef9e,0xef9e,0xef7e,0xef7e,0xef9e,0xef9e,0xef9e,0xdf3d,0xdf1c,0xdf1c,0xdf1c,0xdf1c,0xdf3d,0xef9e,0xef9e,0xef9e,
  0xe75d,0xce7a,0xdf1c,0xef9e,0xef9e,0xef9e,0xef9e,0xef9e,0xef9e,0xef9e,0xef9e,0xef9e,0xef9e,0xef9e,0xef9e,0xef9e,
  0xef9e,0xef9e,0xef9e,0xef9e,0xef9e,0xef9e,0xef9e,0xef9e,0xef9e,0xef9e,0xef9e,0xef9e,0xef9e,0xef9e,0xef9e,0xef9e,
  0xef9e,0xef9e,0xef9e,0xef7e,0xef7e,0xef9e,0xef9e,0xef9e,0xef9e,0xef9e,0xef9e,0xef9e,0xef9e,0xef9e,0xef9e,0xef9e,
  0xef9e,0xef9e,0xef9e,0xef9e,0xe75d,0xce9a,0x94d3,0x6b8e,0x5aec,0x5aec,0x632d,0x7c10,0xad96,0xdf1c,0xef7e,0xef9e,
  0xef9e,0xef9e,0xef9e,0xef9e,0xef9e,0xef9e,0xef9e,0xe73d,0xdf1c,0xdf1c,0xdf1c,0xe75d,0xef9e,0xef9e,0xef9e,0xef9e,
  0xef9e,0xef9e,0xe75e,0xef9e,0xef9e,0xef9e,0xe73d,0xdf1c,0xdf1c,0xdf1c,0xdf1c,0xdf1c,0xe75d,0xef9e,0xef9e,0xef9e,
  0xef9e,0xef9e,0xef9e,0xef9e,0xef9e,0xef9e,0xef9e,0xef9e,0xef9e,0xef9e,0xef9e,0xef9e,0xef9e,0xef9e,0xef9e,0xef9e,
  0xef9e,0xef9e,0xef9e,0xef9e,0xef9e,0xef9e,0xef9e,0xef9e,0xef9e,0xef9e,0xef9e,0xef9e,0xef9e,0xef9e,0xef9e,0xef9e,
  0xef9e,0xef9e,0xef9e,0xef9e,0xe75e,0xef9e,0xef9e,0xef9e,0xef9e,0xef9e,0xef9e,0xef9e,0xef9e,0xef9e,0xef9e,0xef9e,
  0xef9e,0xef9e,0xef9e,0xef9e,0xef9e,0xef9e,0xef9e,0xef9e,0xef9e,0xef9e,0xef9e,0xef9e,0xef9e,0xef9e,0xef9e,0xef9e,
  0xef9e,0xef9e,0xef9e,0xef9e,0xef9e,0xef9e,0xef9e,0xef9e,0xef9e,0xef9e,0xef9e,0xef9e,0xef9e,0xef9e,0xef9e,0xef9e,
  0xef9e,0xe75e,0xef9e,0xef9e,0xef9e,0xe75d,0xdf1c,0xdf1c,0xdf1c,0xdf1c,0xdf1c,0xe73d,0xef9e,0xef9e,0xef9e,0xef9e,
  0xef9e,0xef9e,0xef9e,0xef9e,0xef9e,0xef9e,0xef9e,0xef9e,0xef9e,0xef9e,0xef9e,0xef9e,0xef9e,0xef9e,0xef9e,0xef9e,
  0xef9e,0xef9e,0xef9e,0xef9e,0xef9e,0xef9e,0xef9e,0xef9e,0xef9e,0xef9e,0xef9e,0xef9e,0xef9e,0xef9e,0xef9e,0xef9e,
  0xef9e,0xef9e,0xef9e,0xef9e,0xef9e,0xef7e,0xef9e,0xef9e,0xef9e,0xef9e,0xef9e,0xef9e,0xef9e,0xef9e,0xef9e,0xef9e,
  0xef9e,0xef9e,0xef9e,0xef9e,0xef9e,0xef9e,0xef9e,0xef9e,0xef9e,0xef9e,0xef9e,0xef9e,0xef9e,0xef9e,0xef9e,0xef9e,
  0xef9e,0xef9e,0xef9e,0xef9e,0xef9e,0xef9e,0xef9e,0xef9e,0xef9e,0xef9e,0xef9e,0xef9e,0xef9e,0xef9e,0xef9e,0xef9e,
  0xe75d,0xef9e,0xef9e,0xef9e,0xef7e,0xdf3d,0xdf1c,0xdf1c,0xdf1c,0xdf1c,0xdf3d,0xef7e,0xef9e,0xef9e,0xef9e,0xef9e,
  0xef9e,0xef9e,0xef9e,0xef9e,0xef9e,0xef9e,0xef9e,0xef9e,0xef9e,0xef9e,0xdefc,0xa577,0xdefc,0xef9e,0xef9e,0xef9e,
  0xef9e,0xef9e,0xef9e,0xef9e,0xef9e,0xef9e,0xef9e,0xef9e,0xef9e,0xef9e,0xef9e,0xef9e,0xef9e,0xef9e,0xef9e,0xef9e,
  0xef9e,0xef9e,0xef9e,0xef9e,0xef9e,0xef9e,0xe75d,0xef9e,0xef9e,0xef9e,0xef9e,0xef9e,0xef9e,0xef9e,0xef9e,0xef9e,
  0xef9e,0xef9e,0xef9e,0xef9e,0xef9e,0xef9e,0xef9e,0xef9e,0xef9e,0xef9e,0xef9e,0xef9e,0xef9e,0xef9e,0xef9e,0xef9e,
  0xef9e,0xef9e,0xef9e,0xef9e,0xef9e,0xef9e,0xef9e,0xef9e,0xef9e,0xef9e,0xef9e,0xef9e,0xef9e,0xef9e,0xef9e,0xef7e,
  0xef9e,0xef9e,0xef9e,0xef7e,0xdf3d,0xdf1c,0xdf1c,0xdf1c,0xdf1c,0xdf1c,0xe75d,0xef9e,0xef9e,0xef9e,0xef9e,0xef9e,
  0xef9e,0xef9e,0xef9e,0xef9e,0xef9e,0xef9e,0xef9e,0xef9e,0xef9e,0xef9e,0xdefc,0xa577,0xdefc,0xef9e,0xef9e,0xef9e,
  0xef9e,0xef9e,0xef9e,0xef9e,0xef9e,0xef9e,0xef9e,0xef9e,0xef9e,0xef9e,0xef9e,0xef9e,0xef9e,0xef9e,0xef9e,0xef9e,
  0xef9e,0xe75d,0xe75d,0xef7e,0xef9e,0xef9e,0xef9e,0xe75e,0xef7e,0xef9e,0xef9e,0xef9e,0xef9e,0xef9e,0xef9e,0xef9e,
  0xef9e,0xef9e,0xef9e,0xef9e,0xef9e,0xef9e,0xef9e,0xef9e,0xef9e,0xef9e,0xef9e,0xef9e,0xef9e,0xef9e,0xef9e,0xef9e,
  0xef9e,0xef9e,0xef9e,0xef9e,0xef9e,0xef9e,0xef9e,0xef9e,0xef9e,0xef9e,0xef9e,0xef9e,0xef9e,0xef9e,0xe75d,0xef9e,
  0xef9e,0xef9e,0xef7e,0xdf3d,0xdf1c,0xdf1c,0xdf1c,0xdf1c,0xdf1c,0xdf3d,0xef9e,0xef9e,0xef9e,0xef9e,0xef9e,0xef9e,
  0xef9e,0xef9e,0xef9e,0xef9e,0xef9e,0xef9e,0xef9e,0xef9e,0xef9e,0xef9e,0xef9e,0xef9e,0xef9e,0xef9e,0xef9e,0xef9e,
  0xef9e,0xef9e,0xef9e,0xef9e,0xef9e,0xef9e,0xef9e,0xef9e,0xef9e,0xef9e,0xef9e,0xef9e,0xef9e,0xef9e,0xef9e,0xef9e,
  0xe73d,0xdf1c,0xdf1c,0xdf3d,0xe75d,0xef9e,0xef9e,0xef9e,0xef7e,0xe75e,0xef9e,0xef9e,0xef9e,0xef9e,0xef9e,0xef9e,
  0xef9e,0xef9e,0xef9e,0xef9e,0xef9e,0xef9e,0xef9e,0xef9e,0xef9e,0xef9e,0xef9e,0xef9e,0xef9e,0xef9e,0xef9e,0xef9e,
  0xef9e,0xef9e,0xef9e,0xef9e,0xef9e,0xef9e,0xef9e,0xef9e,0xef9e,0xef9e,0xef9e,0xef9e,0xef7e,0xef7e,0xef9e,0xef9e,
  0xef9e,0xef7e,0xe73d,0xdf1c,0xdf1c,0xdf1c,0xdf1c,0xdf1c,0xdf3d,0xef9e,0xef9e,0xef9e,0xef9e,0xef9e,0xef9e,0xef9e,
  0xef9e,0xef9e,0xef9e,0xef9e,0xef9e,0xef9e,0xef9e,0xef9e,0xef9e,0xef9e,0xef9e,0xef9e,0xef9e,0xef9e,0xef9e,0xef9e,
  0xef9e,0xef9e,0xef9e,0xef9e,0xef9e,0xef9e,0xef9e,0xef9e,0xef9e,0xef9e,0xef9e,0xef9e,0xef9e,0xef9e,0xef9e,0xef7e,
  0xdf1c,0xdf1c,0xdf1c,0xdf1c,0xdf1c,0xe75d,0xef9e,0xef9e,0xef9e,0xef9e,0xe75e,0xef9e,0xef9e,0xef9e,0xef9e,0xef9e,
  0xef9e,0xef9e,0xef9e,0xef9e,0xef9e,0xef9e,0xef9e,0xef9e,0xef9e,0xef9e,0xef9e,0xef9e,0xef9e,0xef9e,0xef9e,0xef9e,
  0xef9e,0xef9e,0xef9e,0xef9e,0xef9e,0xef9e,0xef9e,0xef9e,0xef9e,0xef9e,0xef9e,0xef7e,0xef7e,0xef9e,0xef9e,0xef9e,
  0xef7e,0xe73d,0xdf1c,0xdf1c,0xdf1c,0xdf1c,0xdf1c,0xdf3d,0xe77e,0xef9e,0xef9e,0xef9e,0xef9e,0xef9e,0xef9e,0xef9e,
  0xef9e,0xef9e,0xef9e,0xef9e,0xef9e,0xef9e,0xef9e,0xef9e,0xef9e,0xef9e,0xcf1d,0x655b,0xcf1d,0xef9e,0xef9e,0xef9e,
  0xef9e,0xef9e,0xef9e,0xef9e,0xef9e,0xef9e,0xef9e,0xef9e,0xef9e,0xef9e,0xef9e,0xef9e,0xef9e,0xef9e,0xef9e,0xef7e,
  0xdf1c,0xdf1c,0xdf1c,0xdf1c,0xdf1c,0xdf1c,0xe73d,0xef9e,0xef9e,0xef9e,0xef9e,0xef7e,0xe75e,0xef9e,0xef9e,0xef9e,
  0xef9e,0xef9e,0xef9e,0xef9e,0xef9e,0xef9e,0xef9e,0xef9e,0xef9e,0xef9e,0xef9e,0xef9e,0xef9e,0xef9e,0xef9e,0xef9e,
  0xef9e,0xef9e,0xef9e,0xef9e,0xef9e,0xef9e,0xef9e,0xef9e,0xef9e,0xef9e,0xe73d,0xef9e,0xef9e,0xef9e,0xef9e,0xef7e,
  0xdf3d,0xdf1c,0xdf1c,0xdf1c,0xdf1c,0xdf1c,0xdf1c,0xe77e,0xef9e,0xef9e,0xef9e,0xef9e,0xef9e,0xef9e,0xef9e,0xef9e,
  0xef9e,0xef9e,0xef9e,0xef9e,0xef9e,0xef9e,0xef9e,0xef9e,0xef9e,0xef9e,0x9e3c,0x0bf9,0x9e5c,0xef9e,0xef9e,0xef9e,
  0xef9e,0xef9e,0xef9e,0xef9e,0xef9e,0xef9e,0xef9e,0xef9e,0xef9e,0xef9e,0xef9e,0xef9e,0xef9e,0xef9e,0xef9e,0xef9e,
  0xdf3d,0xdf1c,0xdf1c,0xdf1c,0xdf1c,0xdf1c,0xdf1c,0xe73d,0xef7e,0xef9e,0xef9e,0xef9e,0xef9e,0xe75e,0xe75e,0xef9e,
  0xef9e,0xef9e,0xef9e,0xef9e,0xef9e,0xef9e,0xef9e,0xef9e,0xef9e,0xef9e,0xef9e,0xef9e,0xef9e,0xef9e,0xef9e,0xef9e,
  0xef9e,0xef9e,0xef9e,0xef9e,0xef9e,0xef9e,0xef9e,0xef7e,0xe75e,0xef7e,0xef9e,0xef9e,0xef9e,0xef9e,0xe75d,0xdf1c,
  0xdf1c,0xdf1c,0xdf1c,0xdf1c,0xdf1c,0xdf1c,0xe75d,0xef9e,0xef9e,0xef9e,0xdf3d,0xce7a,0xef9e,0xef9e,0xef9e,0xef9e,
  0xef9e,0xef9e,0xef9e,0xef9e,0xef9e,0xef9e,0xef9e,0xef9e,0xef9e,0xef9e,0x9e3c,0x03f8,0x9e5c,0xef9e,0xef9e,0xef9e,
  0xef9e,0xef9e,0xef9e,0xef9e,0xef9e,0xef9e,0xef9e,0xef9e,0xef9e,0xef9e,0xef9e,0xef9e,0xef9e,0xef9e,0xef9e,0xef9e,
  0xef7e,0xe73d,0xdf1c,0xdf1c,0xdf1c,0xdf1c,0xdf1c,0xdf1c,0xdf3d,0xe75d,0xef9e,0xef9e,0xef9e,0xef9e,0xef9e,0xe75d,
  0xe75e,0xef7e,0xef9e,0xef9e,0xef9e,0xef9e,0xef9e,0xef9e,0xef9e,0xef9e,0xef9e,0xef9e,0xef9e,0xef9e,0xef9e,0xef9e,
  0xef9e,0xef9e,0xef9e,0xef9e,0xef7e,0xef7e,0xe75e,0xef7e,0xef9e,0xef9e,0xef9e,0xef9e,0xef7e,0xe73d,0xdf1c,0xdf1c,
  0xdf1c,0xdf1c,0xdf1c,0xdf1c,0xdf3d,0xe75d,0xef9e,0xef9e,0xef9e,0xef9e,0xef9e,0xe73d,0xef9e,0xef9e,0xef9e,0xef9e,
  0xef9e,0xef9e,0xef9e,0xef9e,0xef9e,0xef9e,0xef9e,0xef9e,0xef9e,0xef9e,0x9e3c,0x03f8,0x9e5c,0xef9e,0xef9e,0xef9e,
  0xef9e,0xef9e,0xef9e,0xef9e,0xef9e,0xef9e,0xef9e,0xef9e,0xef9e,0xef9e,0xef9e,0xef9e,0xef9e,0xef9e,0xef9e,0xef9e,
  0xef9e,0xef9e,0xdf3d,0xdf1c,0xdf1c,0xdf1c,0xdf1c,0xdf1c,0xdf1c,0xdf1c,0xdf3d,0xef7e,0xef9e,0xef9e,0xef9e,0xef9e,
  0xef9e,0xef9e,0xe73d,0xe73d,0xe6b8,0xef3b,0xef5c,0xef7d,0xef9e,0xef9e,0xef9e,0xef9e,0xef9e,0xef9e,0xef9e,0xef9e,
  0xef9e,0xef9e,0xe75d,0xe73d,0xef7e,0xef9e,0xef9e,0xef9e,0xef9e,0xef9e,0xef9e,0xe73d,0xdf3d,0xdf1c,0xdf1c,0xdf1c,
  0xdf1c,0xdf1c,0xdf1c,0xdf3d,0xef7e,0xef9e,0xef9e,0xef9e,0xef9e,0xef9e,0xef9e,0xef9e,0xef9e,0xef9e,0xef9e,0xef9e,
  0xef9e,0xef9e,0xef9e,0xef9e,0xef9e,0xef9e,0xef9e,0xef9e,0xef9e,0xef9e,0x9e3c,0x0bf9,0x9e5c,0xef9e,0xef9e,0xef9e,
  0xef9e,0xef9e,0xef9e,0xef9e,0xef9e,0xef9e,0xef9e,0xef9e,0xef9e,0xef9e,0xef9e,0xef9e,0xef7e,0xbe39,0xe75d,0xef9e,
  0xef9e,0xef9e,0xef9e,0xe73d,0xdf1c,0xdf1c,0xdf1c,0xdf1c,0xdf1c,0xdf1c,0xdf1c,0xdf3d,0xe73d,0xe77e,0xef9e,0xef9e,
  0xef9e,0xef9e,0xef9e,0xef9e,0xe676,0xcbe2,0xcc45,0xde13,0xe75d,0xe75d,0xe75d,0xe75d,0xe75d,0xe75e,0xe75e,0xef7e,
  0xef7e,0xef7e,0xef9e,0xef9e,0xef9e,0xef9e,0xef9e,0xef9e,0xef7e,0xe75d,0xdf3d,0xdf1c,0xdf1c,0xdf1c,0xdf1c,0xdf1c,
  0xdf1c,0xdf1c,0xe73d,0xef7e,0xef9e,0xef9e,0xef9e,0xef9e,0xef9e,0xef9e,0xef9e,0xef9e,0xef9e,0xef9e,0xef9e,0xef9e,
  0xef9e,0xef9e,0xef9e,0xef9e,0xef9e,0xef9e,0xef9e,0xef9e,0xef9e,0xef9e,0xcf1d,0x655b,0xcf1d,0xef9e,0xef9e,0xef9e,
  0xef9e,0xef9e,0xef9e,0xef9e,0xef9e,0xef9e,0xef9e,0xef9e,0xef9e,0xef9e,0xef9e,0xef9e,0xef7e,0xe75e,0xef9e,0xef9e,
  0xef9e,0xef9e,0xef9e,0xef9e,0xe75d,0xdf3d,0xdf1c,0xdf1c,0xdf1c,0xdf1c,0xdf1c,0xdf1c,0xdf1c,0xdf1c,0xe73d,0xe75d,
  0xef7e,0xef9e,0xef9e,0xef9e,0xef7d,0xcc86,0xdd8f,0xef7d,0xef9e,0xef9e,0xef9e,0xef9e,0xef9e,0xef9e,0xef9e,0xef9e,
  0xef9e,0xef9e,0xef9e,0xef9e,0xef9e,0xef9e,0xef7e,0xe75d,0xdf3d,0xdf1c,0xdf1c,0xdf1c,0xdf1c,0xdf1c,0xdf1c,0xdf1c,
  0xdf1c,0xe73d,0xef7e,0xef9e,0xef9e,0xef9e,0xef9e,0xef9e,0xef9e,0xef9e,0xef9e,0xef9e,0xef9e,0xef9e,0xef9e,0xef9e,
  0xef9e,0xef9e,0xef9e,0xef9e,0xef9e,0xef9e,0xef9e,0xef9e,0xef9e,0xef9e,0xef9e,0xef9e,0xef9e,0xef9e,0xef9e,0xef9e,
  0xef9e,0xef9e,0xef9e,0xef9e,0xef9e,0xef9e,0xef9e,0xef9e,0xef9e,0xef9e,0xef9e,0xef9e,0xef9e,0xef9e,0xef9e,0xef9e,
  0xef9e,0xef9e,0xef9e,0xef9e,0xef9e,0xef7e,0xdf3d,0xdf1c,0xdf1c,0xdf1c,0xdf1c,0xdf1c,0xdf1c,0xdf1c,0xdf1c,0xdf1c,
  0xdf3d,0xe73d,0xe75d,0xef9e,0xef9e,0xef5d,0xef9e,0xef9e,0xef9e,0xef9e,0xef9e,0xef9e,0xef9e,0xef9e,0xef9e,0xef9e,
  0xef9e,0xef9e,0xef9e,0xef7e,0xe73d,0xdf3d,0xdf1c,0xdf1c,0xdf1c,0xdf1c,0xdf1c,0xdf1c,0xdf1c,0xdf1c,0xdf1c,0xdf3d,
  0xe75d,0xef9e,0xef9e,0xef9e,0xef9e,0xef9e,0xef9e,0xef9e,0xef9e,0xef9e,0xef9e,0xef9e,0xef9e,0xef9e,0xef9e,0xef9e,
  0xef9e,0xef9e,0xef9e,0xef9e,0xef9e,0xef9e,0xef9e,0xef9e,0xef9e,0xef9e,0xef9e,0xef9e,0xef9e,0xef9e,0xef9e,0xef9e,
  0xef9e,0xef9e,0xef9e,0xef9e,0xef9e,0xef9e,0xef9e,0xef9e,0xef9e,0xef9e,0xef9e,0xef9e,0xef9e,0xef9e,0xef9e,0xef9e,
  0xef9e,0xef9e,0xef9e,0xef9e,0xef9e,0xef9e,0xef9e,0xe75d,0xdf1c,0xdf1c,0xdf1c,0xdf1c,0xdf1c,0xdf1c,0xdf1c,0xdf1c,
  0xdf1c,0xdf1c,0xdf1c,0xdf1c,0xe73d,0xe73d,0xe75d,0xe75d,0xe75d,0xef7e,0xef7e,0xef7e,0xef7e,0xe77e,0xe75d,0xe75d,
  0xe73d,0xe73d,0xdf3d,0xdf1c,0xdf1c,0xdf1c,0xdf1c,0xdf1c,0xdf1c,0xdf1c,0xdf1c,0xdf1c,0xdf1c,0xdf1c,0xe73d,0xef7e,
  0xef9e,0xb5b7,0xef7e,0xef9e,0xef9e,0xef9e,0xef9e,0xef9e,0xef9e,0xef9e,0xef9e,0xef9e,0xef9e,0xef9e,0xef9e,0xef9e,
  0xef9e,0xef9e,0xef9e,0xef9e,0xef9e,0xef9e,0xef9e,0xef9e,0xef9e,0xef9e,0xdefc,0xa577,0xdefc,0xef9e,0xef9e,0xef9e,
  0xef9e,0xef9e,0xef9e,0xef9e,0xef9e,0xef9e,0xef9e,0xef9e,0xef9e,0xef9e,0xef9e,0xef9e,0xef9e,0xef9e,0xef9e,0xef9e,
  0xef9e,0xef9e,0xef9e,0xef9e,0xef9e,0xef9e,0xef9e,0xef9e,0xef7e,0xe73d,0xdf3d,0xdf1c,0xdf1c,0xdf1c,0xdf1c,0xdf1c,
  0xdf1c,0xdf1c,0xdf1c,0xdf1c,0xdf1c,0xdf1c,0xdf1c,0xdf1c,0xdf1c,0xdf1c,0xdf1c,0xdf1c,0xdf1c,0xdf1c,0xdf1c,0xdf1c,
  0xdf1c,0xdf1c,0xdf1c,0xdf1c,0xdf1c,0xdf1c,0xdf1c,0xdf1c,0xdf1c,0xdf1c,0xdf1c,0xdf1c,0xe73d,0xe77e,0xef9e,0xef9e,
  0xef9e,0xc65a,0x9d35,0xef7e,0xef9e,0xef9e,0xef9e,0xef9e,0xef9e,0xef9e,0xef9e,0xef9e,0xef9e,0xef9e,0xef9e,0xef9e,
  0xef9e,0xef9e,0xef9e,0xef9e,0xef9e,0xef9e,0xef9e,0xef9e,0xef9e,0xef9e,0xdefc,0xa577,0xdefc,0xef9e,0xef9e,0xef9e,
  0xef9e,0xef9e,0xef9e,0xef9e,0xef9e,0xef9e,0xef9e,0xef9e,0xef9e,0xef9e,0xef9e,0xef9e,0xef9e,0xef9e,0xef9e,0xef9e,
  0xef9e,0xef9e,0xef9e,0xef9e,0xef9e,0xef9e,0xef9e,0xbe19,0xd6fc,0xef9e,0xef9e,0xe73d,0xdf3d,0xdf1c,0xdf1c,0xdf1c,
  0xdf1c,0xdf1c,0xdf1c,0xdf1c,0xdf1c,0xdf1c,0xdf1c,0xdf1c,0xdf1c,0xdf1c,0xdf1c,0xdf1c,0xdf1c,0xdf1c,0xdf1c,0xdf1c,
  0xdf1c,0xdf1c,0xdf1c,0xdf1c,0xdf1c,0xdf1c,0xdf1c,0xdf1c,0xdf1c,0xdf1c,0xdf3d,0xef7e,0xef9e,0xef9e,0xef9e,0xef9e,
  0xef9e,0xef9e,0xad97,0xdf1d,0xef9e,0xef9e,0xef9e,0xef9e,0xef9e,0xef9e,0xef9e,0xef9e,0xef9e,0xef9e,0xef9e,0xef9e,
  0xef9e,0xef9e,0xef9e,0xef9e,0xef9e,0xef9e,0xef9e,0xef9e,0xef9e,0xef9e,0xef9e,0xef9e,0xef9e,0xef9e,0xef9e,0xef9e,
  0xef9e,0xef9e,0xef9e,0xef9e,0xef9e,0xef9e,0xef9e,0xef9e,0xef9e,0xef9e,0xef9e,0xef9e,0xef9e,0xef9e,0xef9e,0xef9e,
  0xef9e,0xef9e,0xef9e,0xef9e,0xef9e,0xef9e,0xef7e,0x94f4,0xef7e,0xef9e,0xef9e,0xef9e,0xef7e,0xe75d,0xe73d,0xdf3d,
  0xdf1c,0xdf1c,0xdf1c,0xdf1c,0xdf1c,0xdf1c,0xdf1c,0xdf1c,0xdf1c,0xdf1c,0xdf1c,0xdf1c,0xdf1c,0xdf1c,0xdf1c,0xdf1c,
  0xdf1c,0xdf1c,0xdf1c,0xdf1c,0xdf1c,0xdf1c,0xdf1c,0xdf3d,0xe75d,0xef7e,0xef9e,0xef9e,0xef9e,0xef9e,0xef9e,0xef9e,
  0xef9e,0xef9e,0xe73d,0xd6dc,0xef9e,0xef9e,0xef9e,0xef9e,0xef9e,0xef9e,0xef9e,0xef9e,0xef9e,0xef9e,0xef9e,0xef9e,
  0xef9e,0xef9e,0xef9e,0xef9e,0xef9e,0xef9e,0xef9e,0xef9e,0xef9e,0xef9e,0xef9e,0xef9e,0xef9e,0xef9e,0xef9e,0xef9e,
  0xef9e,0xef9e,0xef9e,0xef9e,0xef9e,0xef9e,0xef9e,0xef9e,0xef9e,0xef9e,0xef9e,0xef9e,0xef9e,0xef9e,0xef9e,0xef9e,
  0xef9e,0xef9e,0xef9e,0xef9e,0xef9e,0xef9e,0xadb7,0xc65a,0xef9e,0xef9e,0xef9e,0xef9e,0xef9e,0xef9e,0xef9e,0xef7e,
  0xe75d,0xe73d,0xe73d,0xdf3d,0xdf1c,0xdf1c,0xdf1c,0xdf1c,0xdf1c,0xdf1c,0xdf1c,0xdf1c,0xdf1c,0xdf1c,0xdf1c,0xdf1c,
  0xdf1c,0xdf1c,0xdf3d,0xdf3d,0xe73d,0xe75d,0xe77e,0xef9e,0xef9e,0xef9e,0xef9e,0xef9e,0xef9e,0xef9e,0xef9e,0xef9e,
  0xef9e,0xef9e,0xef9e,0xef9e,0xef9e,0xef9e,0xef9e,0xef9e,0xef9e,0xef9e,0xef9e,0xef9e,0xef9e,0xef9e,0xef9e,0xef9e,
  0xef9e,0xef9e,0xef9e,0xef9e,0xef9e,0xef9e,0xef9e,0xef9e,0xef9e,0xef9e,0xef9e,0xef9e,0xef9e,0xef9e,0xef9e,0xef9e,
  0xef9e,0xef9e,0xef9e,0xef9e,0xef9e,0xef9e,0xef9e,0xef9e,0xef9e,0xef9e,0xef9e,0xef9e,0xef9e,0xef9e,0xef9e,0xef9e,
  0xef9e,0xef9e,0xef9e,0xef9e,0xef9e,0xef7e,0xb5d8,0xef9e,0xef9e,0xef9e,0xef9e,0xef9e,0xef9e,0xef9e,0xef9e,0xef9e,
  0xef9e,0xef9e,0xef9e,0xef7e,0xe75d,0xe73d,0xe73d,0xdf3d,0xdf3d,0xdf3d,0xdf3d,0xdf3d,0xdf3d,0xdf3d,0xdf3d,0xdf3d,
  0xe73d,0xe75d,0xef7e,0xef9e,0xef9e,0xef9e,0xef9e,0xef9e,0xef9e,0xef9e,0xef9e,0xef9e,0xef9e,0xef9e,0xef9e,0xef9e,
  0xef9e,0xef9e,0xef9e,0xef9e,0xef9e,0xef9e,0xef9e,0xef9e,0xef9e,0xef9e,0xef9e,0xef9e,0xef9e,0xef9e,0xef9e,0xef9e,
  0xef9e,0xef9e,0xef9e,0xef9e,0xef9e,0xef9e,0xef9e,0xef9e,0xef9e,0xef9e,0xef9e,0xef9e,0xef9e,0xef9e,0xef9e,0xef9e,
  0xef9e,0xef9e,0xef9e,0xef9e,0xef9e,0xef9e,0xef9e,0xef9e,0xef9e,0xef9e,0xef9e,0xef9e,0xef9e,0xef9e,0xef9e,0xef9e,
  0xef9e,0xef9e,0xef9e,0xef9e,0xef9e,0xef9e,0xef9e,0xef9e,0xef9e,0xef9e,0xef9e,0xef9e,0xef9e,0xef9e,0xef9e,0xef9e,
  0xef9e,0xef9e,0xef9e,0xef9e,0xef9e,0xef9e,0xef9e,0xef9e,0xef9e,0xef9e,0xef9e,0xef9e,0xef9e,0xef9e,0xef9e,0xef9e,
  0xef9e,0xef9e,0xef9e,0xef9e,0xef9e,0xef9e,0xef9e,0xef9e,0xef7e,0xef9e,0xef9e,0xef9e,0xef9e,0xef9e,0xef9e,0xef9e,
  0xef9e,0xef9e,0xef9e,0xef9e,0xef9e,0xef9e,0xef9e,0xef9e,0xef9e,0xef9e,0xef9e,0xef9e,0xef9e,0xef9e,0xef9e,0xef9e,
  0xef9e,0xef9e,0xef9e,0xef9e,0xef9e,0xef9e,0xef9e,0xef9e,0xef9e,0xef9e,0xef9e,0xef9e,0xef9e,0xef9e,0xef9e,0xef9e,
  0xef9e,0xef9e,0xef9e,0xef9e,0xef9e,0xef9e,0xef9e,0xef9e,0xef9e,0xef9e,0xef9e,0xef9e,0xef9e,0xef9e,0xef9e,0xef9e,
  0xef9e,0xef9e,0xef9e,0xef9e,0xef9e,0xef9e,0xef9e,0xef9e,0xef9e,0xef9e,0xef9e,0xef9e,0xef9e,0xef9e,0xef9e,0xef9e,
  0xef9e,0xef7e,0xef9e,0xef9e,0xef9e,0xef9e,0xef9e,0xef9e,0xef9e,0xef9e,0xef9e,0xef9e,0xce9b,0xce9a,0xef9e,0xef9e,
  0xef9e,0xef9e,0xef9e,0xef9e,0xef9e,0xef9e,0xef9e,0xef9e,0xce9b,0xef9e,0xef9e,0xef9e,0xef9e,0xef9e,0xef9e,0xef9e,
  0xef9e,0xef9e,0xef9e,0xef9e,0xef9e,0xef9e,0xef9e,0xef9e,0xef9e,0xef9e,0xef9e,0xef9e,0xef9e,0xef9e,0xef9e,0xef9e,
  0xef9e,0xef9e,0xef9e,0xef9e,0xef9e,0xef9e,0xef9e,0xef9e,0xef9e,0xef9e,0xef9e,0xef9e,0xef9e,0xef9e,0xef9e,0xef9e,
  0xef9e,0xef9e,0xef9e,0xef9e,0xef9e,0xef9e,0xef9e,0xef9e,0xef9e,0xef9e,0xef9e,0xef9e,0xef9e,0xef9e,0xef9e,0xef9e,
  0xef9e,0xef9e,0xef9e,0xef9e,0xef9e,0xef9e,0xef9e,0xef9e,0xef9e,0xef9e,0xef9e,0xef9e,0xef9e,0xef9e,0xef9e,0xef9e,
  0xef9e,0xd6dc,0xef9e,0xef9e,0xef9e,0xef9e,0xef9e,0xef9e,0xef9e,0xef9e,0xef9e,0xef9e,0xc639,0xb5d8,0xef9e,0xef9e,
  0xef9e,0xef9e,0xef9e,0xef9e,0xef9e,0xef9e,0xef9e,0xef9e,0xd6dc,0xef9e,0xef9e,0xef9e,0xef9e,0xef9e,0xef9e,0xef9e,
  0xef9e,0xef9e,0xef9e,0xef9e,0xef9e,0xef9e,0xef9e,0xef9e,0xef9e,0xef9e,0xef9e,0xef9e,0xef9e,0xef9e,0xef9e,0xef9e,
  0xef9e,0xef9e,0xef9e,0xef9e,0xef9e,0xef9e,0xef9e,0xef9e,0xef9e,0xef9e,0xef9e,0xef9e,0xef9e,0xef9e,0xef9e,0xef9e,
  0xef9e,0xef9e,0xef9e,0xef9e,0xef9e,0xef9e,0xef9e,0xef9e,0xef9e,0xef9e,0xef9e,0xef9e,0xef9e,0xef9e,0xef9e,0xef9e,
  0xef9e,0xef9e,0xef9e,0xef9e,0xef9e,0xef9e,0xef9e,0xef9e,0xef9e,0xef9e,0xef9e,0xef9e,0xef9e,0xef9e,0xef9e,0xef9e,
  0xef9e,0xdefc,0xef9e,0xef9e,0xef9e,0xef9e,0xef9e,0xef9e,0xef9e,0xef9e,0xef9e,0xef9e,0xc67a,0xad97,0xef9e,0xef9e,
  0xef9e,0xef9e,0xef9e,0xef9e,0xef9e,0xef9e,0xef9e,0xef9e,0xef9e,0xef9e,0xef9e,0xef9e,0xef9e,0xef9e,0xef9e,0xef9e,
  0xef9e,0xef9e,0xef9e,0xef9e,0xef9e,0xef9e,0xef9e,0xef9e,0xef9e,0xef9e,0xef9e,0xef9e,0xef9e,0xef9e,0xef9e,0xef9e,
  0xef9e,0xef9e,0xef9e,0xef9e,0xef9e,0xef9e,0xef9e,0xef9e,0xef9e,0xef9e,0xef9e,0xef9e,0xef9e,0xef9e,0xef9e,0xef9e,
  0xef9e,0xef9e,0xef9e,0xef9e,0xef9e,0xef9e,0xef9e,0xef9e,0xef9e,0xef9e,0xef9e,0xef9e,0xef9e,0xef9e,0xef9e,0xef9e,
  0xef9e,0xef9e,0xef9e,0xef9e,0xef9e,0xef9e,0xef9e,0xef9e,0xef9e,0xef9e,0xef9e,0xef9e,0xef9e,0xef9e,0xef9e,0xef9e,
  0xef9e,0xef9e,0xef9e,0xef9e,0xef9e,0xef9e,0xef9e,0xef9e,0xef9e,0xef9e,0xef9e,0xef9e,0xd6dc,0xbdf8,0xef9e,0xef9e,
  0xef9e,0xef9e,0xef9e,0xef9e,0xef9e,0xef9e,0xef9e,0xef9e,0xef9e,0xef9e,0xef9e,0xef9e,0xef9e,0xef9e,0xef9e,0xef9e,
  0xef9e,0xef9e,0xef9e,0xef9e,0xef9e,0xef9e,0xef9e,0xef9e,0xef9e,0xef9e,0xef9e,0xef9e,0xef9e,0xef9e,0xef9e,0xef9e,
  0xef9e,0xef9e,0xef9e,0xef9e,0xef9e,0xef9e,0xef9e,0xef9e,0xef9e,0xef9e,0xef9e,0xef9e,0xef9e,0xef9e,0xef9e,0xef9e,
  0xef9e,0xef9e,0xef9e,0xef9e,0xef9e,0xef9e,0xef9e,0xef9e,0xef9e,0xef9e,0xef9e,0xef9e,0xef9e,0xef9e,0xef9e,0xef9e,
  0xef9e,0xef9e,0xef9e,0xef9e,0xef9e,0xef9e,0xef9e,0xef9e,0xef9e,0xef9e,0xef9e,0xef9e,0xef9e,0xef9e,0xef9e,0xef9e,
  0xef9e,0xef9e,0xef9e,0xef9e,0xef9e,0xef9e,0xef9e,0xef9e,0xef9e,0xef9e,0xef9e,0xef9e,0xef9e,0xef9e,0xef9e,0xef9e,
  0xef9e,0xef9e,0xef9e,0xef9e,0xef9e,0xef9e,0xef9e,0xef9e,0xef9e,0xef9e,0xef9e,0xef9e,0xef9e,0xef9e,0xef9e,0xef9e,
  0xef9e,0xef9e,0xef9e,0xef9e,0xef9e,0xef9e,0xef9e,0xef9e,0xef9e,0xef9e,0xef9e,0xef9e,0xef9e,0xef9e,0xef9e,0xef9e,
  0xef9e,0xef9e,0xef9e,0xef9e,0xef9e,0xef9e,0xef9e,0xef9e,0xef9e,0xef9e,0xef9e,0xef9e,0xef9e,0xef9e,0xef9e,0xef9e,
  0xef9e,0xef9e,0xef9e,0xef9e,0xef9e,0xef9e,0xef9e,0xef9e,0xef9e,0xef9e,0xef9e,0xef9e,0xef9e,0xef9e,0xef9e,0xef9e,
  0xef9e,0xef9e,0xef9e,0xef9e,0xef9e,0xef9e,0xef9e,0xef9e,0xef9e,0xef9e,0xef9e,0xef9e,0xef9e,0xef9e,0xef9e,0xef9e,
  0xef9e,0xef9e,0xef9e,0xef9e,0xef9e,0xef9e,0xef9e,0xef9e,0xef9e,0xef9e,0xef9e,0xef9e,0xef9e,0xef9e,0xef9e,0xef9e,
  0xef9e,0xef9e,0xef9e,0xef9e,0xef9e,0xef9e,0xef9e,0xef9e,0xef9e,0xef9e,0xef9e,0xef9e,0xef9e,0xef9e,0xef9e,0xef9e,
  0xef9e,0xef9e,0xef9e,0xef9e,0xef9e,0xef9e,0xef9e,0xef9e,0xef9e,0xef9e,0xef9e,0xef9e,0xef9e,0xef9e,0xef9e,0xef9e,
  0xef9e,0xef9e,0xef9e,0xef9e,0xef9e,0xef9e,0xef9e,0xef9e,0xef9e,0xef9e,0xef9e,0xef9e,0xef9e,0xef9e,0xef9e,0xef9e,
  0xef9e,0xef9e,0xef9e,0xef9e,0xef9e,0xef9e,0xef9e,0xef9e,0xef9e,0xef9e,0xef9e,0xef9e,0xef9e,0xef9e,0xef9e,0xef9e,
  0xef9e,0xef9e,0xef9e,0xef9e,0xef9e,0xef9e,0xef9e,0xef9e,0xef9e,0xef9e,0xef9e,0xef9e,0xef9e,0xef9e,0xef9e,0xef9e,
  0xef9e,0xef9e,0xef9e,0xef9e,0xef9e,0xef9e,0xef9e,0xef9e,0xef9e,0xef9e,0xef9e,0xef9e,0xef9e,0xef9e,0xef9e,0xef9e,
  0xef9e,0xef9e,0xef9e,0xef9e,0xef9e,0xef9e,0xef9e,0xef9e,0xef9e,0xef9e,0xef9e,0xef9e,0xef9e,0xef9e,0xef9e,0xef9e,
  0xef9e,0xef9e,0xef9e,0xef9e,0xef9e,0xef9e,0xef9e,0xef9e,0xef9e,0xef9e,0xef9e,0xef9e,0xef9e,0xef9e,0xef9e,0xef9e,
  0xef9e,0xef9e,0xef9e,0xef9e,0xef9e,0xef9e,0xef9e,0xef9e,0xef9e,0xef9e,0xef9e,0xef9e,0xef9e,0xef9e,0xef9e,0xef9e,
  0xef9e,0xef9e,0xef9e,0xef9e,0xef9e,0xef9e,0xef9e,0xef9e,0xef9e,0xef9e,0xef9e,0xef9e,0xef9e,0xef9e,0xef7e,0xe77e,
  0xef7e,0xef9e,0xef9e,0xef9e,0xef9e,0xef9e,0xef9e,0xef9e,0xef9e,0xef9e,0xef9e,0xef9e,0xef9e,0xef9e,0xef9e,0xef9e,
  0xef9e,0xef9e,0xef9e,0xef9e,0xef9e,0xef9e,0xef9e,0xef9e,0xef9e,0xef9e,0xef9e,0xef9e,0xef9e,0xef9e,0xef9e,0xe75d,
  0xef7e,0xef9e,0xef9e,0xef9e,0xef9e,0xef9e,0xef9e,0xef9e,0xef7e,0xe77e,0xef7e,0xef9e,0xef9e,0xef9e,0xef9e,0xef9e,
  0xef9e,0xef9e,0xef9e,0xef9e,0xef9e,0xef9e,0xef9e,0xef9e,0xef9e,0xef9e,0xef9e,0xef9e,0xef9e,0xe75d,0xe75d,0xef7e,
  0xef9e,0xef9e,0xef9e,0xef9e,0xef9e,0xef9e,0xef9e,0xef9e,0xef9e,0xef9e,0xef9e,0xef9e,0xef9e,0xef9e,0xef9e,0xef9e,
  0xef9e,0xef9e,0xef9e,0xef9e,0xef9e,0xef9e,0xef9e,0xef9e,0xef7e,0xef7e,0xef9e,0xef9e,0xef9e,0xef7e,0xb5d8,0xbdf8,
  0xbe19,0xef9e,0xef9e,0xef9e,0xef9e,0xe75e,0xef9e,0xef9e,0xef9e,0xef9e,0xef9e,0xef9e,0xef9e,0xef9e,0xef7e,0xef9e,
  0xef9e,0xef9e,0xef9e,0xadb7,0xad76,0xad97,0xef9e,0xef9e,0xef9e,0xef9e,0xe75d,0xef9e,0xef9e,0xef9e,0xe75d,0x4a6a,
  0x3a08,0x7c10,0xce9a,0xe75d,0xef9e,0xef9e,0xef9e,0xef7e,0xb5d8,0x9d35,0xadb7,0xef9e,0xef9e,0xef9e,0xef9e,0xe75e,
  0xef9e,0xef9e,0xef9e,0xef9e,0xef9e,0xef9e,0xef9e,0xad76,0x7bf0,0xef7e,0xef9e,0xef9e,0xef9e,0xc639,0x8cb4,0xcebb,
  0xef9e,0xef9e,0xef9e,0xef9e,0xef9e,0xef9e,0xef9e,0xef9e,0xef9e,0xef9e,0xef9e,0xef9e,0xef9e,0xef9e,0xef9e,0xef9e,
  0xef9e,0xef9e,0xef9e,0xef7e,0xe73d,0xe73d,0xe73d,0xe73d,0xad96,0x634d,0xe75d,0xef9e,0xef9e,0xe77e,0xad97,0xad97,
  0xce9a,0xef9e,0xef9e,0xef9e,0xef9e,0xe75d,0xef9e,0xef9e,0xe75d,0xe73d,0xe73d,0xe73d,0xe73d,0xb5b7,0x632d,0xef7e,
  0xef9e,0xef9e,0xef9e,0xdf3d,0xdefc,0xbe18,0xef9e,0xef9e,0xef9e,0xef9e,0xe75d,0xef9e,0xef9e,0xef9e,0xe75d,0x2986,
  0x31a7,0x2145,0x2125,0x632d,0xe75d,0xef9e,0xef9e,0xef7e,0xad97,0x9d35,0xc67a,0xef9e,0xef9e,0xef9e,0xef9e,0xe75d,
  0xef9e,0xef9e,0x9d14,0xad76,0xce9a,0xe75d,0xef7e,0x9492,0x0041,0xe73d,0xef9e,0xef9e,0xef9e,0xc659,0x8cb3,0xd6bb,
  0xef9e,0xef9e,0xef9e,0xef9e,0xef9e,0xef9e,0xef9e,0xef9e,0xef9e,0xef9e,0xef9e,0xef9e,0xef9e,0xef9e,0xef9e,0xef9e,
  0xef9e,0xef9e,0xef7e,0x73cf,0x31a7,0x31a7,0x31a7,0x31a7,0x2125,0x10c3,0xdf1c,0xef9e,0xef9e,0xef7e,0xbe19,0xbe19,
  0xd6db,0xef9e,0xef9e,0xef9e,0xef9e,0xe75d,0xef9e,0xef9e,0x73af,0x31c7,0x31a7,0x31a7,0x31a7,0x2145,0x0862,0xe73d,
  0xef9e,0xef9e,0xef9e,0xbe19,0xbe19,0xd6db,0xef9e,0xef9e,0xef9e,0xef9e,0xe75d,0xef9e,0xef9e,0xe75d,0xd6db,0x2966,
  0x94b3,0xd6db,0x94d3,0x31c7,0xdf1c,0xef9e,0xef9e,0xef9e,0xbe39,0xbe39,0xd6db,0xef9e,0xef9e,0xef9e,0xef9e,0xe75d,
  0xef9e,0xef9e,0x5b0c,0x10a3,0x10c3,0x52cb,0xbdf8,0xdf1c,0x0041,0xe73d,0xef9e,0xef9e,0xef7e,0xdf1c,0xe73d,0xef7e,
  0xef9e,0xef9e,0xef9e,0xef9e,0xef9e,0xef9e,0xef9e,0xef9e,0xef9e,0xef9e,0xef9e,0xef9e,0xef9e,0xef9e,0xef9e,0xef9e,
  0xef9e,0xef9e,0xef7e,0x9cf4,0x6b6e,0x6b6e,0x6b6e,0x6b6e,0x6b6e,0x73af,0xe73d,0xef9e,0xef9e,0xe75d,0xa576,0xb5d8,
  0xa576,0xef9e,0xef9e,0xef9e,0xef9e,0xe75d,0xef9e,0xef9e,0x94d3,0x6b6e,0x6b6e,0x6b6e,0x6b6e,0x6b6e,0x6b6e,0xe75d,
  0xef9e,0xef9e,0xef7e,0x9d15,0x8c93,0xad76,0xef9e,0xef9e,0xef9e,0xef9e,0xe75d,0xef9e,0xef7e,0x5b0c,0x0882,0x0041,
  0x0862,0x8431,0xef7e,0xef7e,0xef9e,0xef9e,0xef9e,0xef7e,0xce9b,0xce9a,0xdf1c,0xef9e,0xef9e,0xef9e,0xef9e,0xe75d,
  0xef9e,0xef9e,0xe75d,0xbe18,0x8c72,0x3a08,0x0862,0x2125,0x0021,0xe73d,0xef9e,0xef9e,0xef7e,0x9d35,0x9d35,0xc639,
  0xef9e,0xef9e,0xef9e,0xef9e,0xef9e,0xef9e,0xef9e,0xef9e,0xef9e,0xef9e,0xef9e,0xef9e,0xef9e,0xef9e,0xef9e,0xef9e,
  0xef9e,0xef9e,0xef9e,0xef9e,0xef9e,0xef9e,0xef9e,0xef9e,0xef9e,0xef9e,0xef9e,0xef9e,0xef9e,0xef9e,0xbe39,0xb5f8,
  0xe75e,0xef9e,0xef9e,0xef9e,0xef9e,0xe75d,0xef9e,0xef9e,0xef9e,0xef9e,0xef9e,0xef9e,0xef9e,0xef9e,0xef9e,0xef9e,
  0xef9e,0xef9e,0xef9e,0xdefc,0xc659,0xe75d,0xef9e,0xef9e,0xef9e,0xef9e,0xe75d,0xef9e,0xef9e,0xce9a,0xb5d7,0x5aec,
  0x94d3,0xd6db,0xef9e,0xef9e,0xef9e,0xef9e,0xef9e,0xe75d,0x9d15,0xa556,0xa556,0xef9e,0xef9e,0xef9e,0xef9e,0xe75d,
  0xef9e,0xef9e,0xef9e,0xef9e,0xe73d,0xe75d,0xce9a,0x7c10,0x5b0c,0xe75d,0xef9e,0xef9e,0xef7e,0xa556,0xc639,0xef7e,
  0xef9e,0xef9e,0xef9e,0xef9e,0xef9e,0xef9e,0xef9e,0xef9e,0xef9e,0xef9e,0xef9e,0xef9e,0xef9e,0xef9e,0xef9e,0xef9e,
  0xef9e,0xef9e,0xef9e,0xef9e,0xef9e,0xef9e,0xef9e,0xef9e,0xef9e,0xef9e,0xef9e,0xef9e,0xef9e,0xe75d,0x94f4,0x94d4,
  0xbe39,0xef9e,0xef9e,0xef9e,0xef9e,0xe75d,0xef9e,0xef9e,0xef7e,0xb5d7,0x8c92,0xce7a,0xc659,0x9cf4,0xdefc,0xef9e,
  0xef9e,0xef9e,0xef9e,0x94f4,0x94f4,0xc659,0xef9e,0xef9e,0xef9e,0xef9e,0xe75d,0xef9e,0xef7e,0xad96,0xa555,0xe75d,
  0xef7e,0xe73d,0x8c72,0xd6bb,0xef9e,0xef9e,0xef9e,0xef7e,0x9d15,0x8cb4,0xdefc,0xef9e,0xef9e,0xef9e,0xef9e,0xe75d,
  0xef9e,0xef9e,0xef9e,0xe75d,0x39e8,0x39e8,0xad96,0xdf1c,0xe75d,0xef9e,0xef9e,0xef9e,0xef7e,0xbe39,0xd6bb,0xbe39,
  0xef9e,0xef9e,0xef9e,0xef9e,0xef9e,0xef9e,0xef9e,0xef9e,0xef9e,0xef9e,0xef9e,0xef9e,0xef9e,0xef9e,0xef9e,0xef9e,
  0xef9e,0xef9e,0xef9e,0xef9e,0xef7e,0xef9e,0xef9e,0xef9e,0xef7e,0xef9e,0xef9e,0xef9e,0xef9e,0xef7e,0xa576,0xa576,
  0xce9a,0xef9e,0xef9e,0xef9e,0xef9e,0xe75d,0xef9e,0xef9e,0x94b3,0x18e4,0x2145,0x1904,0x10c3,0x2145,0x31c7,0xe75d,
  0xef9e,0xef9e,0xef9e,0xa576,0x9d35,0xc659,0xef9e,0xef9e,0xef9e,0xef9e,0xe75d,0xef9e,0xef7e,0x5aec,0x0882,0x6b8e,
  0xe73d,0xe73d,0x2986,0x39e8,0xe75d,0xef9e,0xef9e,0xe77e,0xa556,0x9d36,0xc639,0xef9e,0xef9e,0xef9e,0xef9e,0xe75d,
  0xef9e,0xef9e,0xef9e,0xe75d,0x31c7,0x2145,0x10c3,0x2986,0x632d,0xe75d,0xef9e,0xef9e,0xef9e,0x94f5,0x9d35,0xce9b,
  0xef9e,0xef9e,0xef9e,0xef9e,0xef9e,0xef9e,0xef9e,0xef9e,0xef9e,0xef9e,0xef9e,0xef9e,0xef9e,0xef9e,0xef9e,0xef9e,
  0xef9e,0xef9e,0xef7e,0x94d3,0x7c10,0xdefc,0xef9e,0xe75d,0x6b6e,0xad96,0xef7e,0xef9e,0xef9e,0xef9e,0xef7e,0xef7e,
  0xef9e,0xef9e,0xef9e,0xef9e,0xef9e,0xe75d,0xef9e,0xef9e,0x52cb,0x52cb,0xc659,0x39e8,0x4a6a,0xbe18,0x0041,0xe73d,
  0xef9e,0xef9e,0xef9e,0xdf3d,0x9d15,0xb5d8,0xef9e,0xef9e,0xef9e,0xef9e,0xe75d,0xef9e,0xe75d,0x5aec,0x4229,0x2145,
  0x52ab,0xc639,0xbe18,0x10c3,0xdf1c,0xef9e,0xef9e,0xe75e,0xc65a,0xbe19,0xad97,0xef9e,0xef9e,0xef9e,0xef9e,0xe75d,
  0xef9e,0xef9e,0xd6bb,0xbe18,0x2966,0x7bf0,0xad96,0x738e,0x39e8,0xe75d,0xef9e,0xef9e,0xef9e,0xe75d,0xef7e,0xe75d,
  0xef9e,0xef9e,0xef9e,0xef9e,0xef9e,0xef9e,0xef9e,0xef9e,0xef9e,0xef9e,0xef9e,0xef9e,0xef9e,0xef9e,0xef9e,0xef9e,
  0xef9e,0xef9e,0xe75d,0x52cb,0x0862,0x4a6a,0xdf1c,0xdf1c,0x2986,0x2145,0xe73d,0xef9e,0xef9e,0xef9e,0xef9e,0xef9e,
  0xef9e,0xef9e,0xef9e,0xef9e,0xef9e,0xe75d,0xef9e,0xef9e,0x8451,0x10c3,0x2125,0x10a3,0x10a3,0x18e4,0x2145,0xe75d,
  0xef9e,0xef9e,0xef9e,0xef9e,0xe73d,0xef7e,0xef9e,0xef9e,0xef9e,0xef9e,0xe75d,0xef9e,0xe75d,0x5b0c,0x73af,0xce7a,
  0x2125,0x10c3,0x18e4,0x2986,0xe73d,0xef9e,0xef9e,0xef9e,0xef9e,0xef9e,0xef9e,0xef9e,0xef9e,0xef9e,0xef9e,0xe75d,
  0xef9e,0xef9e,0x5b0c,0x10c3,0x0862,0x10a3,0x7c10,0xef9e,0xe75d,0xef9e,0xef9e,0xef9e,0xef9e,0xef9e,0xef9e,0xef9e,
  0xef9e,0xef9e,0xef9e,0xef9e,0xef9e,0xef9e,0xef9e,0xef9e,0xef9e,0xef9e,0xef9e,0xef9e,0xef9e,0xef9e,0xef9e,0xef9e,
  0xef9e,0xef9e,0xe75d,0x5aec,0x52cb,0x31a7,0x31a7,0xad96,0xc639,0x18e4,0xdefc,0xef9e,0xef9e,0xef9e,0xef9e,0xef9e,
  0xef9e,0xef9e,0xef9e,0xef9e,0xef9e,0xe75d,0xef9e,0xef9e,0xe73d,0x94b3,0x7bf0,0xad76,0xa535,0x8431,0xbe18,0xef9e,
  0xef9e,0xef9e,0xef9e,0xef9e,0xef9e,0xef9e,0xef9e,0xef9e,0xef9e,0xef9e,0xe75d,0xef9e,0xef7e,0x8c92,0x9d14,0xef9e,
  0xdefc,0x8c92,0x73cf,0xbdf8,0xef9e,0xef9e,0xef9e,0xef9e,0xef9e,0xef9e,0xef9e,0xef9e,0xef9e,0xef9e,0xef9e,0xe75d,
  0xef9e,0xef9e,0xbe18,0xa555,0x4a6a,0x7c10,0xce7a,0xef9e,0xef9e,0xef9e,0xef9e,0xef9e,0xef9e,0xef9e,0xef9e,0xef3b,
  0xef9e,0xef9e,0xef9e,0xef9e,0xef9e,0xef9e,0xef9e,0xef9e,0xef9e,0xef9e,0xef9e,0xef9e,0xef9e,0xef9e,0xef9e,0xef9e,
  0xef9e,0xef9e,0xe75d,0x5aec,0x73af,0xdefc,0x52ab,0x0862,0x0862,0x39e8,0xe75d,0xef9e,0xef9e,0xef9e,0xef9e,0xef9e,
  0xef9e,0xef9e,0xef9e,0xef9e,0xef9e,0xe75d,0xef9e,0xef9e,0xce9a,0x7c10,0xdefc,0xef9e,0xef9e,0xef9e,0xef9e,0xef9e,
  0xef9e,0xef9e,0xef9e,0xef9e,0xef9e,0xef9e,0xef9e,0xef9e,0xef9e,0xef9e,0xe75d,0xef9e,0xef9e,0xdf1c,0xbdf8,0xef7e,
  0xe73d,0xbdf8,0xe75d,0xef9e,0xef9e,0xef9e,0xef9e,0xef9e,0xd6db,0xce9a,0xbdf8,0xef9e,0xef9e,0xef9e,0xef9e,0xe75d,
  0xef9e,0xef9e,0xef9e,0xef9e,0xef9e,0xef9e,0xef9e,0xef9e,0xef9e,0xef9e,0xef9e,0xef9e,0xef9e,0xef1a,0xd4c9,0xddd0,
  0xef9e,0xef9e,0xef9e,0xef9e,0xef9e,0xef9e,0xef9e,0xef9e,0xef9e,0xef9e,0xef9e,0xef9e,0xef9e,0xef9e,0xef9e,0xef9e,
  0xef9e,0xef9e,0xef7e,0xad76,0xb5d7,0xef9e,0xe75d,0xce9a,0xb5b7,0xe73d,0xef9e,0xef9e,0xef9e,0xef9e,0xef9e,0xef9e,
  0xef9e,0xef9e,0xef9e,0xef9e,0xef9e,0xe75d,0xef9e,0xef9e,0xad96,0x2145,0xd6bb,0xef9e,0xef9e,0xef9e,0xef9e,0xef9e,
  0xef9e,0xef9e,0xef9e,0xef9e,0xef9e,0xef9e,0xef9e,0xef9e,0xef9e,0xef9e,0xe75d,0xef9e,0xef9e,0xa535,0x18e4,0xce7a,
  0xa535,0x1904,0xc659,0xef9e,0xef9e,0xef9e,0xef9e,0xef9e,0xce9a,0xc659,0xa576,0xef9e,0xef9e,0xef9e,0xef9e,0xe75d,
  0xef9e,0xef9e,0xe75d,0xdf1c,0xdf1c,0xe75d,0xef9e,0xef9e,0xef9e,0xef9e,0xef9e,0xef9e,0xef9e,0xef9e,0xdd8f,0xddd1,
  0xef9e,0xef9e,0xef9e,0xef9e,0xef9e,0xef9e,0xef9e,0xef9e,0xef9e,0xef9e,0xef9e,0xef9e,0xef9e,0xef9e,0xef9e,0xef9e,
  0xef9e,0xef9e,0xef9e,0xdf1c,0x7c10,0x634d,0xa555,0x8c92,0x6b8e,0xbdf8,0xef9e,0xef9e,0xef9e,0xef9e,0xef9e,0xef9e,
  0xef9e,0xef9e,0xef9e,0xef9e,0xef9e,0xe75d,0xef9e,0xef9e,0xef7e,0xd6db,0x94d3,0xb5b7,0xe73d,0xef9e,0xef9e,0xef9e,
  0xef9e,0xef9e,0xef9e,0xef9e,0xef9e,0xef9e,0xef9e,0xef9e,0xef9e,0xef9e,0xe75d,0xef9e,0xef9e,0xdf1c,0xb5b7,0xef7e,
  0xdf1c,0xb5d7,0xe75d,0xef9e,0xef9e,0xef9e,0xef9e,0xef7e,0xdf1c,0xdefc,0xdefc,0xef9e,0xef9e,0xef9e,0xef9e,0xe75d,
  0xef9e,0xef9e,0xce9a,0x7c31,0xadb7,0xdefc,0xef9e,0xef9e,0xef9e,0xef9e,0xef9e,0xef9e,0xef9e,0xef9e,0xef7d,0xef5c,
  0xef9e,0xef9e,0xef9e,0xef9e,0xef9e,0xef9e,0xef9e,0xef9e,0xef9e,0xef9e,0xef9e,0xef9e,0xef9e,0xef9e,0xef9e,0xef9e,
  0xef9e,0xef9e,0xef9e,0x8c92,0x18e4,0x39e8,0x10c3,0x18e4,0x2986,0x31a7,0xe75d,0xef9e,0xef9e,0xef9e,0xef9e,0xef9e,
  0xef9e,0xef9e,0xef9e,0xef9e,0xef9e,0xe75d,0xef9e,0xef9e,0xef9e,0xe75d,0x31c7,0x10a3,0x3a08,0x8c92,0xc639,0xef7e,
  0xef9e,0xef9e,0xef9e,0xef9e,0xef9e,0xef9e,0xef9e,0xef9e,0xef9e,0xef9e,0xe75d,0xef9e,0xef9e,0xef9e,0xef9e,0xef9e,
  0xef9e,0xef9e,0xef9e,0xef7e,0xef9e,0xef9e,0xef9e,0xef7e,0xadb7,0xadb7,0xce9a,0xef9e,0xef9e,0xef9e,0xef9e,0xe75d,
  0xef9e,0xef9e,0xbdf8,0xc65a,0xc67a,0xef9e,0xef9e,0xef9e,0xef9e,0xef9e,0xef9e,0xef9e,0xef9e,0xef9e,0xef9e,0xef9e,
  0xef9e,0xef9e,0xef9e,0xef9e,0xef9e,0xef9e,0xef9e,0xef9e,0xef9e,0xef9e,0xef9e,0xef9e,0xef9e,0xef9e,0xef9e,0xef9e,
  0xef9e,0xef9e,0xef7e,0x5aec,0x634d,0xdefc,0x4249,0x6b6e,0xce7a,0x10c3,0xdf1c,0xef9e,0xef9e,0xef9e,0xef9e,0xef9e,
  0xef9e,0xef9e,0xef9e,0xef9e,0xef9e,0xe75d,0xef9e,0xef9e,0xef7e,0xe73d,0x31a7,0x6b8e,0x4a6a,0x10a3,0x10c3,0xe75d,
  0xef9e,0xef9e,0xef9e,0xef9e,0xef9e,0xef9e,0xef9e,0xef9e,0xef9e,0xef9e,0xe75d,0xef9e,0xef9e,0xef7e,0xef7e,0xef7e,
  0xef7e,0xef7e,0xbdf8,0x8451,0xef7e,0xef9e,0xef9e,0xef7e,0x8c93,0x8452,0xb5d8,0xef9e,0xef9e,0xef9e,0xef9e,0xe75d,
  0xef9e,0xef9e,0xdefc,0xce9b,0xb5d8,0xef7e,0xef9e,0xef9e,0xef9e,0xef9e,0xef9e,0xef9e,0xef9e,0xef9e,0xef9e,0xef9e,
  0xef9e,0xef9e,0xef9e,0xef9e,0xef9e,0xef9e,0xef9e,0xef9e,0xef9e,0xef9e,0xef9e,0xef9e,0xef9e,0xef9e,0xef9e,0xef9e,
  0xef9e,0xef9e,0xef9e,0x94b3,0x0882,0x2986,0x10a3,0x0882,0x1904,0x31a7,0xe73d,0xef9e,0xef9e,0xef9e,0xef9e,0xef9e,
  0xef9e,0xef9e,0xef9e,0xef9e,0xef9e,0xe75d,0xef9e,0xef9e,0x94d3,0x634d,0x18e4,0x4249,0xad76,0xd6bb,0x9cf4,0xef7e,
  0xef9e,0xef9e,0xef9e,0xef9e,0xef9e,0xef9e,0xef9e,0xef9e,0xef9e,0xef9e,0xe75d,0xef9e,0xef7e,0x9cf4,0x6b6e,0x6b6e,
  0x6b6e,0x6b6e,0x4249,0x18e4,0xdf1c,0xef9e,0xef9e,0xef9e,0xce7a,0x8cb3,0xce9b,0xef9e,0xef9e,0xef9e,0xef9e,0xe75d,
  0xef9e,0xef9e,0xce9a,0xbdf8,0xb5d8,0xef7e,0xef9e,0xef9e,0xef9e,0xef9e,0xef9e,0xef9e,0xef9e,0xef9e,0xef9e,0xef9e,
  0xef9e,0xef9e,0xef9e,0xef9e,0xef9e,0xef9e,0xef9e,0xef9e,0xef9e,0xef9e,0xef9e,0xef9e,0xef9e,0xef9e,0xef9e,0xef9e,
  0xef9e,0xef9e,0xef9e,0xe75d,0x9d14,0x73cf,0xbe18,0xb597,0x8c92,0xce9a,0xef9e,0xef9e,0xef9e,0xef9e,0xef9e,0xef9e,
  0xef9e,0xef9e,0xef9e,0xef9e,0xef9e,0xe75d,0xef9e,0xef9e,0x7bf0,0x3a08,0x10a3,0x2966,0x94d3,0xef9e,0xef9e,0xef9e,
  0xef9e,0xef9e,0xef9e,0xef9e,0xef9e,0xef9e,0xef9e,0xef9e,0xef9e,0xef9e,0xe75d,0xef9e,0xef7e,0x7c10,0x3a08,0x3a08,
  0x3a08,0x3a08,0x3a08,0x4249,0xe73d,0xef9e,0xef9e,0xef7e,0xbe39,0xbe39,0xd6dc,0xef9e,0xef9e,0xef9e,0xef9e,0xe75d,
  0xef9e,0xef9e,0xbe18,0xad97,0xbe19,0xef9e,0xef9e,0xef9e,0xef9e,0xef9e,0xef9e,0xef9e,0xef9e,0xef9e,0xef9e,0xef9e,
  0xef9e,0xef9e,0xef9e,0xef9e,0xef9e,0xef9e,0xef9e,0xef9e,0xef9e,0xef9e,0xef9e,0xef9e,0xef9e,0xef9e,0xef9e,0xef9e,
  0xef9e,0xef9e,0xef9e,0xef9e,0xe75d,0x31a7,0x39e8,0xad96,0xdf1c,0xef7e,0xef9e,0xef9e,0xef9e,0xef9e,0xef9e,0xef9e,
  0xef9e,0xef9e,0xef9e,0xef9e,0xef9e,0xe75d,0xef9e,0xef9e,0xef7e,0xe75d,0xbe18,0xd6db,0xef7e,0xef9e,0xef9e,0xef9e,
  0xef9e,0xef9e,0xef9e,0xef9e,0xef9e,0xef9e,0xef9e,0xef9e,0xef9e,0xef9e,0xe75d,0xef9e,0xef9e,0xef7e,0xe75d,0xe75d,
  0xe75d,0xe75d,0xe75d,0xef7e,0xef7e,0xef9e,0xef9e,0xe75d,0x8473,0x7c32,0xa576,0xef9e,0xef9e,0xef9e,0xef9e,0xe75d,
  0xef9e,0xef9e,0xbdf8,0x8cd4,0xc65a,0xe75e,0xef9e,0xef9e,0xef9e,0xef9e,0xef9e,0xef9e,0xef9e,0xef9e,0xef9e,0xef9e,
  0xef9e,0xef9e,0xef9e,0xef9e,0xef9e,0xef9e,0xef9e,0xef9e,0xef9e,0xef9e,0xef9e,0xef9e,0xef9e,0xef9e,0xef9e,0xef9e,
  0xef9e,0xef9e,0xef9e,0xef9e,0xe75d,0x2986,0x2986,0x10c3,0x31a7,0x634d,0xe75d,0xef9e,0xef9e,0xef9e,0xef9e,0xef9e,
  0xef9e,0xef9e,0xef9e,0xef9e,0xef9e,0xe75d,0xef9e,0xef9e,0xef7e,0xef7e,0xef7e,0xef7e,0xef9e,0xef9e,0xef9e,0xef9e,
  0xef9e,0xef9e,0xef9e,0xef9e,0xef9e,0xef9e,0xef9e,0xef9e,0xef9e,0xef9e,0xe75d,0xef9e,0xef9e,0xef7e,0xc659,0xad76,
  0xd6db,0xce9a,0xb5d7,0xdf1c,0xef9e,0xef9e,0xef9e,0xef7e,0xd6bb,0xd6db,0xbe19,0xef9e,0xef9e,0xef9e,0xef9e,0xe75d,
  0xef9e,0xef9e,0xe75d,0xdefc,0xce7a,0xd6bb,0xef9e,0xef9e,0xef9e,0xef9e,0xef9e,0xef9e,0xef9e,0xef9e,0xef9e,0xef9e,
  0xef9e,0xef9e,0xef9e,0xef9e,0xef9e,0xef9e,0xef9e,0xef9e,0xef9e,0xef9e,0xef9e,0xef9e,0xef9e,0xef9e,0xef9e,0xef9e,
  0xef9e,0xef9e,0xef9e,0xd6db,0xbe18,0x2145,0x7c10,0xad96,0x6b8e,0x4229,0xe73d,0xef9e,0xef9e,0xef9e,0xef9e,0xef9e,
  0xef9e,0xef9e,0xef9e,0xef9e,0xef9e,0xe75d,0xef9e,0xef9e,0xc67a,0x94f4,0xadb7,0xce7a,0xef9e,0xef9e,0xef9e,0xef9e,
  0xef9e,0xef9e,0xef9e,0xef9e,0xef9e,0xef9e,0xef9e,0xef9e,0xef9e,0xef9e,0xe75d,0xef9e,0xef9e,0xad76,0x10c3,0x2125,
  0x2966,0x18e4,0x18e4,0x52ab,0xe75d,0xef9e,0xef9e,0xef9e,0xef9e,0xef9e,0xef9e,0xef9e,0xef9e,0xef9e,0xef9e,0xe75d,
  0xef9e,0xef9e,0xc659,0xad97,0x94f5,0xc67a,0xef9e,0xef9e,0xef9e,0xef9e,0xef9e,0xef9e,0xef9e,0xef9e,0xef9e,0xef9e,
  0xef9e,0xef9e,0xef9e,0xef9e,0xef9e,0xef9e,0xef9e,0xef9e,0xef9e,0xef9e,0xef9e,0xef9e,0xef9e,0xef9e,0xef9e,0xef9e,
  0xef9e,0xef9e,0xef7e,0x632d,0x10a3,0x0041,0x0882,0x8431,0xef7e,0xef7e,0xef7e,0xef9e,0xef9e,0xef9e,0xef9e,0xef9e,
  0xef9e,0xef9e,0xef9e,0xef9e,0xef9e,0xe75d,0xef9e,0xef9e,0xb5d8,0x9d15,0xb5d7,0xef9e,0xef9e,0xef9e,0xef9e,0xef9e,
  0xef9e,0xef9e,0xef9e,0xef9e,0xef9e,0xef9e,0xef9e,0xef9e,0xef9e,0xef9e,0xe75d,0xef9e,0xef7e,0x5b0c,0x52ab,0xd6bb,
  0x31c7,0x52cb,0xbdf8,0x10c3,0xdf1c,0xef9e,0xef9e,0xef9e,0xef9e,0xef9e,0xef9e,0xef9e,0xef9e,0xef9e,0xef9e,0xe75d,
  0xef9e,0xef9e,0xadb7,0x8cb4,0xbe39,0xef9e,0xef9e,0xef9e,0xef9e,0xef9e,0xef9e,0xef9e,0xef9e,0xef9e,0xef9e,0xef9e,
  0xef9e,0xef9e,0xef9e,0xef9e,0xef9e,0xef9e,0xef9e,0xef9e,0xef9e,0xef9e,0xef9e,0xef9e,0xef9e,0xef9e,0xef9e,0xef9e,
  0xef9e,0xef9e,0xef9e,0xc639,0xa555,0x4249,0x8431,0xce7a,0xef9e,0xef9e,0xef9e,0xef9e,0xef9e,0xef9e,0xef9e,0xef9e,
  0xef9e,0xef9e,0xef9e,0xef9e,0xef9e,0xe75d,0xef9e,0xef9e,0xbe39,0xad97,0xbe18,0xef9e,0xef9e,0xef9e,0xef9e,0xef9e,
  0xef9e,0xef9e,0xef9e,0xef9e,0xef9e,0xef9e,0xef9e,0xef9e,0xef9e,0xef9e,0xe75d,0xef9e,0xef7e,0x7bf0,0x2125,0x5aec,
  0x10c3,0x2125,0x4249,0x2145,0xdf1c,0xef9e,0xef9e,0xef9e,0xef9e,0xef9e,0xef9e,0xef9e,0xef9e,0xef9e,0xef9e,0xe75d,
  0xef9e,0xef9e,0xef9e,0xef9e,0xef9e,0xef9e,0xef9e,0xef9e,0xef9e,0xef9e,0xef9e,0xef9e,0xef9e,0xef9e,0xef9e,0xef9e,
  0xef9e,0xef9e,0xef9e,0xef9e,0xef9e,0xef9e,0xef9e,0xef9e,0xef9e,0xef9e,0xef9e,0xef9e,0xef9e,0xef9e,0xef9e,0xef9e,
  0xef9e,0xef9e,0xef9e,0xef9e,0xef9e,0xef9e,0xef9e,0xef9e,0xef9e,0xef9e,0xef9e,0xef9e,0xef9e,0xef9e,0xef9e,0xef9e,
  0xef9e,0xef9e,0xef9e,0xef9e,0xef9e,0xe75d,0xef9e,0xef9e,0xce9b,0xbe19,0xadb7,0xef7e,0xef9e,0xef9e,0xef9e,0xef9e,
  0xef9e,0xef9e,0xef9e,0xef9e,0xef9e,0xef9e,0xef9e,0xef9e,0xef9e,0xef9e,0xe75d,0xef9e,0xef9e,0xd6db,0x5b0c,0x4249,
  0x8431,0x6b6e,0x4a8a,0x9cf4,0xef9e,0xef9e,0xef9e,0xef9e,0xef9e,0xef9e,0xef9e,0xef9e,0xef9e,0xef9e,0xef9e,0xe75d,
  0xef9e,0xef9e,0xef9e,0xef9e,0xef9e,0xef9e,0xef9e,0xef9e,0xef9e,0xef9e,0xef9e,0xef9e,0xef9e,0xef9e,0xef9e,0xef9e,
  0xef9e,0xef9e,0xef9e,0xef9e,0xef9e,0xef9e,0xef9e,0xef9e,0xef9e,0xef9e,0xef9e,0xef9e,0xef9e,0xef9e,0xef9e,0xef9e,
  0xef9e,0xef9e,0xef9e,0xe75d,0xdf1c,0xdf1c,0xe75d,0xef9e,0xef9e,0xef9e,0xef9e,0xef9e,0xef9e,0xef9e,0xef9e,0xef9e,
  0xef9e,0xef9e,0xef9e,0xef9e,0xef9e,0xe75d,0xef9e,0xef9e,0xdf1c,0xd6db,0xb5b7,0xef9e,0xef9e,0xef9e,0xef9e,0xef9e,
  0xef9e,0xef9e,0xef9e,0xef9e,0xef9e,0xef9e,0xef9e,0xef9e,0xef9e,0xef9e,0xe75d,0xef9e,0xef9e,0xef9e,0xef7e,0xe75d,
  0xef7e,0xef7e,0xef7e,0xef7e,0xef9e,0xef9e,0xef9e,0xef9e,0xef9e,0xef9e,0xef9e,0xef9e,0xef9e,0xef9e,0xef9e,0xe75d,
  0xef9e,0xef9e,0xef9e,0xef9e,0xef9e,0xef9e,0xef9e,0xef9e,0xef9e,0xef9e,0xef9e,0xef9e,0xef9e,0xef9e,0xef9e,0xef9e,
  0xef9e,0xef9e,0xef9e,0xef9e,0xef9e,0xef9e,0xef9e,0xef9e,0xef9e,0xef9e,0xef9e,0xef9e,0xef9e,0xef9e,0xef9e,0xef9e,
  0xef9e,0xef9e,0xef9e,0xce9a,0x7c31,0xadb7,0xdf1c,0xef9e,0xef9e,0xef9e,0xef9e,0xef9e,0xef9e,0xef9e,0xef9e,0xef9e,
  0xef9e,0xef9e,0xef9e,0xef9e,0xef9e,0xe75d,0xef9e,0xef9e,0xdefc,0xcebb,0xdf3d,0xef9e,0xef9e,0xef9e,0xef9e,0xef9e,
  0xef9e,0xef9e,0xef9e,0xef9e,0xef9e,0xef9e,0xef9e,0xef9e,0xef9e,0xef9e,0xe75d,0xef9e,0xef9e,0xef9e,0xef9e,0xef9e,
  0xef9e,0xef9e,0xef9e,0xef9e,0xef9e,0xef9e,0xef9e,0xef9e,0xef9e,0xef9e,0xef9e,0xef9e,0xef9e,0xef9e,0xef9e,0xe75d,
  0xef9e,0xef9e,0xef9e,0xef9e,0xef9e,0xef9e,0xef9e,0xef9e,0xef9e,0xef9e,0xef9e,0xef9e,0xef9e,0xef9e,0xef9e,0xef9e,
  0xef9e,0xef9e,0xef9e,0xef9e,0xef9e,0xef9e,0xef9e,0xef9e,0xef9e,0xef9e,0xef9e,0xef9e,0xef9e,0xef9e,0xef9e,0xef9e,
  0xef9e,0xef9e,0xef9e,0xbe18,0xc65a,0xc659,0xef9e,0xef9e,0xef9e,0xef9e,0xef9e,0xef9e,0xef9e,0xef9e,0xef9e,0xef9e,
  0xef9e,0xef9e,0xef9e,0xef9e,0xef9e,0xe75d,0xef9e,0xef9e,0xef9e,0xef9e,0xef9e,0xef9e,0xef9e,0xef9e,0xef9e,0xef9e,
  0xef9e,0xef9e,0xef9e,0xef9e,0xef9e,0xef9e,0xef9e,0xef9e,0xef9e,0xef9e,0xe75d,0xef9e,0xef9e,0xef9e,0xef9e,0xef9e,
  0xef9e,0xef9e,0xef9e,0xef9e,0xef9e,0xef9e,0xef9e,0xef9e,0xef9e,0xef9e,0xef9e,0xef9e,0xef9e,0xef9e,0xef9e,0xe75d,
  0xef9e,0xef9e,0xef9e,0xef9e,0xef9e,0xef9e,0xef9e,0xef9e,0xef9e,0xef9e,0xef9e,0xef9e,0xef9e,0xef9e,0xef9e,0xef9e,
  0xef9e,0xef9e,0xef9e,0xef9e,0xef9e,0xef9e,0xef9e,0xef9e,0xef9e,0xef9e,0xef9e,0xef9e,0xef9e,0xef9e,0xef9e,0xef9e,
  0xef9e,0xef9e,0xef9e,0xdefc,0xce9b,0xb5b7,0xef9e,0xef9e,0xef9e,0xef9e,0xef9e,0xef9e,0xef9e,0xef9e,0xef9e,0xef9e,
  0xef9e,0xef9e,0xef9e,0xef9e,0xef9e,0xe75d,0xef9e,0xef9e,0xef9e,0xef9e,0xef9e,0xef9e,0xef9e,0xef9e,0xef9e,0xef9e,
  0xef9e,0xef9e,0xef9e,0xef9e,0xef9e,0xef9e,0xef9e,0xef9e,0xef9e,0xef9e,0xe75d,0xef9e,0xef9e,0xef9e,0xef9e,0xef9e,
  0xef9e,0xef9e,0xef9e,0xef9e,0xef9e,0xef9e,0xef9e,0xef9e,0xef9e,0xef9e,0xef9e,0xef9e,0xef9e,0xef9e,0xef9e,0xe75d,
  0xef9e,0xef9e,0xef9e,0xef9e,0xef9e,0xef9e,0xef9e,0xef9e,0xef9e,0xef9e,0xef9e,0xef9e,0xef9e,0xef9e,0xef9e,0xef9e,
  0xef9e,0xef9e,0xef9e,0xef9e,0xef9e,0xef9e,0xef9e,0xef9e,0xef9e,0xef9e,0xef9e,0xef9e,0xef9e,0xef9e,0xef9e,0xef9e,
  0xef9e,0xef9e,0xef9e,0xce9b,0xbe18,0xadb7,0xef9e,0xef9e,0xef9e,0xef9e,0xef9e,0xef9e,0xef9e,0xef9e,0xef9e,0xef9e,
  0xef9e,0xef9e,0xef9e,0xef9e,0xef9e,0xe75d,0xef9e,0xef9e,0xef9e,0xef9e,0xef9e,0xef9e,0xef9e,0xef9e,0xef9e,0xef9e,
  0xef9e,0xef9e,0xef9e,0xef9e,0xef9e,0xef9e,0xef9e,0xef9e,0xef9e,0xef9e,0xe75d,0xef9e,0xef9e,0xef9e,0xef9e,0xef9e,
  0xef9e,0xef9e,0xef9e,0xef9e,0xef9e,0xef9e,0xef9e,0xef9e,0xef9e,0xef9e,0xef9e,0xef9e,0xef9e,0xef9e,0xef9e,0xe75d,
  0xef9e,0xef9e,0xef9e,0xef9e,0xef9e,0xef9e,0xef9e,0xef9e,0xef9e,0xef9e,0xef9e,0xef9e,0xef9e,0xef9e,0xef9e,0xef9e,
  0xef9e,0xef9e,0xef9e,0xef9e,0xef9e,0xef9e,0xef9e,0xef9e,0xef9e,0xef9e,0xef9e,0xef9e,0xef9e,0xef9e,0xef9e,0xef9e,
  0xef9e,0xef9e,0xef9e,0xc659,0xad97,0xbe19,0xef9e,0xef9e,0xef9e,0xef9e,0xef9e,0xef9e,0xef9e,0xef9e,0xef9e,0xef9e,
  0xef9e,0xef9e,0xef9e,0xef9e,0xef9e,0xe75d,0xef9e,0xef9e,0xef9e,0xef9e,0xef9e,0xef9e,0xef9e,0xef9e,0xef9e,0xef9e,
  0xef9e,0xef9e,0xef9e,0xef9e,0xef9e,0xef9e,0xef9e,0xef9e,0xef9e,0xef9e,0xe75d,0xef9e,0xef9e,0xef9e,0xef9e,0xef9e,
  0xef9e,0xef9e,0xef9e,0xef9e,0xef9e,0xef9e,0xef9e,0xef9e,0xef9e,0xef9e,0xef9e,0xef9e,0xef9e,0xef9e,0xef9e,0xe75d,
  0xef9e,0xef9e,0xef9e,0xef9e,0xef9e,0xef9e,0xef9e,0xef9e,0xef9e,0xef9e,0xef9e,0xef9e,0xef9e,0xef9e,0xef9e,0xef9e,
  0xef9e,0xef9e,0xef9e,0xef9e,0xef9e,0xef9e,0xef9e,0xef9e,0xef9e,0xef9e,0xef9e,0xef9e,0xef9e,0xef9e,0xef9e,0xef9e,
  0xef9e,0xef9e,0xef9e,0xef9e,0xef9e,0xef9e,0xef9e,0xef9e,0xef9e,0xef9e,0xef9e,0xef9e,0xef9e,0xef9e,0xef9e,0xef9e,
  0xef9e,0xef9e,0xef9e,0xef9e,0xef9e,0xe75d,0xef9e,0xef9e,0xef9e,0xef9e,0xef9e,0xef9e,0xef9e,0xef9e,0xef9e,0xef9e,
  0xef9e,0xef9e,0xef9e,0xef9e,0xef9e,0xef9e,0xef9e,0xef9e,0xef9e,0xef9e,0xe75d,0xef9e,0xef9e,0xef9e,0xef9e,0xef9e,
  0xef9e,0xef9e,0xef9e,0xef9e,0xef9e,0xef9e,0xef9e,0xef9e,0xef9e,0xef9e,0xef9e,0xef9e,0xef9e,0xef9e,0xef9e,0xe75d,
  0xef9e,0xef9e,0xef9e,0xef9e,0xef9e,0xef9e,0xef9e,0xef9e,0xef9e,0xef9e,0xef9e,0xef9e,0xef9e,0xef9e,0xef9e,0xef9e,
  0xef9e,0xef9e,0xef9e,0xef9e,0xef9e,0xef9e,0xef9e,0xef9e,0xef9e,0xef9e,0xef9e,0xef9e,0xef9e,0xef9e,0xef9e,0xef9e,
  0xef9e,0xef9e,0xef9e,0xef9e,0xef9e,0xef9e,0xef9e,0xef9e,0xef9e,0xef9e,0xef9e,0xef9e,0xef9e,0xef9e,0xef9e,0xef9e,
  0xef9e,0xef9e,0xef9e,0xef9e,0xef9e,0xe75d,0xef9e,0xef9e,0xef9e,0xef9e,0xef9e,0xef9e,0xef9e,0xef9e,0xef9e,0xef9e,
  0xef9e,0xef9e,0xef9e,0xef9e,0xef9e,0xef9e,0xef9e,0xef9e,0xef9e,0xef9e,0xe75d,0xef9e,0xef9e,0xef9e,0xef9e,0xef9e,
  0xef9e,0xef9e,0xef9e,0xef9e,0xef9e,0xef9e,0xef9e,0xef9e,0xef9e,0xef9e,0xef9e,0xef9e,0xef9e,0xef9e,0xef9e,0xe75d,
  0xef9e,0xef9e,0xef9e,0xef9e,0xef9e,0xef9e,0xef9e,0xef9e,0xef9e,0xef9e,0xef9e,0xef9e,0xef9e,0xef9e,0xef9e,0xef9e,
  0xef9e,0xef9e,0xef9e,0xef9e,0xef9e,0xef9e,0xef9e,0xef9e,0xef9e,0xef9e,0xef9e,0xef9e,0xef9e,0xef9e,0xef9e,0xef9e,
  0xef9e,0xef9e,0xef9e,0xef9e,0xef9e,0xef9e,0xef9e,0xef9e,0xef9e,0xef9e,0xef9e,0xef9e,0xef9e,0xef9e,0xef9e,0xef9e,
  0xef9e,0xef9e,0xef9e,0xef9e,0xef9e,0xe75d,0xef9e,0xef9e,0xef9e,0xef9e,0xef9e,0xef9e,0xef9e,0xef9e,0xef9e,0xef9e,
  0xef9e,0xef9e,0xef9e,0xef9e,0xef9e,0xef9e,0xef9e,0xef9e,0xef9e,0xef9e,0xe75d,0xef9e,0xef9e,0xef9e,0xef9e,0xef9e,
  0xef9e,0xef9e,0xef9e,0xef9e,0xef9e,0xef9e,0xef9e,0xef9e,0xef9e,0xef9e,0xef9e,0xef9e,0xef9e,0xef9e,0xef9e,0xe75d,
  0xef9e,0xef9e,0xef9e,0xef9e,0xef9e,0xef9e,0xef9e,0xef9e,0xef9e,0xef9e,0xef9e,0xef9e,0xef9e,0xef9e,0xef9e,0xef9e,
  0xef9e,0xef9e,0xef9e,0xef9e,0xef9e,0xef9e,0xef9e,0xef9e,0xef9e,0xef9e,0xef9e,0xef9e,0xef9e,0xef9e,0xef9e,0xef9e,
  0xef9e,0xef9e,0xef9e,0xef9e,0xef9e,0xef9e,0xef9e,0xef9e,0xef9e,0xef9e,0xef9e,0xef9e,0xef9e,0xef9e,0xef9e,0xef9e,
  0xef9e,0xef9e,0xef9e,0xef9e,0xef9e,0xe75d,0xef9e,0xef9e,0xef9e,0xef9e,0xef9e,0xef9e,0xef9e,0xef9e,0xef9e,0xef9e,
  0xef9e,0xef9e,0xef9e,0xef9e,0xef9e,0xef9e,0xef9e,0xef9e,0xef9e,0xef9e,0xe75d,0xef9e,0xef9e,0xef9e,0xef9e,0xef9e,
  0xef9e,0xef9e,0xef9e,0xef9e,0xef9e,0xef9e,0xef9e,0xef9e,0xef9e,0xef9e,0xef9e,0xef9e,0xef9e,0xef9e,0xef9e,0xe75d,
  0xef9e,0xef9e,0xef9e,0xef9e,0xef9e,0xef9e,0xef9e,0xef9e,0xef9e,0xef9e,0xef9e,0xef9e,0xef9e,0xef9e,0xef9e,0xef9e,
  0xef9e,0xef9e,0xef9e,0xef9e,0xef9e,0xef9e,0xef9e,0xef9e,0xef9e,0xef9e,0xef9e,0xef9e,0xef9e,0xef9e,0xef9e,0xef9e,
  0xef9e,0xef9e,0xef9e,0xef9e,0xef9e,0xef9e,0xef9e,0xef9e,0xef9e,0xef9e,0xef9e,0xef9e,0xef9e,0xef9e,0xef9e,0xef9e,
  0xef9e,0xef9e,0xef9e,0xef9e,0xef9e,0xe75d,0xef9e,0xef9e,0xef9e,0xef9e,0xef9e,0xef9e,0xef9e,0xef9e,0xef9e,0xef9e,
  0xef9e,0xef9e,0xef9e,0xef9e,0xef9e,0xef9e,0xef9e,0xef9e,0xef9e,0xef9e,0xe75d,0xef9e,0xef9e,0xef9e,0xef9e,0xef9e,
  0xef9e,0xef9e,0xef9e,0xef9e,0xef9e,0xef9e,0xef9e,0xef9e,0xef9e,0xef9e,0xef9e,0xef9e,0xef9e,0xef9e,0xef9e,0xe75d,
  0xef9e,0xef9e,0xef9e,0xef9e,0xef9e,0xef9e,0xef9e,0xef9e,0xef9e,0xef9e,0xef9e,0xef9e,0xef9e,0xef9e,0xef9e,0xef9e,
  0xef9e,0xef9e,0xef9e,0xef9e,0xef9e,0xef9e,0xef9e,0xef9e,0xef9e,0xef9e,0xef9e,0xef9e,0xef9e,0xef9e,0xef9e,0xef9e,
  0xef9e,0xef9e,0xef9e,0xef9e,0xef9e,0xef9e,0xef9e,0xef9e,0xef9e,0xef9e,0xef9e,0xef9e,0xef9e,0xef9e,0xef9e,0xef9e,
  0xef9e,0xef9e,0xef9e,0xef9e,0xef9e,0xe75d,0xef9e,0xef9e,0xef9e,0xef9e,0xef9e,0xef9e,0xef9e,0xef9e,0xef9e,0xef9e,
  0xef9e,0xef9e,0xef9e,0xef9e,0xef9e,0xef9e,0xef9e,0xef9e,0xef9e,0xef9e,0xe75d,0xef9e,0xef9e,0xef9e,0xef9e,0xef9e,
  0xef9e,0xef9e,0xef9e,0xef9e,0xef9e,0xef9e,0xef9e,0xef9e,0xef9e,0xef9e,0xef9e,0xef9e,0xef9e,0xef9e,0xef9e,0xe75d,
  0xef9e,0xef9e,0xef9e,0xef9e,0xef9e,0xef9e,0xef9e,0xef9e,0xef9e,0xef9e,0xef9e,0xef9e,0xef9e,0xef9e,0xef9e,0xef9e,
  0xef9e,0xef9e,0xef9e,0xef9e,0xef9e,0xef9e,0xef9e,0xef9e,0xef9e,0xef9e,0xef9e,0xef9e,0xef9e,0xef9e,0xef9e,0xef9e,
  0xef9e,0xef9e,0xef9e,0xef9e,0xef9e,0xef9e,0xef9e,0xef9e,0xef9e,0xef9e,0xef9e,0xef9e,0xef9e,0xef9e,0xef9e,0xef9e,
  0xef9e,0xef9e,0xef9e,0xef9e,0xef9e,0xe75d,0xef9e,0xef9e,0xef9e,0xef9e,0xef9e,0xef9e,0xef9e,0xef9e,0xef9e,0xef9e,
  0xef9e,0xef9e,0xef9e,0xef9e,0xef9e,0xef9e,0xef9e,0xef9e,0xef9e,0xef9e,0xe75d,0xef9e,0xef9e,0xef9e,0xef9e,0xef9e,
  0xef9e,0xef9e,0xef9e,0xef9e,0xef9e,0xef9e,0xef9e,0xef9e,0xef9e,0xef9e,0xef9e,0xef9e,0xef9e,0xef9e,0xef9e,0xe75d,
  0xef9e,0xef9e,0xef9e,0xef9e,0xef9e,0xef9e,0xef9e,0xef9e,0xef9e,0xef9e,0xef9e,0xef9e,0xef9e,0xef9e,0xef9e,0xef9e,
  0xef9e,0xef9e,0xef9e,0xef9e,0xef9e,0xef9e,0xef9e,0xef9e,0xef9e,0xef9e,0xef9e,0xef9e,0xef9e,0xef9e,0xef9e,0xef9e,
  0xef9e,0xef9e,0xef9e,0xef9e,0xef9e,0xef9e,0xef9e,0xef9e,0xef9e,0xef9e,0xef9e,0xef9e,0xef9e,0xef9e,0xef9e,0xef9e,
  0xef9e,0xef9e,0xef9e,0xef9e,0xef9e,0xe75d,0xef9e,0xef9e,0xef9e,0xef9e,0xef9e,0xef9e,0xef9e,0xef9e,0xef9e,0xef9e,
  0xef9e,0xef9e,0xef9e,0xef9e,0xef9e,0xef9e,0xef9e,0xef9e,0xef9e,0xef9e,0xe75d,0xef9e,0xef9e,0xef9e,0xef9e,0xef9e,
  0xef9e,0xef9e,0xef9e,0xef9e,0xef9e,0xef9e,0xef9e,0xef9e,0xef9e,0xef9e,0xef9e,0xef9e,0xef9e,0xef9e,0xef9e,0xe75d,
  0xef9e,0xef9e,0xef9e,0xef9e,0xef9e,0xef9e,0xef9e,0xef9e,0xef9e,0xef9e,0xef9e,0xef9e,0xef9e,0xef9e,0xef9e,0xef9e,
  0xef9e,0xef9e,0xef9e,0xef9e,0xef9e,0xef9e,0xef9e,0xef9e,0xef9e,0xef9e,0xef9e,0xef9e,0xef9e,0xef9e,0xef9e,0xef9e,
  0xef9e,0xef9e,0xef9e,0xef9e,0xef9e,0xef9e,0xef9e,0xef9e,0xef9e,0xef9e,0xef9e,0xef9e,0xef9e,0xef9e,0xef9e,0xef9e,
  0xef9e,0xef9e,0xef9e,0xef9e,0xef9e,0xe75d,0xef9e,0xef9e,0xef9e,0xef9e,0xef9e,0xef9e,0xef9e,0xef9e,0xef9e,0xef9e,
  0xef9e,0xef9e,0xef9e,0xef9e,0xef9e,0xef9e,0xef9e,0xef9e,0xef9e,0xef9e,0xe75d,0xef9e,0xef9e,0xef9e,0xef9e,0xef9e,
  0xef9e,0xef9e,0xef9e,0xef9e,0xef9e,0xef9e,0xef9e,0xef9e,0xef9e,0xef9e,0xef9e,0xef9e,0xef9e,0xef9e,0xef9e,0xe75d,
  0xef9e,0xef9e,0xef9e,0xef9e,0xef9e,0xef9e,0xef9e,0xef9e,0xef9e,0xef9e,0xef9e,0xef9e,0xef9e,0xef9e,0xef9e,0xef9e,
  0xef9e,0xef9e,0xef9e,0xef9e,0xef9e,0xef9e,0xef9e,0xef9e,0xef9e,0xef9e,0xef9e,0xef9e,0xef9e,0xef9e,0xef9e,0xef9e,
  0xef9e,0xef9e,0xef9e,0xef9e,0xef9e,0xef9e,0xef9e,0xef9e,0xef9e,0xef9e,0xef9e,0xef9e,0xef9e,0xef9e,0xef9e,0xef9e,
  0xef9e,0xef9e,0xef9e,0xef9e,0xef9e,0xe75d,0xef9e,0xef9e,0xef9e,0xef9e,0xef9e,0xef9e,0xef9e,0xef9e,0xef9e,0xef9e,
  0xef9e,0xef9e,0xef9e,0xef9e,0xef9e,0xef9e,0xef9e,0xef9e,0xef9e,0xef9e,0xe75d,0xef9e,0xef9e,0xef9e,0xef9e,0xef9e,
  0xef9e,0xef9e,0xef9e,0xef9e,0xef9e,0xef9e,0xef9e,0xef9e,0xef9e,0xef9e,0xef9e,0xef9e,0xef9e,0xef9e,0xef9e,0xe75d,
  0xef9e,0xef9e,0xef9e,0xef9e,0xef9e,0xef9e,0xef9e,0xef9e,0xef9e,0xef9e,0xef9e,0xef9e,0xef9e,0xef9e,0xef9e,0xef9e,
  0xef9e,0xef9e,0xef9e,0xef9e,0xef9e,0xef9e,0xef9e,0xef9e,0xef9e,0xef9e,0xef9e,0xef9e,0xef9e,0xef9e,0xef9e,0xef9e,
  0xef9e,0xef9e,0xef9e,0xef9e,0xef9e,0xef9e,0xef9e,0xef9e,0xef9e,0xef9e,0xef9e,0xef9e,0xef9e,0xef9e,0xef9e,0xef9e,
  0xef9e,0xef9e,0xef9e,0xef9e,0xef9e,0xe75d,0xef9e,0xef9e,0xef9e,0xef9e,0xef9e,0xef9e,0xef9e,0xef9e,0xef9e,0xef9e,
  0xef9e,0xef9e,0xef9e,0xef9e,0xef9e,0xef9e,0xef9e,0xef9e,0xef9e,0xef9e,0xe75d,0xef9e,0xef9e,0xef9e,0xef9e,0xef9e,
  0xef9e,0xef9e,0xef9e,0xef9e,0xef9e,0xef9e,0xef9e,0xef9e,0xef9e,0xef9e,0xef9e,0xef9e,0xef9e,0xef9e,0xef9e,0xe75d,
  0xef9e,0xef9e,0xef9e,0xef9e,0xef9e,0xef9e,0xef9e,0xef9e,0xef9e,0xef9e,0xef9e,0xef9e,0xef9e,0xef9e,0xef9e,0xef9e,
  0xef9e,0xef9e,0xef9e,0xef9e,0xef9e,0xef9e,0xef9e,0xef9e,0xef9e,0xef9e,0xef9e,0xef9e,0xef9e,0xef9e,0xef9e,0xef9e,
  0xef9e,0xef9e,0xef9e,0xef9e,0xef9e,0xef9e,0xef9e,0xef9e,0xef9e,0xef9e,0xef9e,0xef9e,0xef9e,0xef9e,0xef9e,0xef9e,
  0xef9e,0xef9e,0xef9e,0xef9e,0xef9e,0xe75d,0xef9e,0xef9e,0xef9e,0xef9e,0xef9e,0xef9e,0xef9e,0xef9e,0xef9e,0xef9e,
  0xef9e,0xef9e,0xef9e,0xef9e,0xef9e,0xef9e,0xef9e,0xef9e,0xef9e,0xef9e,0xe75d,0xef9e,0xef9e,0xef9e,0xef9e,0xef9e,
  0xef9e,0xef9e,0xef9e,0xef9e,0xef9e,0xef9e,0xef9e,0xef9e,0xef9e,0xef9e,0xef9e,0xef9e,0xef9e,0xef9e,0xef9e,0xe75d,
  0xef9e,0xef9e,0xef9e,0xef9e,0xef9e,0xef9e,0xef9e,0xef9e,0xef9e,0xef9e,0xef9e,0xef9e,0xef9e,0xef9e,0xef9e,0xef9e,
  0xef9e,0xef9e,0xef9e,0xef9e,0xef9e,0xef9e,0xef9e,0xef9e,0xef9e,0xef9e,0xef9e,0xef9e,0xef9e,0xef9e,0xef9e,0xef9e,
  0xef9e,0xef9e,0xef9e,0xef9e,0xef9e,0xef9e,0xef9e,0xef9e,0xef9e,0xef9e,0xef9e,0xef9e,0xef9e,0xef9e,0xef9e,0xef9e,
  0xef9e,0xef9e,0xef9e,0xef9e,0xef9e,0xe75d,0xef9e,0xef9e,0xef9e,0xef9e,0xef9e,0xef9e,0xef9e,0xef9e,0xef9e,0xef9e,
  0xef9e,0xef9e,0xef9e,0xef9e,0xef9e,0xef9e,0xef9e,0xef9e,0xef9e,0xef9e,0xe75d,0xef9e,0xef9e,0xef9e,0xef9e,0xef9e,
  0xef9e,0xef9e,0xef9e,0xef9e,0xef9e,0xef9e,0xef9e,0xef9e,0xef9e,0xef9e,0xef9e,0xef9e,0xef9e,0xef9e,0xef9e,0xe75d,
  0xef9e,0xef9e,0xef9e,0xef9e,0xef9e,0xef9e,0xef9e,0xef9e,0xef9e,0xef9e,0xef9e,0xef9e,0xef9e,0xef9e,0xef9e,0xef9e,
  0xef9e,0xef9e,0xef9e,0xef9e,0xef9e,0xef9e,0xef9e,0xef9e,0xef9e,0xef9e,0xef9e,0xef9e,0xef9e,0xef9e,0xef9e,0xef9e,
  0xef9e,0xef9e,0xef9e,0xef9e,0xef9e,0xef9e,0xef9e,0xef9e,0xef9e,0xef9e,0xef9e,0xef9e,0xef9e,0xef9e,0xef9e,0xef9e,
  0xef9e,0xef9e,0xef9e,0xef9e,0xef9e,0xe75d,0xef9e,0xef9e,0xef9e,0xef9e,0xef9e,0xef9e,0xef9e,0xef9e,0xef9e,0xef9e,
  0xef9e,0xef9e,0xef9e,0xef9e,0xef9e,0xef9e,0xef9e,0xef9e,0xef9e,0xef9e,0xe75d,0xef9e,0xef9e,0xef9e,0xef9e,0xef9e,
  0xef9e,0xef9e,0xef9e,0xef9e,0xef9e,0xef9e,0xef9e,0xef9e,0xef9e,0xef9e,0xef9e,0xef9e,0xef9e,0xef9e,0xef9e,0xe75d,
  0xef9e,0xef9e,0xef9e,0xef9e,0xef9e,0xef9e,0xef9e,0xef9e,0xef9e,0xef9e,0xef9e,0xef9e,0xef9e,0xef9e,0xef9e,0xef9e,
  0xef9e,0xef9e,0xef9e,0xef9e,0xef9e,0xef9e,0xef9e,0xef9e,0xef9e,0xef9e,0xef9e,0xef9e,0xef9e,0xef9e,0xef9e,0xef9e,
  0xef9e,0xef9e,0xef9e,0xef9e,0xef9e,0xef9e,0xef9e,0xef9e,0xef9e,0xef9e,0xef9e,0xef9e,0xef9e,0xef9e,0xef9e,0xef9e,
  0xef9e,0xef9e,0xef9e,0xef9e,0xef9e,0xe75d,0xef9e,0xef9e,0xef9e,0xef9e,0xef9e,0xef9e,0xef9e,0xef9e,0xef9e,0xef9e,
  0xef9e,0xef9e,0xef9e,0xef9e,0xef9e,0xef9e,0xef9e,0xef9e,0xef9e,0xef9e,0xe75d,0xef9e,0xef9e,0xef9e,0xef9e,0xef9e,
  0xef9e,0xef9e,0xef9e,0xef9e,0xef9e,0xef9e,0xef9e,0xef9e,0xef9e,0xef9e,0xef9e,0xef9e,0xef9e,0xef9e,0xef9e,0xe75d,
  0xef9e,0xef9e,0xef9e,0xef9e,0xef9e,0xef9e,0xef9e,0xef9e,0xef9e,0xef9e,0xef9e,0xef9e,0xef9e,0xef9e,0xef9e,0xef9e,
  0xef9e,0xef9e,0xef9e,0xef9e,0xef9e,0xef9e,0xef9e,0xef9e,0xef9e,0xef9e,0xef9e,0xef9e,0xef9e,0xef9e,0xef9e,0xef9e,
  0xef9e,0xef9e,0xef9e,0xef9e,0xef9e,0xef9e,0xef9e,0xef9e,0xef9e,0xef9e,0xef9e,0xef9e,0xef9e,0xef9e,0xef9e,0xef9e,
  0xef9e,0xef9e,0xef9e,0xef9e,0xef9e,0xe75d,0xef9e,0xef9e,0xef9e,0xef9e,0xef9e,0xef9e,0xef9e,0xef9e,0xef9e,0xef9e,
  0xef9e,0xef9e,0xef9e,0xef9e,0xef9e,0xef9e,0xef9e,0xef9e,0xef9e,0xef9e,0xe75d,0xef9e,0xef9e,0xef9e,0xef9e,0xef9e,
  0xef9e,0xef9e,0xef9e,0xef9e,0xef9e,0xef9e,0xef9e,0xef9e,0xef9e,0xef9e,0xef9e,0xef9e,0xef9e,0xef9e,0xef9e,0xe75d,
  0xef9e,0xef9e,0xef9e,0xef9e,0xef9e,0xef9e,0xef9e,0xef9e,0xef9e,0xef9e,0xef9e,0xef9e,0xef9e,0xef9e,0xef9e,0xef9e,
  0xef9e,0xef9e,0xef9e,0xef9e,0xef9e,0xef9e,0xef9e,0xef9e,0xef9e,0xef9e,0xef9e,0xef9e,0xef9e,0xef9e,0xef9e,0xef9e,
  0xef9e,0xef9e,0xef9e,0xef9e,0xef9e,0xef9e,0xef9e,0xef9e,0xef9e,0xef9e,0xef9e,0xef9e,0xef9e,0xef9e,0xef9e,0xef9e,
  0xef9e,0xef9e,0xef9e,0xef9e,0xef9e,0xe75d,0xef9e,0xef9e,0xef9e,0xef9e,0xef9e,0xef9e,0xef9e,0xef9e,0xef9e,0xef9e,
  0xef9e,0xef9e,0xef9e,0xef9e,0xef9e,0xef9e,0xef9e,0xef9e,0xef9e,0xef9e,0xe75d,0xef9e,0xef9e,0xef9e,0xef9e,0xef9e,
  0xef9e,0xef9e,0xef9e,0xef9e,0xef9e,0xef9e,0xef9e,0xef9e,0xef9e,0xef9e,0xef9e,0xef9e,0xef9e,0xef9e,0xef9e,0xe75d,
  0xef9e,0xef9e,0xef9e,0xef9e,0xef9e,0xef9e,0xef9e,0xef9e,0xef9e,0xef9e,0xef9e,0xef9e,0xef9e,0xef9e,0xef9e,0xef9e,
  0xef9e,0xef9e,0xef9e,0xef9e,0xef9e,0xef9e,0xef9e,0xef9e,0xef9e,0xef9e,0xef9e,0xef9e,0xef9e,0xef9e,0xef9e,0xef9e,
  0xef9e,0xef9e,0xef9e,0xef9e,0xef9e,0xef9e,0xef9e,0xef9e,0xef9e,0xef9e,0xef9e,0xef9e,0xef9e,0xef9e,0xef9e,0xef9e,
  0xef9e,0xef9e,0xef9e,0xef9e,0xef9e,0xe75d,0xef9e,0xef9e,0xef9e,0xef9e,0xef9e,0xef9e,0xef9e,0xef9e,0xef9e,0xef9e,
  0xef9e,0xef9e,0xef9e,0xef9e,0xef9e,0xef9e,0xef9e,0xef9e,0xef9e,0xef9e,0xe75d,0xef9e,0xef9e,0xef9e,0xef9e,0xef9e,
  0xef9e,0xef9e,0xef9e,0xef9e,0xef9e,0xef9e,0xef9e,0xef9e,0xef9e,0xef9e,0xef9e,0xef9e,0xef9e,0xef9e,0xef9e,0xe75d,
  0xef9e,0xef9e,0xef9e,0xef9e,0xef9e,0xef9e,0xef9e,0xef9e,0xef9e,0xef9e,0xef9e,0xef9e,0xef9e,0xef9e,0xef9e,0xef9e,
  0xef9e,0xef9e,0xef9e,0xef9e,0xef9e,0xef9e,0xef9e,0xef9e,0xef9e,0xef9e,0xef9e,0xef9e,0xef9e,0xef9e,0xef9e,0xef9e,
  0xef9e,0xef9e,0xef9e,0xef9e,0xef9e,0xef9e,0xef9e,0xef9e,0xef9e,0xef9e,0xef9e,0xef9e,0xef9e,0xef9e,0xef9e,0xef9e,
  0xef9e,0xef9e,0xef9e,0xef9e,0xef9e,0xef9e,0xef9e,0xef9e,0xef9e,0xef9e,0xef9e,0xef9e,0xef9e,0xef9e,0xef9e,0xef9e,
  0xef9e,0xef9e,0xef9e,0xef9e,0xef9e,0xef9e,0xef9e,0xef9e,0xef9e,0xef9e,0xef9e,0xef9e,0xef9e,0xef9e,0xef9e,0xef9e,
  0xef9e,0xef9e,0xef9e,0xef9e,0xef9e,0xef9e,0xef9e,0xef9e,0xef9e,0xef9e,0xef9e,0xef9e,0xef9e,0xef9e,0xef9e,0xef9e,
  0xef9e,0xef9e,0xef9e,0xef9e,0xef9e,0xef9e,0xef9e,0xef9e,0xef9e,0xef9e,0xef9e,0xef9e,0xef9e,0xef9e,0xef9e,0xef9e,
  0xef9e,0xef9e,0xef9e,0xef9e,0xef9e,0xef9e,0xef9e,0xef9e,0xef9e,0xef9e,0xef9e,0xef9e,0xef9e,0xef9e,0xef9e,0xef9e,
  0xef9e,0xef9e,0xef9e,0xef9e,0xef9e,0xef9e,0xef9e,0xef9e,0xef9e,0xef9e,0xef9e,0xef9e,0xef9e,0xef9e,0xef9e,0xef9e,
  0xef9e,0xef9e,0xef9e,0xef9e,0xef9e,0xef9e,0xef9e,0xef9e,0xef9e,0xef9e,0xef9e,0xef9e,0xef9e,0xef9e,0xef9e,0xef9e,
  0xef9e,0xef9e,0xef9e,0xef9e,0xef9e,0xef9e,0xef9e,0xef9e,0xef9e,0xef9e,0xef9e,0xef9e,0xef9e,0xef9e,0xef9e,0xef9e,
  0xef9e,0xef9e,0xef9e,0xef9e,0xef9e,0xef9e,0xef9e,0xef9e,0xef9e,0xef9e,0xef9e,0xef9e,0xef9e,0xef9e,0xef9e,0xef9e,
  0xef9e,0xef9e,0xef9e,0xef9e,0xef9e,0xef9e,0xef9e,0xef9e,0xef9e,0xef9e,0xef9e,0xef9e,0xef9e,0xef9e,0xef9e,0xef9e,
  0xef9e,0xef9e,0xef9e,0xef9e,0xef9e,0xef9e,0xef9e,0xef9e,0xef9e,0xef9e,0xef9e,0xef9e,0xef9e,0xef9e,0xef9e,0xef9e,
  0xef9e,0xef9e,0xef9e,0xef9e,0xef9e,0xef9e,0xef9e,0xef9e,0xef9e,0xef9e,0xef9e,0xef9e,0xef9e,0xef9e,0xef9e,0xef9e,
  0xef9e,0xef9e,0xef9e,0xef9e,0xef9e,0xef9e,0xef9e,0xef9e,0xef9e,0xef9e,0xef9e,0xef9e,0xef9e,0xef9e,0xef9e,0xef9e,
  0xef9e,0xef9e,0xef9e,0xef9e,0xef9e,0xef9e,0xef9e,0xef9e,0xef9e,0xef9e,0xef9e,0xef9e,0xef9e,0xef9e,0xef9e,0xef9e,
  0xef9e,0xef9e,0xef9e,0xef9e,0xef9e,0xef9e,0xef9e,0xef9e,0xef9e,0xef9e,0xef9e,0xef9e,0xef9e,0xef9e,0xef9e,0xef9e,
  0xef9e,0xef9e,0xef9e,0xef9e,0xef9e,0xef9e,0xef9e,0xef9e,0xef9e,0xef9e,0xef9e,0xef9e,0xef9e,0xef9e,0xef9e,0xef9e,
  0xef9e,0xef9e,0xef9e,0xef9e,0xef9e,0xef9e,0xef9e,0xef9e,0xef9e,0xef9e,0xef9e,0xef9e,0xef9e,0xef9e,0xef9e,0xef9e,
  0xef9e,0xef9e,0xef9e,0xef9e,0xef9e,0xef9e,0xef9e,0xef9e,0xef9e,0xef9e,0xef9e,0xef9e,0xef9e,0xef9e,0xef9e,0xef9e,
  0xef9e,0xef9e,0xef9e,0xef9e,0xef9e,0xef9e,0xef9e,0xef9e,0xef9e,0xef9e,0xef9e,0xef9e,0xef9e,0xef9e,0xef9e,0xef9e,
  0xef9e,0xef9e,0xef9e,0xef9e,0xef9e,0xef9e,0xef9e,0xef9e,0xef9e,0xef9e,0xef9e,0xef9e,0xef9e,0xef9e,0xef9e,0xef9e,
  0xef9e,0xef9e,0xef9e,0xef9e,0xef9e,0xef9e,0xef9e,0xef9e,0xef9e,0xef9e,0xef9e,0xef9e,0xef9e,0xef9e,0xef9e,0xef9e,
  0xef9e,0xef9e,0xef9e,0xef9e,0xef9e,0xef9e,0xef9e,0xef9e,0xef9e,0xef9e,0xef9e,0xef9e,0xef9e,0xef9e,0xef9e,0xef9e,
  0xef9e,0xef9e,0xef9e,0xef9e,0xef9e,0xef9e,0xef9e,0xef9e,0xef9e,0xef9e,0xef9e,0xef9e,0xef9e,0xef9e,0xef9e,0xef9e,
  0xef9e,0xef9e,0xef9e,0xef9e,0xef9e,0xef9e,0xef9e,0xef9e,0xef9e,0xef9e,0xef9e,0xef9e,0xef9e,0xef9e,0xef9e,0xef9e,
  0xef9e,0xef9e,0xef9e,0xef9e,0xef9e,0xef9e,0xef9e,0xef9e,0xef9e,0xef9e,0xef9e,0xef9e,0xef9e,0xef9e,0xef9e,0xef9e,
  0xef9e,0xef9e,0xef9e,0xef9e,0xef9e,0xef9e,0xef9e,0xef9e,0xef9e,0xef9e,0xef9e,0xef9e,0xef9e,0xef9e,0xef9e,0xef9e,
  0xef9e,0xef9e,0xef9e,0xef9e,0xef9e,0xef9e,0xef9e,0xef9e,0xef9e,0xef9e,0xef9e,0xef9e,0xef9e,0xef9e,0xef9e,0xef9e,
  0xef9e,0xef9e,0xef9e,0xef9e,0xef9e,0xef9e,0xef9e,0xef9e,0xef9e,0xef9e,0xef9e,0xef9e,0xef9e,0xef9e,0xef9e,0xef9e,
  0xef9e,0xef9e,0xef9e,0xef9e,0xef9e,0xef9e,0xef9e,0xef9e,0xef9e,0xef9e,0xef9e,0xef9e,0xef9e,0xef9e,0xef9e,0xef9e,
};

static const uint16_t THUMB_PURE_DARK[144 * 96] PROGMEM = {
  0x0862,0x0862,0x0862,0x0862,0x0862,0x0862,0x0862,0x0862,0x0862,0x0862,0x0862,0x0862,0x0862,0x0862,0x0862,0x0862,
  0x0862,0x0862,0x0862,0x0862,0x0862,0x0862,0x0862,0x0862,0x0862,0x0862,0x0862,0x0862,0x0862,0x0862,0x0862,0x0862,
  0x0862,0x0862,0x0862,0x0862,0x0862,0x0862,0x0862,0x0862,0x0862,0x0862,0x0862,0x0862,0x0862,0x0862,0x0862,0x0862,
  0x0862,0x0862,0x0862,0x0862,0x0862,0x0862,0x0862,0x0862,0x0862,0x0862,0x0862,0x0862,0x0862,0x0862,0x0862,0x0862,
  0x0862,0x0862,0x0862,0x0862,0x0862,0x0862,0x0862,0x0862,0x0862,0x0862,0x0862,0x0862,0x0862,0x0862,0x0862,0x0862,
  0x0862,0x0862,0x0862,0x0862,0x0862,0x0862,0x0862,0x0862,0x0862,0x0862,0x0862,0x0862,0x0862,0x0862,0x0862,0x0862,
  0x0862,0x0862,0x0862,0x0862,0x0862,0x0862,0x0862,0x0862,0x0862,0x0862,0x0862,0x0862,0x0862,0x0862,0x0862,0x0862,
  0x0862,0x0862,0x0862,0x0862,0x0862,0x0862,0x0862,0x0862,0x0862,0x0862,0x0862,0x0862,0x0862,0x0862,0x0862,0x0862,
  0x0862,0x0862,0x0862,0x0862,0x0862,0x0862,0x0862,0x0862,0x0862,0x0862,0x0862,0x0862,0x0862,0x0862,0x0862,0x0862,
  0x0862,0x0862,0x0862,0x0862,0x0862,0x0862,0x0862,0x0862,0x0862,0x0862,0x0862,0x0862,0x0862,0x0862,0x0862,0x0862,
  0x0862,0x0862,0x0862,0x0862,0x0862,0x0862,0x0862,0x0862,0x0862,0x0862,0x0862,0x0862,0x0862,0x0862,0x0862,0x0862,
  0x0862,0x0862,0x0862,0x0862,0x0862,0x0862,0x0862,0x0862,0x0862,0x0862,0x0862,0x0862,0x0862,0x0862,0x0862,0x0862,
  0x0862,0x0862,0x0862,0x0862,0x0862,0x0862,0x0862,0x0862,0x0862,0x0862,0x0862,0x0862,0x0862,0x0862,0x0862,0x0862,
  0x0862,0x0862,0x0862,0x0862,0x0862,0x0862,0x0862,0x0862,0x0862,0x0862,0x0862,0x0862,0x0862,0x0862,0x0862,0x0862,
  0x0862,0x0862,0x0862,0x0862,0x0862,0x0862,0x0862,0x0862,0x0862,0x0862,0x0862,0x0862,0x0862,0x0862,0x0862,0x0862,
  0x0862,0x0862,0x0862,0x0862,0x0862,0x0862,0x0862,0x0862,0x0862,0x0862,0x0862,0x0862,0x0862,0x0862,0x0862,0x0862,
  0x0862,0x0862,0x0862,0x0862,0x0862,0x0862,0x0862,0x0862,0x0862,0x0862,0x0862,0x0862,0x0862,0x0862,0x0862,0x0862,
  0x0862,0x0862,0x0862,0x0862,0x0862,0x0862,0x0862,0x0862,0x0862,0x0862,0x0862,0x0862,0x0862,0x0862,0x0862,0x0862,
  0x0862,0x0862,0x0862,0x0862,0x0862,0x0862,0x0862,0x0862,0x0862,0x0862,0x0862,0x0862,0x0862,0x0862,0x0862,0x0862,
  0x0862,0x0862,0x0862,0x0862,0x0862,0x0862,0x0862,0x0862,0x0862,0x0862,0x0862,0x0862,0x0862,0x0862,0x0862,0x0862,
  0x0862,0x0862,0x0862,0x0862,0x0862,0x0862,0x0862,0x0862,0x0862,0x0862,0x0862,0x0862,0x0862,0x0862,0x0862,0x0862,
  0x0862,0x0862,0x0862,0x0862,0x0862,0x0862,0x0862,0x0862,0x0862,0x0862,0x0862,0x0862,0x0862,0x0862,0x0862,0x0862,
  0x0862,0x0862,0x0862,0x0862,0x0862,0x0862,0x0862,0x0862,0x0862,0x0862,0x0862,0x0862,0x0862,0x0862,0x0862,0x0862,
  0x0862,0x0862,0x0862,0x0862,0x0862,0x0862,0x0862,0x0862,0x0862,0x0862,0x0862,0x0862,0x0862,0x0862,0x0862,0x0862,
  0x0862,0x0862,0x0862,0x0862,0x0862,0x0862,0x0862,0x0862,0x0862,0x0862,0x0862,0x0862,0x0862,0x0862,0x0862,0x0862,
  0x0862,0x0862,0x0862,0x0862,0x0862,0x0862,0x0862,0x0862,0x0862,0x0862,0x0862,0x0862,0x0862,0x0862,0x0862,0x0862,
  0x0862,0x0862,0x0862,0x0862,0x0862,0x0862,0x0862,0x0862,0x0862,0x0862,0x0862,0x0862,0x0862,0x0862,0x0862,0x0862,
  0x0862,0x0862,0x0862,0x0862,0x0862,0x0862,0x0862,0x0862,0x0862,0x0862,0x0862,0x0862,0x0862,0x0862,0x0862,0x0862,
  0x0862,0x0862,0x0862,0x0862,0x0862,0x0862,0x0862,0x0862,0x0862,0x0862,0x0862,0x0862,0x0862,0x0862,0x0862,0x0862,
  0x0862,0x0862,0x0862,0x0862,0x0862,0x0862,0x0862,0x0862,0x0862,0x0862,0x0862,0x0862,0x0862,0x0862,0x0862,0x0862,
  0x0862,0x0862,0x0862,0x0862,0x0862,0x0862,0x0862,0x0862,0x0862,0x0862,0x0862,0x0862,0x0862,0x0862,0x0862,0x0862,
  0x0862,0x0862,0x0862,0x0862,0x0862,0x0862,0x0862,0x0862,0x0862,0x0862,0x0862,0x0862,0x0862,0x0862,0x0862,0x0862,
  0x0862,0x0862,0x0862,0x0862,0x0862,0x0862,0x0862,0x0862,0x0862,0x0862,0x0862,0x0862,0x0862,0x0862,0x0862,0x0862,
  0x0862,0x0862,0x0862,0x0862,0x0862,0x0862,0x0862,0x0862,0x0862,0x0862,0x0862,0x0862,0x0862,0x0862,0x0862,0x0862,
  0x0862,0x0862,0x0862,0x0862,0x0862,0x0862,0x0862,0x0862,0x0862,0x0862,0x0862,0x0862,0x0862,0x0862,0x0862,0x0862,
  0x0862,0x0862,0x0862,0x0862,0x0862,0x0862,0x0862,0x0862,0x0862,0x0862,0x0862,0x0862,0x0862,0x0862,0x0862,0x0862,
  0x0862,0x0862,0x0862,0x0862,0x0862,0x0862,0x0862,0x0862,0x0862,0x0862,0x0862,0x0862,0x0862,0x0862,0x0862,0x0862,
  0x0862,0x0862,0x0862,0x0862,0x0862,0x0862,0x0862,0x0862,0x0862,0x0862,0x0862,0x0862,0x0862,0x0862,0x0862,0x0862,
  0x0862,0x0862,0x0862,0x0862,0x0862,0x0862,0x0862,0x0862,0x0862,0x0862,0x0862,0x0862,0x0862,0x0862,0x0862,0x0862,
  0x0862,0x0862,0x0862,0x0862,0x0862,0x0862,0x0862,0x0862,0x0862,0x0862,0x0862,0x0862,0x0862,0x0862,0x0862,0x0862,
  0x0862,0x0862,0x0862,0x0862,0x0862,0x0862,0x0862,0x0862,0x0862,0x0862,0x0862,0x0862,0x0862,0x0862,0x0862,0x0862,
  0x0862,0x0862,0x0862,0x0862,0x0862,0x0862,0x0862,0x0862,0x0862,0x0862,0x0862,0x0862,0x0862,0x0862,0x0862,0x0862,
  0x0862,0x0862,0x0862,0x0862,0x0862,0x0862,0x0862,0x0862,0x0862,0x0862,0x0862,0x0862,0x0862,0x0862,0x0862,0x0862,
  0x0862,0x0862,0x0862,0x0862,0x0862,0x0862,0x0862,0x0862,0x0862,0x0862,0x0862,0x0862,0x0862,0x0862,0x0862,0x0862,
  0x0862,0x0862,0x0862,0x0862,0x0862,0x0862,0x0862,0x0862,0x0862,0x0862,0x0862,0x0862,0x0862,0x0862,0x0862,0x0862,
  0x0862,0x0862,0x0862,0x0862,0x0862,0x0862,0x0862,0x0862,0x0862,0x0862,0x0862,0x0862,0x0862,0x0862,0x0862,0x0862,
  0x0862,0x0862,0x0862,0x0862,0x0862,0x0862,0x0862,0x0862,0x0862,0x0862,0x0862,0x0862,0x0862,0x0862,0x0862,0x0862,
  0x0862,0x0862,0x0862,0x0862,0x0862,0x0862,0x0862,0x0862,0x0862,0x0862,0x0862,0x0862,0x0862,0x0862,0x0862,0x0862,
  0x0862,0x0862,0x0862,0x0862,0x0862,0x0862,0x0862,0x0862,0x0862,0x0862,0x0862,0x0862,0x0862,0x0862,0x0862,0x0862,
  0x0862,0x0862,0x0862,0x0862,0x0905,0x1392,0x0946,0x0862,0x0862,0x0862,0x0862,0x0862,0x0862,0x0862,0x0862,0x0862,
  0x0862,0x0862,0x0862,0x0862,0x0862,0x0862,0x0862,0x0862,0x0862,0x0862,0x0862,0x0862,0x0862,0x0862,0x0862,0x0862,
  0x0862,0x0862,0x0862,0x0862,0x0862,0x0862,0x0862,0x0862,0x0862,0x0862,0x0862,0x0862,0x0862,0x0862,0x0862,0x0862,
  0x0862,0x0862,0x0862,0x0862,0x0862,0x0862,0x0862,0x0862,0x0862,0x0862,0x0862,0x0862,0x0862,0x0862,0x0862,0x0862,
  0x0862,0x0862,0x0862,0x0862,0x0862,0x0862,0x0862,0x0862,0x0862,0x0862,0x0862,0x0862,0x0862,0x0862,0x0862,0x0862,
  0x0862,0x0862,0x0862,0x0862,0x0862,0x0862,0x0862,0x0862,0x0862,0x0862,0x0862,0x0862,0x0862,0x0862,0x0862,0x0862,
  0x0862,0x0862,0x0862,0x0862,0x126c,0x1ddd,0x1350,0x0862,0x0862,0x0862,0x0862,0x0862,0x0862,0x0862,0x0862,0x0862,
  0x0862,0x0862,0x0862,0x0862,0x0862,0x0862,0x0862,0x0862,0x0862,0x0862,0x0862,0x0862,0x0862,0x0862,0x0862,0x0862,
  0x0862,0x0862,0x0862,0x0862,0x0862,0x0862,0x0862,0x0862,0x0862,0x0862,0x0862,0x0862,0x0862,0x0862,0x0862,0x0862,
  0x0862,0x0862,0x0862,0x0862,0x0862,0x0862,0x0862,0x0862,0x0862,0x0862,0x0862,0x0862,0x0862,0x0862,0x0862,0x0862,
  0x0862,0x0862,0x0862,0x0862,0x0862,0x0862,0x0862,0x0862,0x0862,0x0862,0x0862,0x0862,0x0862,0x0862,0x0862,0x0862,
  0x0862,0x0862,0x0862,0x0862,0x0862,0x0862,0x0862,0x0862,0x0862,0x0862,0x0862,0x0862,0x0862,0x0862,0x0862,0x0862,
  0x0862,0x0862,0x0862,0x0862,0x126c,0x1dfe,0x1371,0x0862,0x0862,0x0862,0x0862,0x0862,0x0862,0x0862,0x0862,0x0862,
  0x0862,0x0862,0x0862,0x0862,0x0862,0x0862,0x0862,0x0862,0x0862,0x0862,0x0862,0x0862,0x0862,0x0862,0x0862,0x0862,
  0x0862,0x0862,0x0862,0x0862,0x0862,0x0862,0x0862,0x0862,0x0862,0x0862,0x0862,0x0862,0x0862,0x0862,0x0862,0x0862,
  0x0862,0x0862,0x0862,0x0862,0x0862,0x0862,0x0862,0x0862,0x0862,0x0862,0x0862,0x0862,0x0862,0x0862,0x0862,0x0862,
  0x0862,0x0862,0x0862,0x0862,0x0862,0x0862,0x0862,0x0862,0x0862,0x0862,0x0862,0x0862,0x0862,0x0862,0x0862,0x0862,
  0x0862,0x0862,0x0862,0x0862,0x0862,0x0862,0x0862,0x0862,0x0862,0x0862,0x0862,0x0862,0x0862,0x0862,0x0862,0x0862,
  0x0862,0x0862,0x0862,0x0862,0x126c,0x1dfe,0x1371,0x0862,0x0862,0x0862,0x0862,0x0862,0x0862,0x0862,0x0862,0x0862,
  0x0862,0x0862,0x0862,0x0862,0x0862,0x0862,0x0862,0x0862,0x0862,0x0862,0x0862,0x0862,0x0862,0x0862,0x0862,0x0862,
  0x0862,0x0862,0x0862,0x0862,0x0862,0x0862,0x0862,0x0862,0x0862,0x0862,0x0862,0x0862,0x0862,0x0862,0x0862,0x0862,
  0x0862,0x0862,0x0862,0x0862,0x0862,0x0862,0x0862,0x0862,0x0862,0x0862,0x0862,0x0862,0x0862,0x0862,0x0862,0x0862,
  0x0862,0x0862,0x0862,0x0862,0x0862,0x0862,0x0862,0x0862,0x0862,0x0862,0x0862,0x0862,0x0862,0x0862,0x0862,0x0862,
  0x0862,0x0862,0x0862,0x0862,0x0862,0x0862,0x0862,0x0862,0x0862,0x0862,0x0862,0x0862,0x0862,0x0862,0x0862,0x0862,
  0x0862,0x0862,0x0862,0x0862,0x126c,0x1dfe,0x1371,0x0862,0x0862,0x0862,0x0862,0x0862,0x0862,0x0862,0x0862,0x0862,
  0x0862,0x0862,0x0862,0x0862,0x0862,0x0862,0x0862,0x0862,0x0862,0x0862,0x0862,0x0862,0x0862,0x0862,0x0862,0x0862,
  0x0862,0x0862,0x0862,0x0862,0x0862,0x0862,0x0862,0x0862,0x0862,0x0862,0x0862,0x0862,0x0862,0x0862,0x0862,0x0862,
  0x0862,0x0862,0x0862,0x0862,0x0862,0x0862,0x0862,0x0862,0x0862,0x0862,0x0862,0x0862,0x0862,0x0862,0x0862,0x0862,
  0x0862,0x0862,0x0862,0x0862,0x0862,0x0862,0x0862,0x0862,0x0862,0x0862,0x0862,0x0862,0x0862,0x0862,0x0862,0x0862,
  0x0862,0x0862,0x0862,0x0862,0x0862,0x0862,0x0862,0x0862,0x0862,0x0862,0x0862,0x0862,0x0862,0x0862,0x0862,0x0862,
  0x0862,0x0862,0x0862,0x0862,0x126c,0x1dfe,0x1371,0x0862,0x0862,0x0862,0x0862,0x0862,0x0862,0x0862,0x0862,0x0862,
  0x0862,0x0862,0x0862,0x0862,0x0862,0x0862,0x0862,0x0862,0x0862,0x0862,0x0862,0x0862,0x0862,0x0862,0x0862,0x0862,
  0x0862,0x0862,0x0862,0x0862,0x0862,0x0862,0x0862,0x0862,0x0862,0x0862,0x0862,0x0862,0x0862,0x0862,0x0862,0x0862,
  0x0862,0x0862,0x0862,0x0862,0x0862,0x0862,0x0862,0x0862,0x0862,0x0862,0x0862,0x0862,0x0862,0x0862,0x0862,0x0862,
  0x0862,0x0862,0x0862,0x0862,0x0862,0x0862,0x0862,0x0862,0x0862,0x0862,0x0862,0x0862,0x0862,0x0862,0x0862,0x0862,
  0x0862,0x0862,0x0862,0x0862,0x0862,0x0862,0x0862,0x0862,0x0862,0x0862,0x0862,0x0862,0x0862,0x0862,0x0862,0x0862,
  0x0862,0x0862,0x0862,0x0862,0x126c,0x1dfe,0x1371,0x0862,0x0862,0x0862,0x0862,0x0862,0x0862,0x0862,0x0862,0x0862,
  0x0862,0x0862,0x0862,0x0862,0x0862,0x0862,0x0862,0x0862,0x0862,0x0862,0x0862,0x0862,0x0862,0x0862,0x0862,0x0862,
  0x0862,0x0862,0x0862,0x0862,0x0862,0x0862,0x0862,0x0862,0x0862,0x0862,0x0862,0x0862,0x0862,0x0862,0x0862,0x0862,
  0x0862,0x0862,0x0862,0x0862,0x0862,0x0862,0x0862,0x0862,0x0862,0x0862,0x0862,0x0862,0x0862,0x0862,0x0862,0x0862,
  0x0862,0x0862,0x0862,0x0862,0x0862,0x0862,0x0862,0x0862,0x0862,0x0862,0x0862,0x0862,0x0862,0x0862,0x0862,0x0862,
  0x0862,0x0862,0x0862,0x0862,0x0862,0x0862,0x0862,0x0862,0x0862,0x0862,0x0862,0x0862,0x0862,0x0862,0x0862,0x0862,
  0x0862,0x0862,0x0862,0x0862,0x126c,0x1dfe,0x1371,0x0862,0x0862,0x0862,0x0862,0x0862,0x0862,0x0862,0x0862,0x0862,
  0x0862,0x0862,0x0862,0x0862,0x0862,0x0862,0x0862,0x0862,0x0862,0x0862,0x0862,0x0862,0x0862,0x0862,0x0862,0x0862,
  0x0862,0x0862,0x0862,0x0862,0x0862,0x0862,0x0862,0x0862,0x0862,0x0862,0x0862,0x0862,0x0862,0x0862,0x0862,0x0862,
  0x0862,0x0862,0x0862,0x0862,0x0862,0x0862,0x0862,0x0862,0x0862,0x0862,0x0862,0x0862,0x0862,0x0862,0x0862,0x0862,
  0x0862,0x0862,0x0862,0x0862,0x0862,0x0862,0x0862,0x0862,0x0862,0x0862,0x0862,0x0862,0x0862,0x0862,0x0862,0x0862,
  0x0862,0x0862,0x0862,0x0862,0x0862,0x0862,0x0862,0x0882,0x0882,0x0882,0x0862,0x0862,0x0862,0x0862,0x0862,0x0862,
  0x0862,0x0862,0x0862,0x0862,0x126c,0x1dfe,0x1371,0x0862,0x0862,0x0862,0x0862,0x0862,0x0862,0x0862,0x0862,0x0862,
  0x0862,0x0862,0x0862,0x0862,0x0862,0x0862,0x0862,0x0862,0x0862,0x0862,0x0862,0x0862,0x0862,0x0862,0x0862,0x0862,
  0x0862,0x0862,0x0862,0x0862,0x0862,0x0862,0x0862,0x0862,0x0862,0x0862,0x0862,0x0862,0x0862,0x0862,0x0862,0x0862,
  0x0862,0x0862,0x0862,0x0862,0x0862,0x0862,0x0862,0x0862,0x0862,0x0862,0x0862,0x0862,0x0862,0x0862,0x0862,0x0862,
  0x0862,0x0862,0x0862,0x0862,0x0862,0x0862,0x0862,0x0862,0x0862,0x0862,0x0862,0x0862,0x0862,0x0862,0x0862,0x0862,
  0x0862,0x0862,0x0882,0x0882,0x0862,0x0862,0x0862,0x632d,0xb5d7,0x4a6a,0x0862,0x0862,0x0862,0x0862,0x0862,0x0862,
  0x0862,0x0862,0x0862,0x0862,0x126c,0x1dfe,0x1371,0x0862,0x0862,0x0862,0x0862,0x0862,0x0862,0x0862,0x0862,0x0862,
  0x0862,0x0862,0x0862,0x0862,0x0862,0x0862,0x0862,0x0862,0x0862,0x0862,0x0862,0x0862,0x0862,0x0862,0x0862,0x0862,
  0x0862,0x0862,0x0862,0x0862,0x0862,0x0862,0x0862,0x0862,0x0862,0x0862,0x0862,0x0862,0x0862,0x0862,0x0862,0x0862,
  0x0862,0x0862,0x0862,0x0862,0x0862,0x0862,0x0862,0x0862,0x0862,0x0862,0x0862,0x0862,0x0862,0x0862,0x0862,0x0862,
  0x0862,0x0862,0x0862,0x0862,0x0862,0x0862,0x0862,0x0862,0x0862,0x0862,0x0862,0x0862,0x0862,0x0862,0x0862,0x0862,
  0x0862,0x0862,0x94d3,0xad96,0x632d,0x2986,0x0882,0x4249,0xd6bb,0x5b0c,0x0862,0x0862,0x424a,0x5b0d,0x3a09,0x0862,
  0x0862,0x0862,0x0862,0x0862,0x126c,0x1dfe,0x1371,0x0862,0x0862,0x0862,0x0862,0x0862,0x0862,0x0862,0x0862,0x0862,
  0x0862,0x0862,0x0862,0x0862,0x0862,0x0862,0x0862,0x0862,0x0862,0x0862,0x0862,0x0862,0x0862,0x0862,0x0862,0x0862,
  0x0862,0x0862,0x0862,0x0862,0x0862,0x0862,0x0862,0x0862,0x0862,0x0862,0x0862,0x0862,0x0862,0x0862,0x0862,0x0862,
  0x0862,0x0862,0x0862,0x0862,0x0862,0x0862,0x0862,0x0862,0x0862,0x0862,0x0862,0x0862,0x0862,0x0862,0x0862,0x0862,
  0x0862,0x0862,0x0862,0x0862,0x0862,0x0862,0x0862,0x0862,0x0862,0x0862,0x0862,0x0862,0x0862,0x0862,0x0862,0x0862,
  0x0862,0x0862,0x6b8e,0xdefc,0xef7e,0xef7e,0xc659,0x634d,0xce9a,0x5b0c,0x0862,0x0862,0x2145,0x5b2e,0x31c8,0x0862,
  0x0862,0x0862,0x0862,0x0862,0x126c,0x1dfe,0x1371,0x0862,0x0862,0x0862,0x0862,0x0862,0x0862,0x0862,0x0862,0x0862,
  0x0862,0x0862,0x0862,0x0862,0x0862,0x0862,0x0862,0x0862,0x0862,0x0862,0x0862,0x0862,0x0862,0x0862,0x0862,0x0862,
  0x0862,0x0862,0x0862,0x0862,0x0862,0x0862,0x0862,0x0862,0x0862,0x0862,0x0862,0x0862,0x0862,0x0862,0x0862,0x0862,
  0x0862,0x0862,0x0862,0x0862,0x0862,0x0862,0x0862,0x0862,0x0862,0x0862,0x0862,0x0862,0x0862,0x0862,0x0862,0x0862,
  0x0862,0x0862,0x0862,0x0862,0x0862,0x0862,0x0862,0x0862,0x0862,0x0862,0x0862,0x0862,0x0862,0x0862,0x0862,0x0862,
  0x0862,0x0862,0x0882,0x1924,0x4249,0x7c10,0xc659,0xe75d,0xe75d,0x5aec,0x0862,0x0862,0x29a7,0x2986,0x1905,0x0862,
  0x0862,0x0862,0x0862,0x0862,0x126c,0x1dfe,0x1371,0x0862,0x0862,0x0862,0x0862,0x0862,0x0862,0x0862,0x0862,0x0862,
  0x0862,0x0862,0x0862,0x0862,0x0862,0x0862,0x0862,0x0862,0x0862,0x0862,0x0862,0x0862,0x0862,0x0862,0x0862,0x0862,
  0x0862,0x0862,0x0862,0x0862,0x0862,0x0862,0x0862,0x0862,0x0862,0x0862,0x0862,0x0862,0x0862,0x0862,0x0862,0x0862,
  0x0862,0x0862,0x0862,0x0862,0x0862,0x0862,0x0862,0x0862,0x0862,0x0862,0x0862,0x0862,0x0862,0x0862,0x0862,0x0862,
  0x0862,0x0862,0x0862,0x0862,0x0862,0x0862,0x0862,0x0862,0x0862,0x0862,0x0862,0x0862,0x0862,0x0862,0x0862,0x0862,
  0x0862,0x0862,0x0862,0x0882,0x4249,0x3a08,0x2145,0x4a6a,0x6b8e,0x2986,0x0862,0x0862,0x4aab,0x424a,0x2966,0x0862,
  0x0862,0x0862,0x0862,0x0862,0x126c,0x1dfe,0x1371,0x0862,0x0862,0x0862,0x0862,0x0862,0x0862,0x0862,0x0862,0x0862,
  0x0862,0x0862,0x0862,0x0862,0x0862,0x0862,0x0862,0x0862,0x0862,0x0862,0x0862,0x0862,0x0862,0x0862,0x0862,0x0862,
  0x0862,0x0862,0x0862,0x0862,0x0862,0x0862,0x0862,0x0862,0x0862,0x0862,0x0862,0x0862,0x0862,0x0862,0x0862,0x0862,
  0x0862,0x0862,0x0862,0x0862,0x0862,0x0862,0x0862,0x0862,0x0862,0x0862,0x0862,0x0862,0x0862,0x0862,0x0862,0x0862,
  0x0862,0x0862,0x0862,0x0862,0x0862,0x0862,0x0862,0x0862,0x0862,0x0862,0x0862,0x0862,0x0862,0x0862,0x0862,0x0862,
  0x0862,0x0862,0x0862,0x10a3,0xdf1c,0xef7e,0xc639,0x52ab,0x10c3,0x0882,0x0862,0x0862,0x634e,0x4acc,0x1905,0x0862,
  0x0862,0x0862,0x0862,0x0862,0x126c,0x1dfe,0x1371,0x0862,0x0862,0x0862,0x0862,0x0862,0x0862,0x0862,0x0862,0x0862,
  0x0862,0x0862,0x0862,0x0862,0x0862,0x0862,0x0862,0x0862,0x0862,0x0862,0x0862,0x0862,0x0862,0x0862,0x0862,0x0862,
  0x0862,0x0862,0x0862,0x0862,0x0862,0x0862,0x0862,0x0862,0x0862,0x0862,0x0862,0x0862,0x0862,0x0862,0x0862,0x0862,
  0x0862,0x0862,0x0862,0x0862,0x0862,0x0862,0x0862,0x0862,0x0862,0x0862,0x0862,0x0862,0x0862,0x0862,0x0862,0x0862,
  0x0862,0x0862,0x0862,0x0862,0x0862,0x0862,0x0862,0x0862,0x0862,0x0862,0x0862,0x0862,0x0862,0x0862,0x0862,0x0862,
  0x0862,0x0862,0x0862,0x10c3,0xe73d,0xb5b7,0xd6bb,0xf7bf,0xd6bb,0x4249,0x0862,0x0862,0x31a7,0x0883,0x2145,0x0862,
  0x0862,0x0862,0x0862,0x0862,0x126c,0x1dfe,0x1371,0x0862,0x0862,0x0862,0x0862,0x0862,0x0862,0x0862,0x0862,0x0862,
  0x0862,0x0862,0x0862,0x0862,0x0862,0x0862,0x0862,0x0862,0x0862,0x0862,0x0862,0x0862,0x0862,0x0862,0x0862,0x0862,
  0x0862,0x0862,0x0862,0x0862,0x0862,0x0862,0x0862,0x0862,0x0862,0x0862,0x0862,0x0862,0x0862,0x0862,0x0862,0x0862,
  0x0862,0x0862,0x0862,0x0862,0x0862,0x0862,0x0862,0x0862,0x0862,0x0862,0x0862,0x0862,0x0862,0x0862,0x0862,0x0862,
  0x0862,0x0862,0x0862,0x0862,0x0862,0x0862,0x0862,0x0862,0x0862,0x0862,0x0862,0x0862,0x0862,0x0862,0x0862,0x0862,
  0x0862,0x0862,0x4a6a,0x73af,0xef7e,0x9d14,0x52ab,0x4a8a,0x94d3,0x4249,0x0862,0x0862,0x4aab,0x5b4e,0x31a7,0x0862,
  0x0862,0x0862,0x0862,0x0862,0x126c,0x1dfe,0x1371,0x0862,0x0862,0x0862,0x0862,0x0862,0x0862,0x0862,0x0862,0x0862,
  0x0862,0x0862,0x0862,0x0862,0x0862,0x0862,0x0862,0x0862,0x0862,0x0862,0x0862,0x0862,0x0862,0x0862,0x0862,0x0862,
  0x0862,0x0862,0x0862,0x0862,0x0862,0x0862,0x0862,0x0862,0x0862,0x0862,0x0862,0x0862,0x0862,0x0862,0x0862,0x0862,
  0x0862,0x0862,0x0862,0x0862,0x0862,0x0862,0x0862,0x0862,0x0862,0x0862,0x0862,0x0862,0x0862,0x0862,0x0862,0x0862,
  0x0862,0x0862,0x0862,0x0862,0x0862,0x0862,0x0862,0x0862,0x0862,0x0862,0x0862,0x0862,0x0862,0x0862,0x0862,0x0862,
  0x0862,0x0862,0x94d3,0xef7e,0xef9e,0xef7e,0x94d3,0x10a3,0x0882,0x0882,0x0862,0x0862,0x10c4,0x0882,0x10c3,0x0862,
  0x0862,0x0862,0x0862,0x0862,0x126c,0x1dfe,0x1371,0x0862,0x0862,0x0862,0x0862,0x0862,0x0862,0x0862,0x0862,0x0862,
  0x0862,0x0862,0x0862,0x0862,0x0862,0x0862,0x0862,0x0862,0x0862,0x0862,0x0862,0x0862,0x0862,0x0862,0x0862,0x0862,
  0x0862,0x0862,0x0862,0x0862,0x0862,0x0862,0x0862,0x0862,0x0862,0x0862,0x0862,0x0862,0x0862,0x0862,0x0862,0x0862,
  0x0862,0x0862,0x0862,0x0862,0x0862,0x0862,0x0862,0x0862,0x0862,0x0862,0x0862,0x0862,0x0862,0x0862,0x0862,0x0862,
  0x0862,0x0862,0x0862,0x0862,0x0862,0x0862,0x0862,0x0862,0x0862,0x0862,0x0862,0x0862,0x0862,0x0862,0x0862,0x0862,
  0x0862,0x0862,0x2125,0x31c7,0x8c72,0x52ab,0x2125,0x0862,0x0862,0x0862,0x0862,0x0862,0x0862,0x0862,0x0862,0x0862,
  0x0862,0x0862,0x0862,0x0862,0x126c,0x1dfe,0x1371,0x0862,0x0862,0x0862,0x0862,0x0862,0x0862,0x0862,0x0862,0x0862,
  0x0862,0x0862,0x0862,0x0862,0x0862,0x0862,0x0862,0x0862,0x0862,0x0862,0x0862,0x0862,0x0862,0x0862,0x0862,0x0862,
  0x0862,0x0862,0x0862,0x0862,0x0862,0x0862,0x0862,0x0862,0x0862,0x0862,0x0862,0x0862,0x0862,0x0862,0x0862,0x0862,
  0x0862,0x0862,0x0862,0x0862,0x0862,0x0862,0x0862,0x0862,0x0862,0x0862,0x0862,0x0862,0x0862,0x0862,0x0862,0x0862,
  0x0862,0x0862,0x0862,0x0862,0x0862,0x0862,0x0862,0x0862,0x0862,0x0862,0x0862,0x0862,0x0862,0x0862,0x0862,0x0862,
  0x0862,0x0862,0x0862,0x0862,0x0862,0x0862,0x0862,0x0862,0x0862,0x0862,0x0862,0x0862,0x0862,0x0862,0x0862,0x0862,
  0x0862,0x0862,0x0862,0x0862,0x126c,0x1dfe,0x1371,0x0862,0x0862,0x0862,0x0862,0x0862,0x0862,0x0862,0x0862,0x0862,
  0x0862,0x0862,0x0862,0x0862,0x0862,0x0862,0x0862,0x0862,0x0862,0x0862,0x0862,0x0862,0x0862,0x0862,0x0862,0x0862,
  0x0862,0x0862,0x0862,0x0862,0x0862,0x0862,0x0862,0x0862,0x0862,0x0862,0x0862,0x0862,0x0862,0x0862,0x0862,0x0862,
  0x0862,0x0862,0x0862,0x0862,0x0862,0x0862,0x0862,0x0862,0x0862,0x0862,0x0862,0x0862,0x0862,0x0862,0x0862,0x0862,
  0x0862,0x0862,0x0862,0x0862,0x0862,0x0862,0x0862,0x0862,0x0862,0x0862,0x0862,0x0862,0x0862,0x0862,0x0862,0x0862,
  0x0862,0x0862,0x0862,0x0862,0x0862,0x0862,0x0862,0x0862,0x0862,0x0862,0x0862,0x0862,0x0862,0x0862,0x0862,0x0862,
  0x0862,0x0862,0x0862,0x0862,0x126c,0x1dfe,0x1371,0x0862,0x0862,0x0862,0x0862,0x0862,0x0862,0x0862,0x0862,0x0862,
  0x0862,0x0862,0x0862,0x0862,0x0862,0x0862,0x0862,0x0862,0x0862,0x0862,0x0862,0x0862,0x0862,0x0862,0x0862,0x0862,
  0x0862,0x0862,0x0862,0x0862,0x0862,0x0862,0x0862,0x0862,0x0862,0x0862,0x0862,0x0862,0x0862,0x0862,0x0862,0x0862,
  0x0862,0x0862,0x0862,0x0862,0x0862,0x0862,0x0862,0x0862,0x0862,0x0862,0x0862,0x0862,0x0862,0x0862,0x0862,0x0862,
  0x0862,0x0862,0x0862,0x0862,0x0862,0x0862,0x0862,0x0862,0x0862,0x0862,0x0862,0x0862,0x0862,0x0862,0x0862,0x0862,
  0x0862,0x0862,0x0862,0x0862,0x0862,0x0862,0x0862,0x0862,0x0862,0x0862,0x0862,0x0862,0x0862,0x0862,0x0862,0x0862,
  0x0862,0x0862,0x0862,0x0862,0x126c,0x1dfe,0x1371,0x0862,0x0862,0x0862,0x0862,0x0862,0x0862,0x0862,0x0862,0x0862,
  0x0862,0x0862,0x0862,0x0862,0x0862,0x0862,0x0862,0x0862,0x0862,0x0862,0x0862,0x0862,0x0862,0x0862,0x0862,0x0862,
  0x0862,0x0862,0x0862,0x0862,0x0862,0x0862,0x0862,0x0862,0x0862,0x0862,0x0862,0x0862,0x0862,0x0862,0x0862,0x0862,
  0x0862,0x0862,0x0862,0x0862,0x0862,0x0862,0x0862,0x0862,0x0862,0x0862,0x0862,0x0862,0x0862,0x0862,0x0862,0x0862,
  0x0862,0x0862,0x0862,0x0862,0x0862,0x0862,0x0862,0x0862,0x0862,0x0862,0x0862,0x0862,0x0862,0x0862,0x0862,0x0862,
  0x0862,0x0862,0x0862,0x0862,0x0862,0x0862,0x0862,0x0862,0x0862,0x0862,0x0862,0x0862,0x0862,0x0862,0x0862,0x0862,
  0x0862,0x0862,0x0862,0x0862,0x126c,0x1dfe,0x1371,0x0862,0x0862,0x0862,0x0862,0x0862,0x0862,0x0862,0x0862,0x0862,
  0x0862,0x0862,0x0862,0x0862,0x0862,0x0862,0x0862,0x0862,0x0862,0x0862,0x0862,0x0862,0x0862,0x0862,0x0862,0x0862,
  0x0862,0x0862,0x0862,0x0862,0x0862,0x0862,0x0862,0x0862,0x0862,0x0862,0x0862,0x0862,0x0862,0x0862,0x0862,0x0862,
  0x0862,0x0862,0x0862,0x0862,0x0862,0x0862,0x0862,0x0862,0x0862,0x0862,0x0862,0x0862,0x0862,0x0862,0x0862,0x0862,
  0x0862,0x0862,0x0862,0x0862,0x0862,0x0862,0x0862,0x0862,0x0862,0x0862,0x0862,0x0862,0x0862,0x0862,0x0862,0x0862,
  0x0862,0x0862,0x0862,0x0862,0x0862,0x0862,0x0862,0x0862,0x0862,0x0862,0x0862,0x0862,0x0862,0x0862,0x0862,0x0862,
  0x0862,0x0862,0x0862,0x0862,0x126c,0x1dfe,0x1371,0x0862,0x0862,0x0862,0x0862,0x0862,0x0862,0x0862,0x0862,0x0862,
  0x0862,0x0862,0x0862,0x0862,0x0862,0x0862,0x0862,0x0862,0x0862,0x0862,0x0862,0x0862,0x0862,0x0862,0x0862,0x0862,
  0x0862,0x0862,0x0862,0x0862,0x0862,0x0862,0x0862,0x0862,0x0862,0x0862,0x0862,0x0862,0x0862,0x0862,0x0862,0x0862,
  0x0862,0x0862,0x0862,0x0862,0x0862,0x0862,0x0862,0x0862,0x0862,0x0862,0x0862,0x0862,0x0862,0x0862,0x0862,0x0862,
  0x0862,0x0862,0x0862,0x0862,0x0862,0x0862,0x0862,0x0862,0x0862,0x0862,0x0862,0x0862,0x0862,0x0862,0x0862,0x0862,
  0x0862,0x0862,0x0862,0x0862,0x0862,0x0862,0x0862,0x0862,0x0862,0x0862,0x0862,0x0862,0x0862,0x0862,0x0862,0x0862,
  0x0862,0x0862,0x0862,0x0862,0x126c,0x1dfe,0x1371,0x0862,0x0862,0x0862,0x0862,0x0862,0x0862,0x0862,0x0862,0x0862,
  0x0862,0x0862,0x0862,0x0862,0x0862,0x0862,0x0862,0x0862,0x0862,0x0862,0x0862,0x0862,0x0862,0x0862,0x0862,0x0862,
  0x0862,0x0862,0x0862,0x0862,0x0862,0x0862,0x0862,0x0862,0x0862,0x0862,0x0862,0x0862,0x0862,0x0862,0x0862,0x0862,
  0x0862,0x0862,0x0862,0x0862,0x0862,0x0862,0x0862,0x0862,0x0862,0x0862,0x0862,0x0862,0x0862,0x0862,0x0862,0x0862,
  0x0862,0x0862,0x0862,0x0862,0x0862,0x0862,0x0862,0x0862,0x0862,0x0862,0x0862,0x0862,0x0862,0x0862,0x0862,0x0862,
  0x0862,0x0862,0x0862,0x0862,0x0862,0x0862,0x0862,0x0862,0x0862,0x0862,0x0862,0x0862,0x0862,0x0862,0x0862,0x0862,
  0x0862,0x0862,0x0862,0x0862,0x126c,0x1dfe,0x1371,0x0862,0x0862,0x0862,0x0862,0x0862,0x0862,0x0862,0x0862,0x0862,
  0x0862,0x0862,0x0862,0x0862,0x0862,0x0862,0x0862,0x0862,0x0862,0x0862,0x0862,0x0862,0x0862,0x0862,0x0862,0x0862,
  0x0862,0x0862,0x0862,0x0862,0x0862,0x0862,0x0862,0x0862,0x0862,0x0862,0x0862,0x0862,0x0862,0x0862,0x0862,0x0862,
  0x0862,0x0862,0x0862,0x0862,0x0862,0x0862,0x0862,0x0862,0x0862,0x0862,0x0862,0x0862,0x0862,0x0862,0x0862,0x0862,
  0x0862,0x0862,0x0862,0x0862,0x0862,0x0862,0x0862,0x0862,0x0862,0x0862,0x0862,0x0862,0x0862,0x0862,0x0862,0x0862,
  0x0862,0x0862,0x0862,0x0862,0x0862,0x0862,0x0862,0x0862,0x0862,0x0862,0x0862,0x0862,0x0862,0x0862,0x0862,0x0862,
  0x0862,0x0862,0x0862,0x0862,0x126c,0x1dfe,0x1371,0x0862,0x0862,0x0862,0x0862,0x0862,0x0862,0x0862,0x0862,0x0862,
  0x0862,0x0862,0x0862,0x0862,0x0862,0x0862,0x0862,0x0862,0x0862,0x0862,0x0862,0x0862,0x0862,0x0862,0x0862,0x0862,
  0x0862,0x0862,0x0862,0x0862,0x0862,0x0862,0x0862,0x0862,0x0862,0x0862,0x0862,0x0862,0x0862,0x0862,0x0862,0x0862,
  0x0862,0x0862,0x0862,0x0862,0x0862,0x0862,0x0862,0x0862,0x0862,0x0862,0x0862,0x0862,0x0862,0x0862,0x0862,0x0862,
  0x0862,0x0862,0x0862,0x0862,0x0862,0x0862,0x0862,0x0862,0x0862,0x0862,0x0862,0x0862,0x0862,0x0862,0x0862,0x0862,
  0x0862,0x0862,0x0862,0x0862,0x0862,0x0862,0x0862,0x0862,0x0862,0x0862,0x0862,0x0862,0x0862,0x0862,0x0862,0x0862,
  0x0862,0x0862,0x0862,0x0862,0x126c,0x1dfe,0x1371,0x0862,0x0862,0x0862,0x0862,0x0862,0x0862,0x0862,0x0862,0x0862,
  0x0862,0x0862,0x0862,0x0862,0x0862,0x0862,0x0862,0x0862,0x0862,0x0862,0x0862,0x0862,0x0862,0x0862,0x0862,0x0862,
  0x0862,0x0862,0x0862,0x0862,0x0862,0x0862,0x0862,0x0862,0x0862,0x0862,0x0862,0x0862,0x0862,0x0862,0x0862,0x0862,
  0x0862,0x0862,0x0862,0x0862,0x0862,0x0862,0x0862,0x0862,0x0862,0x0862,0x0862,0x0862,0x0862,0x0862,0x0862,0x0862,
  0x0862,0x0862,0x0862,0x0862,0x0862,0x0862,0x0862,0x0862,0x0862,0x0862,0x0862,0x0862,0x0862,0x0862,0x0862,0x0862,
  0x0862,0x0862,0x0862,0x0862,0x0862,0x0862,0x0862,0x0862,0x0862,0x0862,0x0862,0x0862,0x0862,0x0862,0x0862,0x0862,
  0x0862,0x0862,0x0862,0x0862,0x126c,0x1dfe,0x1371,0x0862,0x0862,0x0862,0x0862,0x0862,0x0862,0x0862,0x0862,0x0862,
  0x0862,0x0862,0x0862,0x0862,0x0862,0x0862,0x0862,0x0862,0x0862,0x0862,0x0862,0x0862,0x0862,0x0862,0x0862,0x0862,
  0x0862,0x0862,0x0862,0x0862,0x0862,0x0862,0x0862,0x0862,0x0862,0x0862,0x0862,0x0862,0x0862,0x0862,0x0862,0x0862,
  0x0862,0x0862,0x0862,0x0862,0x0862,0x0862,0x0862,0x0862,0x0862,0x0862,0x0862,0x0862,0x0862,0x0862,0x0862,0x0862,
  0x0862,0x0862,0x0862,0x0862,0x0862,0x0862,0x0862,0x0862,0x0862,0x0862,0x0862,0x0862,0x0862,0x0862,0x0862,0x0862,
  0x0862,0x0862,0x0862,0x0862,0x0862,0x0862,0x0862,0x0862,0x0862,0x0862,0x0862,0x0862,0x0862,0x0862,0x0862,0x0862,
  0x0862,0x0862,0x0862,0x0862,0x126c,0x1dfe,0x1371,0x0862,0x0862,0x0862,0x0862,0x0862,0x0862,0x0862,0x0862,0x0862,
  0x0862,0x0862,0x0862,0x0862,0x0862,0x0862,0x0862,0x0862,0x0862,0x0862,0x0862,0x0862,0x0862,0x0862,0x0862,0x0862,
  0x0862,0x0862,0x0862,0x0862,0x0862,0x0862,0x0862,0x0862,0x0862,0x0862,0x0862,0x0862,0x0862,0x0862,0x0862,0x0862,
  0x0862,0x0862,0x0862,0x0862,0x0862,0x0862,0x0862,0x0862,0x0862,0x0862,0x0862,0x0862,0x0862,0x0862,0x0862,0x0862,
  0x0862,0x0862,0x0862,0x0862,0x0862,0x0862,0x0862,0x0862,0x0862,0x0862,0x0862,0x0862,0x0862,0x0862,0x0862,0x0862,
  0x0862,0x0862,0x0862,0x0862,0x08a3,0x08a3,0x08a3,0x08a3,0x08a3,0x08a3,0x08a3,0x08a3,0x08a3,0x08a3,0x0862,0x0862,
  0x0862,0x0862,0x0862,0x0862,0x126c,0x1dfe,0x1371,0x0862,0x0862,0x0862,0x0862,0x0862,0x0862,0x0862,0x0862,0x0862,
  0x0862,0x0862,0x0862,0x0862,0x0862,0x0862,0x0862,0x0862,0x0862,0x0862,0x0862,0x0862,0x0862,0x0862,0x0862,0x0862,
  0x0862,0x0862,0x0862,0x0862,0x0862,0x0862,0x0862,0x0862,0x0862,0x0862,0x0862,0x0862,0x0862,0x0862,0x0862,0x0862,
  0x0862,0x0862,0x0862,0x0862,0x0862,0x0862,0x0862,0x0862,0x0862,0x0862,0x0862,0x0862,0x0862,0x0862,0x0862,0x0862,
  0x0862,0x0862,0x0862,0x0862,0x0862,0x0862,0x0862,0x0862,0x0862,0x0862,0x0862,0x0862,0x0862,0x0862,0x0862,0x0862,
  0x0862,0x0862,0x0862,0x0862,0x0862,0x0862,0x0862,0x0862,0x0862,0x0862,0x0862,0x0862,0x0862,0x0862,0x0862,0x0862,
  0x0862,0x0862,0x0862,0x0862,0x126c,0x1dfe,0x1371,0x0862,0x0862,0x0862,0x0862,0x0862,0x0862,0x0862,0x0862,0x0862,
  0x0862,0x0862,0x0862,0x0862,0x0862,0x0862,0x0862,0x0862,0x0862,0x0862,0x0862,0x0862,0x0862,0x0862,0x0862,0x0862,
  0x0862,0x0862,0x0862,0x0862,0x0862,0x0862,0x0862,0x0862,0x0862,0x0862,0x0862,0x0862,0x0862,0x0862,0x0862,0x0862,
  0x0862,0x0862,0x0862,0x0862,0x0862,0x0862,0x0862,0x0862,0x0862,0x0862,0x0862,0x0862,0x0862,0x0862,0x0862,0x0862,
  0x0862,0x0862,0x0862,0x0862,0x0862,0x0862,0x0862,0x0862,0x0862,0x0862,0x0862,0x0862,0x0862,0x0862,0x0862,0x0862,
  0x0862,0x0862,0x0862,0x0862,0x0862,0x0862,0x0862,0x0862,0x0862,0x0862,0x0862,0x0862,0x0862,0x0862,0x0862,0x0862,
  0x0862,0x0862,0x0862,0x0862,0x126c,0x1dfe,0x1371,0x0862,0x0862,0x0862,0x0862,0x0862,0x0862,0x0862,0x0862,0x0862,
  0x0862,0x0862,0x0862,0x0862,0x0862,0x0862,0x0862,0x0862,0x0862,0x0862,0x0862,0x0862,0x0862,0x0862,0x0862,0x0862,
  0x0862,0x0862,0x0862,0x0862,0x0862,0x0862,0x0862,0x0862,0x0862,0x0862,0x0862,0x0862,0x0862,0x0862,0x0862,0x0862,
  0x0862,0x0862,0x0862,0x0862,0x0862,0x0862,0x0862,0x0862,0x0862,0x0862,0x0862,0x0862,0x0862,0x0862,0x0862,0x0862,
  0x0862,0x0862,0x0862,0x0862,0x0862,0x0862,0x0862,0x0862,0x0862,0x0862,0x0862,0x0862,0x0862,0x0862,0x0862,0x0862,
  0x0862,0x0862,0x0862,0x0862,0x0862,0x0862,0x0862,0x0862,0x0862,0x0862,0x0862,0x0862,0x0862,0x0862,0x0862,0x0862,
  0x0862,0x0862,0x0862,0x0862,0x126c,0x1dfe,0x1371,0x0862,0x0862,0x0862,0x0862,0x0862,0x0862,0x0862,0x0862,0x0862,
  0x0862,0x0862,0x0862,0x0862,0x0862,0x0862,0x0862,0x0862,0x0862,0x0862,0x0862,0x0862,0x0862,0x0862,0x0862,0x0862,
  0x0862,0x0862,0x0862,0x0862,0x0862,0x0862,0x0862,0x0862,0x0862,0x0862,0x0862,0x0862,0x0862,0x0862,0x0862,0x0862,
  0x0862,0x0862,0x0862,0x0862,0x0862,0x0862,0x0862,0x0862,0x0862,0x0862,0x0862,0x0862,0x0862,0x0862,0x0862,0x0862,
  0x0862,0x0862,0x0862,0x0862,0x0862,0x0862,0x0862,0x0862,0x0862,0x0862,0x0862,0x0862,0x0862,0x0862,0x0862,0x0862,
  0x0862,0x0862,0x0862,0x0862,0x0862,0x0862,0x0862,0x0862,0x0862,0x0862,0x0862,0x0862,0x0862,0x0862,0x0862,0x0862,
  0x0862,0x0862,0x0862,0x0862,0x126c,0x1dfe,0x1371,0x0862,0x0862,0x0862,0x0862,0x0862,0x0862,0x0862,0x0862,0x0862,
  0x0862,0x0862,0x0862,0x0862,0x0862,0x0862,0x0862,0x0862,0x0862,0x0862,0x0862,0x0862,0x0862,0x0862,0x0862,0x0862,
  0x0862,0x0862,0x0862,0x0862,0x0862,0x0862,0x0862,0x0862,0x0862,0x0862,0x0862,0x0862,0x0862,0x0862,0x0862,0x0862,
  0x0862,0x0862,0x0862,0x0862,0x0862,0x0862,0x0862,0x0862,0x0862,0x0862,0x0862,0x0862,0x0862,0x0862,0x0862,0x0862,
  0x0862,0x0862,0x0862,0x0862,0x0862,0x0862,0x0862,0x0862,0x0862,0x0862,0x0862,0x0862,0x0862,0x0862,0x0862,0x0862,
  0x0862,0x0862,0x0862,0x0882,0x4a8a,0x31a7,0x10a3,0x0862,0x0862,0x0862,0x0862,0x0862,0x0862,0x0862,0x0862,0x0862,
  0x0862,0x0862,0x0862,0x0862,0x126c,0x1dfe,0x1371,0x0862,0x0862,0x0862,0x0862,0x0862,0x0862,0x0862,0x0862,0x0862,
  0x0862,0x0862,0x0862,0x0862,0x0862,0x0862,0x0862,0x0862,0x0862,0x0862,0x0862,0x0862,0x0862,0x0862,0x0862,0x0862,
  0x0862,0x0862,0x0862,0x0862,0x0862,0x0862,0x0862,0x0862,0x0862,0x0862,0x0862,0x0862,0x0862,0x0862,0x0862,0x0862,
  0x0862,0x0862,0x0862,0x0862,0x0862,0x0862,0x0862,0x0862,0x0862,0x0862,0x0862,0x0862,0x0862,0x0862,0x0862,0x0862,
  0x0862,0x0862,0x0862,0x0862,0x0862,0x0862,0x0862,0x0862,0x0862,0x0862,0x0862,0x0862,0x0862,0x0862,0x0862,0x0862,
  0x0862,0x0862,0x0862,0x10a3,0xdefc,0xe75d,0xc639,0x8451,0x31a7,0x0882,0x0862,0x0862,0x0862,0x0862,0x0862,0x0862,
  0x0862,0x0862,0x0862,0x0862,0x126c,0x1dfe,0x1371,0x0862,0x0862,0x0862,0x0862,0x0862,0x0862,0x0862,0x0862,0x0862,
  0x0862,0x0862,0x0862,0x0862,0x0862,0x0862,0x0862,0x0862,0x0862,0x0862,0x0862,0x0862,0x0862,0x0862,0x0862,0x0862,
  0x0862,0x0862,0x0862,0x0862,0x0862,0x0862,0x0862,0x0862,0x0862,0x0862,0x0862,0x0862,0x0862,0x0862,0x0862,0x0862,
  0x0862,0x0862,0x0862,0x0862,0x0862,0x0862,0x0862,0x0862,0x0862,0x0862,0x0862,0x0862,0x0862,0x0862,0x0862,0x0862,
  0x0862,0x0862,0x0862,0x0862,0x0862,0x0862,0x0862,0x0862,0x0862,0x0862,0x0862,0x0862,0x0862,0x0862,0x0862,0x0862,
  0x0862,0x0862,0x0882,0x18e4,0xe73d,0xb5b7,0xbdf8,0xdf1c,0xdefc,0x4a6a,0x0862,0x0862,0x0862,0x0862,0x0862,0x0862,
  0x0862,0x0862,0x0862,0x0862,0x126c,0x1dfe,0x1371,0x0862,0x0862,0x0862,0x0862,0x0862,0x0862,0x0862,0x0862,0x0862,
  0x0862,0x0862,0x0862,0x0862,0x0862,0x0862,0x0862,0x0862,0x0862,0x0862,0x0862,0x0862,0x0862,0x0862,0x0862,0x0862,
  0x0862,0x0862,0x0862,0x0862,0x0862,0x0862,0x0862,0x0862,0x0862,0x0862,0x0862,0x0862,0x0862,0x0862,0x0862,0x0862,
  0x0862,0x0862,0x0862,0x0862,0x0862,0x0862,0x0862,0x0862,0x0862,0x0862,0x0862,0x0862,0x0862,0x0862,0x0862,0x0862,
  0x0862,0x0862,0x0862,0x0862,0x0862,0x0862,0x0862,0x0862,0x0862,0x0862,0x0862,0x0862,0x0862,0x0862,0x0862,0x0862,
  0x0862,0x0862,0x5b0c,0x94b3,0xe75d,0xb5b7,0x632d,0x2145,0x8451,0x4a8a,0x0862,0x0862,0x0862,0x0862,0x0862,0x0862,
  0x0862,0x0862,0x0862,0x0862,0x126c,0x1dfe,0x1371,0x0862,0x0862,0x0862,0x0862,0x0862,0x0862,0x0862,0x0862,0x0862,
  0x0862,0x0862,0x0862,0x0862,0x0862,0x0862,0x0862,0x0862,0x0862,0x0862,0x0862,0x0862,0x0862,0x0862,0x0862,0x0862,
  0x0862,0x0862,0x0862,0x0862,0x0862,0x0862,0x0862,0x0862,0x0862,0x0862,0x0862,0x0862,0x0862,0x0862,0x0862,0x0862,
  0x0862,0x0862,0x0862,0x0862,0x0862,0x0862,0x0862,0x0862,0x0862,0x0862,0x0862,0x0862,0x0862,0x0862,0x0862,0x0862,
  0x0862,0x0862,0x0862,0x0862,0x0862,0x0862,0x0862,0x0862,0x0862,0x0862,0x0862,0x0862,0x0862,0x0862,0x0862,0x0862,
  0x0862,0x0862,0x9cf4,0xe75d,0xf7bf,0xef7e,0x94d3,0x0882,0x0862,0x0862,0x0862,0x0862,0x0862,0x0862,0x0862,0x0862,
  0x0862,0x0862,0x0862,0x0862,0x126c,0x1dfe,0x1371,0x0862,0x0862,0x0862,0x0862,0x0862,0x0862,0x0862,0x0862,0x0862,
  0x0862,0x0862,0x0862,0x0862,0x0862,0x0862,0x0862,0x0862,0x0862,0x0862,0x0862,0x0862,0x0862,0x0862,0x0882,0x0882,
  0x0862,0x0862,0x0862,0x0862,0x0862,0x0862,0x0862,0x0862,0x0862,0x0862,0x0862,0x0862,0x0862,0x0862,0x0862,0x0862,
  0x0862,0x0862,0x0862,0x0862,0x0862,0x0862,0x0862,0x0862,0x0862,0x0862,0x0862,0x0862,0x0862,0x0862,0x0862,0x0862,
  0x0862,0x0862,0x0862,0x0862,0x0862,0x0862,0x0862,0x0862,0x0862,0x0862,0x0862,0x0862,0x0862,0x0862,0x0862,0x0862,
  0x0862,0x0862,0x10a3,0x18e4,0x8431,0x39e8,0x0882,0x10c3,0x0862,0x0862,0x0862,0x0862,0x0862,0x0862,0x0862,0x0862,
  0x0862,0x0862,0x0862,0x0862,0x126c,0x1dfe,0x1371,0x0862,0x0862,0x0862,0x0862,0x0862,0x0862,0x0862,0x0862,0x0862,
  0x0862,0x0862,0x0862,0x0862,0x0862,0x0862,0x0862,0x0862,0x0862,0x0862,0x10a3,0x3a08,0x6b6e,0x94b3,0xb5d7,0xce7a,
  0x94b3,0x0882,0x0862,0x0862,0x0862,0x0862,0x0862,0x0862,0x0862,0x0862,0x0862,0x0862,0x0862,0x0862,0x0862,0x0862,
  0x0862,0x0862,0x1904,0x4249,0x4a6a,0x4a6a,0x4a6a,0x4249,0x2125,0x0862,0x0862,0x0862,0x0862,0x0862,0x0862,0x0862,
  0x0862,0x0862,0x0862,0x0862,0x0862,0x0862,0x0862,0x0862,0x0862,0x0862,0x0862,0x0862,0x0862,0x0862,0x0862,0x0862,
  0x0862,0x0862,0x94b3,0xbe18,0x1904,0x0882,0x2986,0xdefc,0x8431,0x10a3,0x0862,0x0862,0x0862,0x0862,0x0862,0x0862,
  0x0862,0x0862,0x0862,0x0862,0x126c,0x1dfe,0x1371,0x0862,0x0862,0x0862,0x0862,0x0862,0x0862,0x0862,0x0862,0x0862,
  0x0862,0x0862,0x0862,0x0862,0x0862,0x0862,0x0862,0x0862,0x0882,0x4229,0xce9a,0xef9e,0xf7bf,0xf7bf,0xf7df,0xf7bf,
  0xbdf8,0x10a3,0x0862,0x0862,0x0862,0x0862,0x0862,0x0862,0x0862,0x0862,0x0862,0x0862,0x0862,0x0862,0x0862,0x0862,
  0x0862,0x0862,0x8451,0xef7e,0xef9e,0xef9e,0xef9e,0xef9e,0x9cf4,0x0882,0x0862,0x0862,0x0862,0x0862,0x0862,0x0862,
  0x0862,0x0862,0x0862,0x0862,0x0862,0x0862,0x0862,0x0862,0x0862,0x0862,0x0862,0x0862,0x0862,0x0862,0x0862,0x0862,
  0x0862,0x0862,0xa535,0xf7bf,0xd6bb,0x4a8a,0x2145,0x9d14,0xdf1c,0x4249,0x0862,0x0862,0x0882,0x0882,0x0862,0x0862,
  0x0862,0x0862,0x0862,0x0862,0x126c,0x1dfe,0x1371,0x0862,0x0862,0x0862,0x0862,0x0862,0x0862,0x0862,0x0862,0x0862,
  0x0862,0x0862,0x0862,0x0862,0x0862,0x0862,0x0862,0x18e4,0x8c72,0xe75d,0xf7df,0xf7df,0xf7df,0xf7df,0xf7df,0xf7df,
  0xbdf8,0x10a3,0x0862,0x0862,0x0862,0x0862,0x0862,0x0862,0x0862,0x0862,0x0862,0x0862,0x0862,0x0862,0x0862,0x0862,
  0x0862,0x0862,0x8c92,0xf7bf,0xf7df,0xf7df,0xf7df,0xf7df,0xa535,0x0882,0x0862,0x0862,0x0862,0x0862,0x0862,0x0862,
  0x0862,0x0862,0x0862,0x0862,0x0862,0x0862,0x0862,0x0862,0x0862,0x0862,0x0862,0x0862,0x0862,0x0862,0x0862,0x0862,
  0x0862,0x0862,0xa535,0xc639,0xbdf8,0xe73d,0x7bf0,0x52ab,0xd6bb,0x5aec,0x0862,0x0862,0x426a,0x52ec,0x3a09,0x0862,
  0x0862,0x0862,0x0862,0x0862,0x126c,0x1dfe,0x1371,0x0862,0x0862,0x0862,0x0862,0x0862,0x0862,0x0862,0x0862,0x0862,
  0x0862,0x0862,0x0862,0x0862,0x0862,0x0862,0x10a3,0x8451,0xf7bf,0xf7df,0xf7df,0xf7df,0xf7df,0xf7df,0xf7df,0xf7df,
  0xbdf8,0x10a3,0x0862,0x0862,0x0862,0x0862,0x0862,0x0862,0x0862,0x0862,0x0862,0x0862,0x0862,0x0862,0x0862,0x0862,
  0x0862,0x0862,0x8c92,0xf7bf,0xf7df,0xf7df,0xf7df,0xf7df,0xa535,0x0882,0x0862,0x0862,0x0862,0x0862,0x0862,0x0862,
  0x0862,0x0862,0x0862,0x0862,0x0862,0x0862,0x0862,0x0862,0x0862,0x0862,0x0862,0x0862,0x0862,0x0862,0x0862,0x0862,
  0x0862,0x0862,0x9d14,0xa535,0x10a3,0x9d14,0xef7e,0xef7e,0xd6db,0x2145,0x0862,0x0862,0x5b0d,0x6baf,0x424a,0x0862,
  0x0862,0x0862,0x0862,0x0862,0x126c,0x1dfe,0x1371,0x0862,0x0862,0x0862,0x0862,0x0862,0x0862,0x0862,0x0862,0x0862,
  0x0862,0x0862,0x0862,0x0862,0x0862,0x0862,0x634d,0xef9e,0xf7df,0xf7df,0xf7df,0xf7df,0xf7df,0xf7df,0xf7df,0xf7df,
  0xbdf8,0x10a3,0x0862,0x0862,0x0862,0x0862,0x0862,0x0862,0x0862,0x0882,0x10a3,0x0882,0x0862,0x0862,0x0862,0x0862,
  0x0862,0x0862,0x8c92,0xf7bf,0xf7df,0xf7df,0xf7df,0xf7df,0xa535,0x0882,0x0862,0x0862,0x0862,0x0862,0x0862,0x0862,
  0x0862,0x0862,0x0862,0x0862,0x0862,0x0862,0x0862,0x0862,0x0862,0x0862,0x0862,0x0862,0x0862,0x0862,0x0862,0x0862,
  0x0862,0x0862,0x52ab,0x52ab,0x0862,0x0882,0x4229,0x52cb,0x2966,0x0862,0x0862,0x0862,0x2986,0x29a7,0x1925,0x0862,
  0x0862,0x0862,0x0862,0x0862,0x126c,0x1dfe,0x1371,0x0862,0x0862,0x0862,0x0862,0x0862,0x0862,0x0862,0x0862,0x0862,
  0x0862,0x0862,0x0862,0x0862,0x0862,0x10c3,0xce7a,0xf7df,0xf7df,0xf7df,0xf7df,0xf7df,0xf7df,0xf7df,0xf7df,0xf7df,
  0xbdf8,0x10a3,0x0862,0x0862,0x0862,0x0862,0x0862,0x0862,0x10a3,0x7c30,0xdf1c,0x5aec,0x0862,0x0862,0x0862,0x0862,
  0x0862,0x0862,0x8c92,0xf7bf,0xf7df,0xf7df,0xf7df,0xf7df,0xa535,0x0882,0x0862,0x0862,0x0862,0x0862,0x0862,0x0862,
  0x0862,0x0862,0x0862,0x0862,0x0862,0x0862,0x0862,0x0862,0x0862,0x0862,0x0862,0x0862,0x0862,0x0862,0x0862,0x0862,
  0x0862,0x0862,0x2966,0x7bf0,0x10c3,0x2125,0x8431,0x10a3,0x0862,0x0862,0x0862,0x0862,0x31c8,0x31c8,0x2145,0x0862,
  0x0862,0x0862,0x0862,0x0862,0x128d,0x1dfe,0x1371,0x0862,0x0862,0x0862,0x0862,0x0862,0x0862,0x0862,0x0862,0x0862,
  0x0862,0x0862,0x0862,0x0862,0x0862,0x5b0c,0xef9e,0xf7df,0xf7df,0xf7df,0xf7df,0xf7df,0xf7df,0xf7df,0xf7df,0xf7df,
  0xbdf8,0x10a3,0x0862,0x0862,0x0862,0x0862,0x0862,0x10c3,0x94b3,0xf7bf,0xf7df,0xef7e,0x632d,0x0882,0x0862,0x0862,
  0x0862,0x0862,0x8c92,0xf7bf,0xf7df,0xf7df,0xf7df,0xf7df,0xa535,0x0882,0x0862,0x0862,0x0862,0x0862,0x0862,0x0862,
  0x0862,0x0862,0x0862,0x0862,0x0862,0x0862,0x0862,0x0862,0x0862,0x0862,0x0862,0x0862,0x0862,0x0862,0x0862,0x0862,
  0x0862,0x0862,0x4a8a,0xd6bb,0x10c3,0x4249,0xdf1c,0x10a3,0x0862,0x0862,0x0862,0x0862,0x6baf,0x5b2d,0x4a8b,0x0882,
  0x0862,0x0862,0x0882,0x08a3,0x12ad,0x25fe,0x1392,0x08a3,0x0882,0x0862,0x0862,0x0862,0x0862,0x0862,0x0862,0x0862,
  0x0862,0x0862,0x0862,0x0862,0x0862,0xce9a,0xf7df,0xf7df,0xf7df,0xf7df,0xf7df,0xf7df,0xef9e,0xdefc,0xa555,0x73cf,
  0x3a08,0x0862,0x0862,0x0862,0x0862,0x0862,0x18e4,0xbe18,0xf7bf,0xf7df,0xf7df,0xf7df,0xef7e,0x52cb,0x0882,0x0862,
  0x0862,0x0862,0x8c92,0xf7bf,0xf7df,0xf7df,0xf7df,0xf7df,0xa535,0x0882,0x0862,0x0862,0x0862,0x0862,0x0862,0x0862,
  0x0862,0x0862,0x0862,0x0862,0x0862,0x0862,0x0862,0x0862,0x0862,0x0862,0x0862,0x0862,0x0862,0x0862,0x0862,0x0862,
  0x0862,0x0862,0x10a3,0x2145,0x0882,0x0882,0x2966,0x0882,0x0862,0x0862,0x0862,0x0862,0x4aab,0x4a8b,0x31c8,0x0862,
  0x0862,0x0882,0x08a3,0x08e4,0x12ef,0x25fe,0x13d3,0x08e5,0x08c4,0x0882,0x0862,0x0862,0x0862,0x0862,0x0862,0x0862,
  0x0862,0x0862,0x0862,0x0862,0x1904,0xef7e,0xf7df,0xf7df,0xf7df,0xf7df,0xf7df,0xe75d,0x5aec,0x1904,0x10a3,0x0882,
  0x0862,0x0862,0x0862,0x0862,0x0862,0x0862,0x6b8e,0xef9e,0xf7df,0xf7df,0xf7df,0xf7df,0xf7df,0xef7e,0x6b6e,0x10a3,
  0x0862,0x0862,0x8c92,0xf7bf,0xf7df,0xf7df,0xf7df,0xf7df,0xa535,0x0882,0x0862,0x0862,0x0862,0x0862,0x0862,0x0862,
  0x0862,0x0862,0x0862,0x0862,0x0862,0x0862,0x0862,0x0862,0x0862,0x0862,0x0862,0x0862,0x0862,0x0862,0x0862,0x0862,
  0x0862,0x0862,0x0862,0x0862,0x0862,0x0862,0x0862,0x10a3,0x1904,0x0882,0x0862,0x0862,0x31a7,0x31c7,0x2145,0x0862,
  0x0862,0x08a3,0x08e5,0x0946,0x1350,0x25fe,0x1c14,0x0967,0x0905,0x08a3,0x0882,0x0862,0x0862,0x0862,0x0862,0x0862,
  0x0862,0x0862,0x0862,0x0862,0x2986,0xef9e,0xf7df,0xf7df,0xf7df,0xf7df,0xf7df,0x632d,0x0882,0x0862,0x0862,0x0862,
  0x0862,0x0862,0x0862,0x0862,0x0862,0x0862,0x3a08,0xef9e,0xf7df,0xf7df,0xf7df,0xf7df,0xf7df,0xf7df,0xef7e,0x6b8e,
  0x10a3,0x0862,0x8c92,0xf7bf,0xf7df,0xf7df,0xf7df,0xf7df,0xa535,0x0882,0x0862,0x0862,0x0862,0x0862,0x0862,0x0862,
  0x0862,0x0862,0x0862,0x0862,0x0862,0x0862,0x0862,0x0862,0x0862,0x0862,0x0862,0x0862,0x0862,0x0862,0x0862,0x0862,
  0x0862,0x0862,0x0882,0x10a3,0x10a3,0x10a3,0x10a3,0x2986,0xd6bb,0x2125,0x0862,0x0862,0x4aab,0x4a8b,0x3a09,0x0882,
  0x0882,0x08c4,0x0926,0x09c9,0x33f2,0x9efe,0x4cd6,0x09e9,0x0946,0x08e4,0x0883,0x0862,0x0862,0x0862,0x0862,0x0862,
  0x0862,0x0862,0x0862,0x0862,0x31a7,0xef9e,0xf7df,0xf7df,0xf7df,0xf7df,0xef7e,0x10c3,0x0862,0x0862,0x0862,0x0862,
  0x0862,0x0862,0x0862,0x0862,0x0862,0x0862,0x0862,0xd6db,0xf7df,0xf7df,0xf7df,0xf7df,0xf7df,0xf7df,0xf7df,0xef7e,
  0x6b8e,0x10a3,0x8c92,0xf7bf,0xf7df,0xf7df,0xf7df,0xf7df,0xa535,0x0882,0x0862,0x0862,0x0862,0x0862,0x0862,0x0862,
  0x0862,0x0862,0x0862,0x0862,0x0862,0x0862,0x0862,0x0862,0x0862,0x0862,0x0862,0x0862,0x0862,0x0862,0x0862,0x0862,
  0x0862,0x0862,0x8c72,0xce9a,0xce9a,0xce9a,0xce9a,0xd6bb,0xef7e,0x5aec,0x0862,0x0862,0x18e4,0x0882,0x10c4,0x0862,
  0x0883,0x08e4,0x0947,0x120a,0xbe5a,0xf7df,0xef7e,0x2acd,0x0967,0x08e5,0x08a3,0x0862,0x0862,0x0862,0x0862,0x0862,
  0x0862,0x0862,0x0862,0x0862,0x31a7,0xef9e,0xf7df,0xf7df,0xf7df,0xf7df,0xef9e,0x10c3,0x0862,0x0862,0x0862,0x0862,
  0x0862,0x0862,0x0862,0x0862,0x0862,0x0862,0x0862,0xdefc,0xf7df,0xf7df,0xf7df,0xf7df,0xf7df,0xf7df,0xf7df,0xf7df,
  0xef9e,0x7bf0,0x94b3,0xf7bf,0xf7df,0xf7df,0xf7df,0xf7df,0xa535,0x0882,0x0862,0x0862,0x0862,0x0862,0x0862,0x0862,
  0x0862,0x0862,0x0862,0x0862,0x0862,0x0862,0x0862,0x0862,0x0862,0x0862,0x0862,0x0862,0x0862,0x0862,0x0862,0x0862,
  0x0862,0x0862,0x632d,0x94b3,0x94b3,0x94b3,0x94b3,0x94b3,0x8c92,0x39e8,0x0862,0x0862,0x0862,0x0862,0x0862,0x0862,
  0x0882,0x08e4,0x0946,0x120a,0xa5f8,0xf7df,0xdf1d,0x228c,0x0967,0x08e4,0x0883,0x0862,0x0862,0x0862,0x0862,0x0862,
  0x0862,0x0862,0x0862,0x0862,0x2986,0xef9e,0xf7df,0xf7df,0xf7df,0xf7df,0xf7df,0x73af,0x10a3,0x0862,0x0862,0x0862,
  0x0862,0x0862,0x0862,0x0862,0x0862,0x0862,0x4229,0xef9e,0xf7df,0xf7df,0xf7df,0xf7df,0xf7df,0xf7df,0xf7df,0xf7df,
  0xf7df,0xf7bf,0xdf1c,0xf7df,0xf7df,0xf7df,0xf7df,0xf7df,0xa535,0x0882,0x0862,0x0862,0x0862,0x0862,0x0862,0x0862,
  0x0862,0x0862,0x0862,0x0862,0x0862,0x0862,0x0862,0x0862,0x0862,0x0862,0x0862,0x0862,0x0862,0x0862,0x0862,0x0862,
  0x0862,0x0862,0x0882,0x0882,0x10a3,0x0882,0x0882,0x0882,0x0882,0x0862,0x0862,0x0862,0x0862,0x0862,0x0862,0x0862,
  0x0882,0x08c4,0x0926,0x09a8,0x1a6c,0x4bb1,0x22ad,0x09c9,0x0926,0x08c4,0x0882,0x0862,0x0862,0x0862,0x0862,0x0862,
  0x0862,0x0862,0x0862,0x0862,0x18e4,0xef7e,0xf7df,0xf7df,0xf7df,0xf7df,0xf7df,0xef9e,0x6b8e,0x10c3,0x0882,0x0862,
  0x0862,0x0862,0x0862,0x0882,0x10c3,0x52cb,0xe73d,0xf7df,0xf7df,0xf7df,0xf7df,0xf7df,0xf7df,0xf7df,0xf7df,0xf7df,
  0xf7df,0xf7df,0xf7df,0xf7df,0xf7df,0xf7df,0xf7df,0xf7df,0xa535,0x0882,0x0862,0x0862,0x0862,0x0862,0x0862,0x0862,
  0x0862,0x0862,0x0862,0x0862,0x0862,0x0862,0x0862,0x0862,0x0862,0x0862,0x0862,0x0862,0x0862,0x0862,0x0862,0x0862,
  0x0862,0x0862,0x10c3,0x7bf0,0xa535,0x6b8e,0x6b6e,0x9d14,0x52ab,0x0882,0x0862,0x0862,0x0862,0x0862,0x0862,0x0862,
  0x0862,0x08a3,0x08e4,0x0926,0x11a8,0x1a2a,0x11c9,0x0946,0x08e5,0x08a3,0x0862,0x0862,0x0862,0x0862,0x0862,0x0862,
  0x0862,0x0862,0x0862,0x0862,0x0862,0xbdf8,0xf7df,0xf7df,0xf7df,0xf7df,0xf7df,0xf7df,0xef9e,0xce9a,0xb5b7,0x9cf4,
  0x94b3,0x94b3,0x94d3,0xad96,0xce7a,0xef7e,0xf7df,0xf7df,0xf7df,0xf7df,0xf7bf,0xdf1c,0xf7df,0xf7df,0xf7df,0xf7df,
  0xf7df,0xf7df,0xf7df,0xf7df,0xf7df,0xf7df,0xf7df,0xf7df,0xa535,0x0882,0x0862,0x0862,0x0862,0x0862,0x0862,0x0862,
  0x0862,0x0862,0x0862,0x0862,0x0862,0x0862,0x0862,0x0862,0x0862,0x0862,0x0862,0x0862,0x0862,0x0862,0x0862,0x0862,
  0x0862,0x0862,0x73cf,0xe73d,0xc639,0xe73d,0xe75d,0xce7a,0xdefc,0x31c7,0x0862,0x0862,0x0862,0x0862,0x0862,0x0862,
  0x0862,0x0862,0x08a3,0x08c4,0x0926,0x1988,0x1146,0x08e4,0x08a3,0x0882,0x0862,0x0862,0x0862,0x0862,0x0862,0x0862,
  0x0862,0x0862,0x0862,0x0862,0x0862,0x4a8a,0xef7e,0xf7df,0xf7df,0xf7df,0xf7df,0xf7df,0xf7df,0xf7df,0xf7df,0xf7df,
  0xf7df,0xf7df,0xf7df,0xf7df,0xf7df,0xf7df,0xf7df,0xf7df,0xf7df,0xf7df,0xe73d,0x3a08,0xc639,0xf7bf,0xf7df,0xf7df,
  0xf7df,0xf7df,0xf7df,0xf7df,0xf7df,0xf7df,0xf7df,0xf7df,0xa535,0x0882,0x0862,0x0862,0x0862,0x0862,0x0862,0x0862,
  0x0862,0x0862,0x0862,0x0862,0x0862,0x0862,0x0862,0x0862,0x0862,0x0862,0x0862,0x0862,0x0862,0x0862,0x0862,0x0862,
  0x0862,0x0862,0xa535,0xb5b7,0x2145,0xb5b7,0xb5d7,0x2986,0xce7a,0x5b0c,0x0862,0x0862,0x0862,0x0862,0x0862,0x0862,
  0x0862,0x0862,0x0862,0x0883,0x08e4,0x1146,0x10e5,0x0883,0x0862,0x0862,0x0862,0x0862,0x0862,0x0862,0x0862,0x0862,
  0x0862,0x0862,0x0862,0x0862,0x0862,0x10a3,0xbe18,0xf7df,0xf7df,0xf7df,0xf7df,0xf7df,0xf7df,0xf7df,0xf7df,0xf7df,
  0xf7df,0xf7df,0xf7df,0xf7df,0xf7df,0xf7df,0xf7df,0xf7df,0xf7df,0xf7bf,0x7c10,0x0862,0x2125,0xd6bb,0xf7bf,0xf7df,
  0xf7df,0xf7df,0xf7df,0xf7df,0xf7df,0xf7df,0xf7df,0xf7df,0xa535,0x0882,0x0862,0x0862,0x0862,0x0862,0x0862,0x0862,
  0x0862,0x0862,0x0862,0x0862,0x0862,0x0862,0x0862,0x0862,0x0862,0x0862,0x0862,0x0862,0x0862,0x0862,0x0862,0x0862,
  0x0862,0x0862,0x6b8e,0xef7e,0xd6db,0xef7e,0xef7e,0xdf1c,0xdf1c,0x31a7,0x0862,0x0862,0x0862,0x0862,0x0862,0x0862,
  0x0862,0x0862,0x0862,0x0862,0x08a3,0x1105,0x10c4,0x0862,0x0862,0x0862,0x0862,0x0862,0x0862,0x0862,0x0862,0x0862,
  0x0862,0x0862,0x0862,0x0862,0x0862,0x0862,0x4249,0xe73d,0xf7df,0xf7df,0xf7df,0xf7df,0xf7df,0xf7df,0xf7df,0xf7df,
  0xf7df,0xf7df,0xf7df,0xf7df,0xf7df,0xf7df,0xf7df,0xf7df,0xf7df,0xce9a,0x18e4,0x0862,0x0862,0x18e4,0xad76,0xf7bf,
  0xf7df,0xf7df,0xf7df,0xf7df,0xf7df,0xf7df,0xf7df,0xf7df,0xa535,0x0882,0x0862,0x0862,0x0862,0x0862,0x0862,0x0862,
  0x0862,0x0862,0x0862,0x0862,0x0862,0x0862,0x0862,0x0862,0x0862,0x0862,0x18e4,0x424a,0x18e4,0x0862,0x0862,0x0862,
  0x0862,0x0862,0x0882,0x5b0c,0x8c92,0x52cb,0x4a8a,0x8451,0x3a08,0x0862,0x0862,0x0862,0x0862,0x0862,0x0862,0x0862,
  0x0862,0x0862,0x0862,0x0862,0x0883,0x10e4,0x10a3,0x0862,0x0862,0x0862,0x0862,0x0862,0x0862,0x0862,0x0862,0x0862,
  0x0862,0x0862,0x0862,0x0862,0x0862,0x0862,0x0862,0x52cb,0xe75d,0xf7df,0xf7df,0xf7df,0xf7df,0xf7df,0xf7df,0xf7df,
  0xf7df,0xf7df,0xf7df,0xf7df,0xf7df,0xf7df,0xf7df,0xf7df,0xdf1c,0x52ab,0x0862,0x0862,0x0862,0x0862,0x10c3,0x9cf4,
  0xf7bf,0xf7df,0xf7df,0xf7df,0xf7df,0xf7df,0xf7df,0xf7df,0xa535,0x0882,0x0862,0x0862,0x0862,0x0862,0x0862,0x0862,
  0x0862,0x0862,0x0862,0x0862,0x0862,0x0862,0x0862,0x0862,0x0862,0x0862,0x18e4,0x424a,0x18e4,0x0862,0x0862,0x0862,
  0x0862,0x0862,0x0862,0x0862,0x0882,0x0882,0x0882,0x0882,0x0862,0x0862,0x0862,0x0862,0x0862,0x0862,0x0862,0x0862,
  0x0862,0x0862,0x0862,0x0862,0x0883,0x10e4,0x10a3,0x0862,0x0862,0x0862,0x0862,0x0862,0x4aab,0x52ec,0x426a,0x0862,
  0x0862,0x0862,0x0862,0x0862,0x0862,0x0862,0x0862,0x0882,0x2966,0xce7a,0xf7bf,0xf7df,0xf7df,0xf7df,0xf7df,0xf7df,
  0xf7df,0xf7df,0xf7df,0xf7df,0xf7df,0xf7df,0xf7df,0xdf1c,0x3a08,0x0882,0x0862,0x0862,0x0862,0x0862,0x0862,0x10a3,
  0x8c92,0xf7bf,0xf7df,0xf7df,0xf7df,0xf7df,0xf7df,0xf7df,0xa535,0x0882,0x0862,0x0862,0x0862,0x0862,0x0862,0x0862,
  0x0862,0x0862,0x0862,0x0862,0x0862,0x0862,0x0862,0x0862,0x0862,0x0862,0x0862,0x0862,0x0862,0x0862,0x0862,0x0862,
  0x0862,0x0862,0x0862,0x0862,0x0862,0x0862,0x0862,0x0862,0x0862,0x0862,0x0862,0x0862,0x0862,0x0862,0x0862,0x0862,
  0x0862,0x0862,0x0862,0x0862,0x0883,0x10e4,0x10a3,0x0862,0x0862,0x0862,0x0862,0x0862,0x424a,0x4aab,0x424a,0x0862,
  0x0862,0x0862,0x0862,0x0862,0x0862,0x0862,0x0862,0x0862,0x0862,0x1904,0x5b0c,0xb5b7,0xe73d,0xef9e,0xf7bf,0xf7df,
  0xf7df,0xf7df,0xf7bf,0xef9e,0xef7e,0xc639,0x6b8e,0x2145,0x0882,0x0862,0x0862,0x0862,0x0862,0x0862,0x0862,0x0862,
  0x10a3,0x73cf,0xef7e,0xf7bf,0xf7bf,0xf7bf,0xf7bf,0xef9e,0x9cf4,0x0882,0x0862,0x0862,0x0862,0x0862,0x0862,0x0862,
  0x0862,0x0862,0x0862,0x0862,0x0862,0x0862,0x0862,0x0862,0x0862,0x0862,0x0862,0x0862,0x0862,0x0862,0x0862,0x0862,
  0x0862,0x0862,0x0862,0x0862,0x0862,0x0862,0x0862,0x0862,0x0862,0x0862,0x0862,0x0862,0x0862,0x0862,0x0862,0x0862,
  0x0862,0x0862,0x0862,0x0862,0x0883,0x10e4,0x10a3,0x0862,0x0862,0x0862,0x0862,0x0862,0x29a7,0x1925,0x2125,0x0862,
  0x0862,0x0862,0x0862,0x0862,0x0862,0x0862,0x0862,0x0862,0x0862,0x0862,0x0862,0x10a3,0x2986,0x5aec,0x8431,0x8c92,
  0x94d3,0x94b3,0x8451,0x634d,0x39e8,0x10c3,0x0862,0x0862,0x0862,0x0862,0x0862,0x0862,0x0862,0x0862,0x0862,0x0862,
  0x0862,0x0882,0x4a6a,0x73af,0x73af,0x73af,0x73af,0x73af,0x39e8,0x0862,0x0862,0x0862,0x0862,0x0862,0x0862,0x0862,
  0x0862,0x0862,0x0862,0x0862,0x0862,0x0862,0x0862,0x0862,0x0862,0x0862,0x0946,0x13d3,0x0946,0x0862,0x0862,0x0862,
  0x0862,0x0862,0x0862,0x0862,0x0862,0x0862,0x0862,0x0862,0x0862,0x0862,0x0862,0x0862,0x0862,0x0862,0x0862,0x0862,
  0x0862,0x0862,0x0862,0x0862,0x0883,0x10e4,0x10a3,0x0862,0x0862,0x0862,0x0862,0x0862,0x3a29,0x52ec,0x5b4e,0x0882,
  0x0862,0x0862,0x0862,0x0862,0x0862,0x0862,0x0862,0x0862,0x0862,0x0862,0x0862,0x0862,0x0862,0x0862,0x0862,0x0862,
  0x0862,0x0862,0x0862,0x0862,0x0862,0x0862,0x0862,0x0862,0x0862,0x0862,0x0862,0x0862,0x0862,0x0862,0x0862,0x0862,
  0x0862,0x0862,0x0862,0x0862,0x0862,0x0862,0x0862,0x0862,0x0862,0x0862,0x0862,0x0862,0x0862,0x0862,0x0862,0x0862,
  0x0862,0x0862,0x0862,0x0862,0x0862,0x0862,0x0862,0x0862,0x0862,0x0862,0x126c,0x261e,0x126c,0x0862,0x0862,0x0862,
  0x0862,0x0862,0x0862,0x0862,0x0862,0x0862,0x0862,0x0862,0x0862,0x0862,0x0862,0x0862,0x0862,0x0862,0x0862,0x0862,
  0x0862,0x0862,0x0862,0x0862,0x0883,0x10e4,0x10a3,0x0862,0x0862,0x0862,0x0862,0x0862,0x426a,0x5b4e,0x52ec,0x0882,
  0x0862,0x0862,0x0862,0x0862,0x0862,0x0862,0x0862,0x0862,0x0862,0x0862,0x0862,0x0862,0x0862,0x0862,0x0862,0x0862,
  0x0862,0x0862,0x0862,0x0862,0x0862,0x0862,0x0862,0x0862,0x0862,0x0862,0x0862,0x0862,0x0862,0x0862,0x0862,0x0862,
  0x0862,0x0862,0x0862,0x0862,0x0862,0x0862,0x0862,0x0862,0x0862,0x0862,0x0862,0x0862,0x0862,0x0862,0x0862,0x0862,
  0x0862,0x0862,0x0862,0x0862,0x0862,0x0862,0x0862,0x0862,0x0862,0x0862,0x128c,0x261f,0x126c,0x0862,0x0862,0x0862,
  0x0862,0x0862,0x0862,0x0862,0x08a3,0x08a3,0x08a3,0x08a3,0x08a3,0x08a3,0x08a3,0x08a3,0x08a3,0x08a3,0x0862,0x0862,
  0x0862,0x0862,0x0862,0x0862,0x0883,0x10e4,0x10a3,0x0862,0x0862,0x0862,0x0862,0x0862,0x2166,0x10c4,0x0882,0x0862,
  0x0862,0x0862,0x0862,0x0862,0x0862,0x0862,0x0862,0x0862,0x0862,0x0862,0x0862,0x0862,0x0862,0x0862,0x0862,0x0862,
  0x0862,0x0862,0x0862,0x0862,0x0862,0x0862,0x0862,0x0862,0x0862,0x0862,0x0862,0x0862,0x0862,0x0862,0x0862,0x0862,
  0x0862,0x0862,0x0862,0x0862,0x0862,0x0862,0x0862,0x0862,0x0862,0x0862,0x0862,0x0862,0x0862,0x0862,0x0862,0x0862,
  0x0862,0x0862,0x0862,0x0862,0x0862,0x0862,0x0862,0x0862,0x0862,0x0862,0x128c,0x261f,0x126c,0x0862,0x0862,0x0862,
  0x0862,0x0862,0x0862,0x0862,0x0862,0x0862,0x0862,0x0862,0x0862,0x0862,0x0862,0x0862,0x0862,0x0862,0x0862,0x0862,
  0x0862,0x0862,0x0862,0x0862,0x0883,0x10e4,0x10a3,0x0862,0x0862,0x0862,0x0862,0x0862,0x18e4,0x4aab,0x426a,0x0862,
  0x0862,0x0862,0x0862,0x0862,0x0862,0x0862,0x0862,0x0862,0x0862,0x0862,0x0862,0x0862,0x0862,0x0862,0x0862,0x0862,
  0x0862,0x0862,0x0862,0x0862,0x0862,0x0862,0x0862,0x0862,0x0862,0x0862,0x0862,0x0862,0x0862,0x0862,0x0862,0x0862,
  0x0862,0x0862,0x0862,0x0862,0x0862,0x0862,0x0862,0x0862,0x0862,0x0862,0x0862,0x0862,0x0862,0x0862,0x0862,0x0862,
  0x0862,0x0862,0x0862,0x0862,0x0862,0x0862,0x0862,0x0862,0x0862,0x0862,0x126c,0x261e,0x126c,0x0862,0x0862,0x0862,
  0x0862,0x0862,0x0862,0x0862,0x0862,0x0862,0x0862,0x0862,0x0862,0x0862,0x0862,0x0862,0x0862,0x0862,0x0862,0x0862,
  0x0862,0x0862,0x0862,0x0862,0x0883,0x10e4,0x10a3,0x0862,0x0862,0x0862,0x0862,0x0862,0x2166,0x29a7,0x2986,0x0862,
  0x0862,0x0862,0x0862,0x0862,0x0862,0x0862,0x0862,0x0862,0x0862,0x0862,0x0862,0x0882,0x18e4,0x39e8,0x4a6a,0x10c3,
  0x0862,0x0862,0x0882,0x31a7,0x52ab,0x52ab,0x52ab,0x52ab,0x52ab,0x52ab,0x52ab,0x52ab,0x52ab,0x52ab,0x52ab,0x52ab,
  0x52ab,0x52ab,0x52ab,0x52ab,0x52ab,0x52ab,0x52ab,0x52ab,0x2145,0x0862,0x0862,0x0862,0x0862,0x0862,0x0862,0x0862,
  0x0862,0x0862,0x0862,0x0862,0x0862,0x0862,0x0862,0x0862,0x0862,0x0862,0x0946,0x13d3,0x0946,0x0862,0x0862,0x0862,
  0x0862,0x0862,0x0862,0x0862,0x0862,0x0862,0x0862,0x0862,0x0862,0x0862,0x0862,0x0862,0x0862,0x0862,0x0862,0x0862,
  0x0862,0x0862,0x0862,0x0862,0x0883,0x10e4,0x10a3,0x0862,0x0862,0x0862,0x0862,0x0862,0x3a08,0x52ec,0x31c8,0x0862,
  0x0862,0x0862,0x0862,0x0862,0x0862,0x0862,0x0862,0x0862,0x0862,0x10c3,0x4a6a,0x8c72,0xce9a,0xef7e,0xe75d,0x3a08,
  0x0862,0x0862,0x10a3,0xbe18,0xef9e,0xef9e,0xef9e,0xef9e,0xef9e,0xef9e,0xef9e,0xef9e,0xef9e,0xef9e,0xef9e,0xef9e,
  0xef9e,0xef9e,0xef9e,0xef9e,0xef9e,0xef9e,0xef9e,0xef7e,0x94d3,0x0882,0x0862,0x0862,0x0862,0x0862,0x0862,0x0862,
  0x0862,0x0862,0x0862,0x0862,0x0862,0x0862,0x0862,0x0862,0x0862,0x0862,0x0862,0x0862,0x0862,0x0862,0x0862,0x0862,
  0x0862,0x0862,0x0862,0x0862,0x0862,0x0862,0x0862,0x0862,0x0862,0x0862,0x0862,0x0862,0x0862,0x0862,0x0862,0x0862,
  0x0862,0x0862,0x0862,0x0862,0x0883,0x10e4,0x10a3,0x0862,0x0862,0x0862,0x0862,0x0862,0x426a,0x4a8b,0x3a29,0x0862,
  0x0862,0x0862,0x0862,0x0862,0x0862,0x0862,0x0862,0x0882,0x18e4,0xb5d7,0xf7bf,0xf7df,0xf7df,0xf7df,0xef9e,0x4229,
  0x0862,0x0862,0x10c3,0xce9a,0xf7df,0xf7df,0xf7df,0xf7df,0xf7df,0xf7df,0xf7df,0xf7df,0xf7df,0xf7df,0xf7df,0xf7df,
  0xf7df,0xf7df,0xf7df,0xf7df,0xf7df,0xf7df,0xf7df,0xf7df,0xa535,0x0882,0x0862,0x0862,0x0862,0x0862,0x0862,0x0862,
  0x0862,0x0862,0x0862,0x0862,0x0862,0x0862,0x0862,0x0862,0x0862,0x0862,0x0862,0x0862,0x0862,0x0862,0x0862,0x0862,
  0x0862,0x0862,0x0862,0x0862,0x0862,0x0862,0x0862,0x10a3,0x2986,0x0882,0x0862,0x0862,0x0862,0x0862,0x0862,0x0862,
  0x0862,0x0862,0x0862,0x0862,0x0883,0x10e4,0x10a3,0x0862,0x0862,0x0862,0x0862,0x0862,0x0862,0x0862,0x0862,0x0862,
  0x0862,0x0862,0x0862,0x0862,0x0862,0x0862,0x0862,0x4249,0xdefc,0xf7df,0xf7df,0xf7df,0xf7df,0xf7df,0xef9e,0x4229,
  0x0862,0x0862,0x10c3,0xce9a,0xf7df,0xf7df,0xf7df,0xf7df,0xf7df,0xf7df,0xf7df,0xf7df,0xf7df,0xf7df,0xf7df,0xf7df,
  0xf7df,0xf7df,0xf7df,0xf7df,0xf7df,0xf7df,0xf7df,0xf7df,0xa535,0x0882,0x0862,0x0862,0x0862,0x0862,0x0862,0x0862,
  0x0862,0x0862,0x0862,0x0862,0x0862,0x0862,0x0862,0x0862,0x0862,0x0862,0x18e4,0x424a,0x18e4,0x0862,0x0862,0x0862,
  0x0862,0x0862,0x2166,0x39e8,0x39e8,0x39e8,0x39e8,0x52ab,0xdf1c,0x31c7,0x0862,0x0862,0x0862,0x0862,0x0862,0x0862,
  0x0862,0x0862,0x0862,0x0862,0x0883,0x10e4,0x10a3,0x0862,0x0862,0x0862,0x0862,0x0862,0x0862,0x0862,0x0862,0x0862,
  0x0862,0x0862,0x0862,0x0862,0x0862,0x0862,0x31a7,0xd6bb,0xf7df,0xf7df,0xf7df,0xf7df,0xf7df,0xf7df,0xef9e,0x4229,
  0x0862,0x0862,0x10c3,0xce9a,0xf7df,0xf7df,0xf7df,0xf7df,0xf7df,0xf7df,0xf7df,0xf7df,0xf7df,0xf7df,0xf7df,0xf7df,
  0xf7df,0xf7df,0xf7df,0xf7df,0xf7df,0xf7df,0xf7df,0xf7df,0xa535,0x0882,0x0862,0x0862,0x0862,0x0862,0x0862,0x0862,
  0x0862,0x0862,0x0862,0x0862,0x0862,0x0862,0x0862,0x0862,0x0862,0x0862,0x18e4,0x424a,0x18e4,0x0862,0x0862,0x0862,
  0x0862,0x0862,0x9d14,0xef7e,0xef7e,0xef7e,0xef7e,0xef9e,0xef7e,0x5aec,0x0862,0x0862,0x0862,0x0862,0x0862,0x0862,
  0x0862,0x0862,0x0862,0x0862,0x0883,0x10e4,0x10a3,0x0862,0x0862,0x0862,0x0862,0x0862,0x0862,0x0862,0x0862,0x0862,
  0x0862,0x0862,0x0862,0x0862,0x0862,0x0882,0xad76,0xf7bf,0xf7df,0xf7df,0xf7df,0xf7df,0xf7df,0xf7df,0xef9e,0x4229,
  0x0862,0x0862,0x10c3,0xce9a,0xf7df,0xf7df,0xf7df,0xf7df,0xf7df,0xf7df,0xf7df,0xf7df,0xf7df,0xf7df,0xf7df,0xf7df,
  0xf7df,0xf7df,0xf7df,0xf7df,0xf7df,0xf7df,0xf7df,0xf7df,0xa535,0x0882,0x0862,0x0862,0x0862,0x0862,0x0862,0x0862,
  0x0862,0x0862,0x0862,0x0862,0x0862,0x0862,0x0862,0x0862,0x0862,0x0862,0x0862,0x0862,0x0862,0x0862,0x0862,0x0862,
  0x0862,0x0862,0x39e8,0x52cb,0x52cb,0x52cb,0x52cb,0x52cb,0x52ab,0x2145,0x0862,0x0862,0x0862,0x0862,0x0862,0x0862,
  0x0862,0x0862,0x0862,0x0862,0x0883,0x10e4,0x10a3,0x0862,0x0862,0x0862,0x0862,0x0862,0x0862,0x0862,0x0862,0x0862,
  0x0862,0x0862,0x0862,0x0862,0x0862,0x31a7,0xe75d,0xf7df,0xf7df,0xf7df,0xf7df,0xf7df,0xf7df,0xf7df,0xef9e,0x4229,
  0x0862,0x0862,0x10c3,0xce9a,0xf7df,0xf7df,0xf7df,0xf7df,0xf7df,0xf7df,0xf7df,0xf7df,0xf7df,0xf7df,0xf7df,0xf7df,
  0xf7df,0xf7df,0xf7df,0xf7df,0xf7df,0xf7df,0xf7df,0xf7df,0xa535,0x0882,0x0862,0x0862,0x0862,0x0862,0x0862,0x0862,
  0x0862,0x0862,0x0862,0x0862,0x0862,0x0862,0x0862,0x0862,0x0862,0x0862,0x0862,0x0862,0x0862,0x0862,0x0862,0x0862,
  0x0862,0x0862,0x0862,0x10a3,0x18e4,0x10a3,0x10a3,0x18e4,0x0882,0x0862,0x0862,0x0862,0x0862,0x0862,0x0862,0x0862,
  0x0862,0x0862,0x0862,0x0862,0x0883,0x10e4,0x10a3,0x0862,0x0862,0x0862,0x0862,0x0862,0x0862,0x0862,0x0862,0x0862,
  0x0862,0x0862,0x0862,0x0862,0x0862,0x9d14,0xf7bf,0xf7df,0xf7df,0xf7df,0xf7df,0xf7df,0xf7df,0xef9e,0xdefc,0x31c7,
  0x0862,0x0862,0x10a3,0xbdf8,0xf7bf,0xf7df,0xf7df,0xf7df,0xf7df,0xf7df,0xd6db,0xd6bb,0xd6bb,0xd6bb,0xd6bb,0xd6bb,
  0xd6bb,0xd6bb,0xef7e,0xf7df,0xf7df,0xf7df,0xf7df,0xf7df,0xa535,0x0882,0x0862,0x0862,0x0862,0x0862,0x0862,0x0862,
  0x0862,0x0862,0x0862,0x0862,0x0862,0x0862,0x0862,0x0862,0x0862,0x0862,0x0862,0x0862,0x0862,0x0862,0x0862,0x0862,
  0x0862,0x0862,0x18e4,0xa555,0xd6db,0x94b3,0x8c92,0xd6bb,0x6b8e,0x0882,0x0862,0x0862,0x0862,0x0862,0x0862,0x0862,
  0x0862,0x0862,0x0862,0x0862,0x0883,0x10e4,0x10a3,0x0862,0x0862,0x0862,0x0862,0x0862,0x0862,0x0862,0x0862,0x0862,
  0x0862,0x0862,0x0862,0x0862,0x0882,0xe75d,0xf7df,0xf7df,0xf7df,0xf7df,0xf7df,0xf7bf,0xce9a,0x5b0c,0x18e4,0x0862,
  0x0862,0x0862,0x0862,0x2966,0xc639,0xf7df,0xf7df,0xf7df,0xf7df,0xf7bf,0x94d3,0x18e4,0x10c3,0x10c3,0x10c3,0x10c3,
  0x10c3,0x18e4,0x94b3,0xf7bf,0xf7df,0xf7df,0xf7df,0xf7df,0xa535,0x0882,0x0862,0x0862,0x0862,0x0862,0x0862,0x0862,
  0x0862,0x0862,0x0862,0x0862,0x0862,0x0862,0x0862,0x0862,0x0862,0x0862,0x0862,0x0862,0x0862,0x0862,0x0862,0x0862,
  0x0862,0x0862,0x8c72,0xe73d,0xa555,0xe75d,0xe75d,0xb5b7,0xe73d,0x4249,0x0862,0x0862,0x0862,0x0862,0x0862,0x0862,
  0x0862,0x0862,0x0862,0x0862,0x0883,0x10e4,0x10a3,0x0862,0x0862,0x0862,0x0862,0x0862,0x0862,0x0862,0x0862,0x0862,
  0x0862,0x0862,0x0862,0x0862,0x2966,0xef9e,0xf7df,0xf7df,0xf7df,0xf7df,0xf7df,0xad96,0x1904,0x0862,0x0862,0x0862,
  0x0862,0x0862,0x0862,0x0862,0x10c3,0xc639,0xf7df,0xf7df,0xf7df,0xf7df,0xef7e,0x31c7,0x0862,0x0862,0x0862,0x0862,
  0x0862,0x0862,0x8c92,0xf7bf,0xf7df,0xf7df,0xf7df,0xf7df,0xa535,0x0882,0x0862,0x0862,0x0862,0x0862,0x0862,0x0862,
  0x0862,0x0862,0x0862,0x0862,0x0862,0x0862,0x0862,0x0862,0x0862,0x0862,0x0862,0x0862,0x0862,0x0862,0x0862,0x0862,
  0x0862,0x0862,0x9d14,0xc639,0x4a6a,0xc639,0xc639,0x52cb,0xd6bb,0x5aec,0x0862,0x0862,0x0862,0x0862,0x10c3,0x0862,
  0x0862,0x0862,0x0862,0x0862,0x0883,0x10e4,0x10a3,0x0862,0x0862,0x0862,0x0862,0x0862,0x0862,0x0862,0x0862,0x0862,
  0x0862,0x0862,0x0862,0x0862,0x31a7,0xef9e,0xf7df,0xf7df,0xf7df,0xf7df,0xf7bf,0x2145,0x0862,0x0862,0x0862,0x0862,
  0x0862,0x0862,0x0862,0x0862,0x0882,0x7c10,0xf7df,0xf7df,0xf7df,0xf7df,0xf7bf,0x7bf0,0x0862,0x0862,0x0862,0x0862,
  0x0862,0x0862,0x8c92,0xf7bf,0xf7df,0xf7df,0xf7df,0xf7df,0xa535,0x0882,0x0862,0x0862,0x0862,0x0862,0x0862,0x0862,
  0x0862,0x0862,0x0862,0x0862,0x0862,0x0862,0x0862,0x0862,0x0862,0x0862,0x0862,0x0862,0x0862,0x0862,0x0862,0x0862,
  0x0862,0x0862,0x52cb,0xe75d,0xef7e,0xe75d,0xe73d,0xef7e,0xd6bb,0x2125,0x0862,0x0862,0x5b2d,0x5b4e,0x4aab,0x0882,
  0x0862,0x0862,0x0862,0x0862,0x0883,0x10e4,0x10a3,0x0862,0x0862,0x0862,0x0862,0x0862,0x0862,0x0862,0x0862,0x0862,
  0x0862,0x0862,0x0862,0x0862,0x31a7,0xef9e,0xf7df,0xf7df,0xf7df,0xf7df,0xef7e,0x10c3,0x0862,0x0862,0x0862,0x0862,
  0x0862,0x0862,0x0862,0x0862,0x0882,0x5aec,0xf7df,0xf7df,0xf7df,0xf7df,0xf7df,0xad96,0x0882,0x0862,0x0862,0x0862,
  0x0862,0x0862,0x8c92,0xf7bf,0xf7df,0xf7df,0xf7df,0xf7df,0xa535,0x0882,0x0862,0x0862,0x0862,0x0862,0x0862,0x0862,
  0x0862,0x0862,0x0862,0x0862,0x0862,0x0862,0x0862,0x0862,0x0862,0x0862,0x0862,0x0862,0x0862,0x0862,0x0862,0x0862,
  0x0862,0x0862,0x10c3,0x4229,0x52cb,0x31c7,0x31a7,0x52ab,0x2966,0x0882,0x0862,0x0862,0x10a3,0x10c3,0x2145,0x0862,
  0x0862,0x0862,0x0862,0x0862,0x0883,0x10e4,0x10a3,0x0862,0x0862,0x0862,0x0862,0x0862,0x0862,0x0862,0x0862,0x0862,
  0x0862,0x0862,0x0862,0x0862,0x31a7,0xef9e,0xf7df,0xf7df,0xf7df,0xf7df,0xf7df,0x39e8,0x0882,0x0862,0x0862,0x0862,
  0x0862,0x0862,0x0862,0x0862,0x0882,0x94b3,0xf7df,0xf7df,0xf7df,0xf7df,0xf7df,0xd6bb,0x0882,0x0862,0x0862,0x0862,
  0x0862,0x0862,0x8c92,0xf7bf,0xf7df,0xf7df,0xf7df,0xf7df,0xa535,0x0882,0x0862,0x0862,0x0862,0x0862,0x0862,0x0862,
  0x0862,0x0862,0x0862,0x0862,0x0862,0x0862,0x0862,0x0862,0x0862,0x0862,0x0862,0x0862,0x0862,0x0862,0x0862,0x0862,
  0x0862,0x0862,0x3a08,0xbdf8,0x10a3,0x0862,0x0862,0x0862,0x0862,0x0862,0x0862,0x0862,0x3a08,0x426a,0x31c7,0x0862,
  0x0862,0x0862,0x0862,0x0862,0x0883,0x10e4,0x10a3,0x0862,0x0862,0x0862,0x0862,0x0862,0x0862,0x0862,0x0862,0x0862,
  0x0862,0x0862,0x0862,0x0862,0x2145,0xef7e,0xf7df,0xf7df,0xf7df,0xf7df,0xf7df,0xce9a,0x31c7,0x10a3,0x0862,0x0862,
  0x0862,0x0862,0x0862,0x10a3,0x3a08,0xdefc,0xf7df,0xf7df,0xf7df,0xf7df,0xf7df,0xd6bb,0x0882,0x0862,0x0862,0x0862,
  0x0862,0x0862,0x8c92,0xf7bf,0xf7df,0xf7df,0xf7df,0xf7df,0xa535,0x0882,0x0862,0x0862,0x0862,0x0862,0x0862,0x0862,
  0x0862,0x0862,0x0862,0x0862,0x0862,0x0862,0x0862,0x0862,0x0862,0x0862,0x0862,0x0862,0x0862,0x0862,0x0862,0x0862,
  0x0862,0x0862,0x2986,0xa555,0x18e4,0x0882,0x0862,0x0862,0x0862,0x0862,0x0862,0x0862,0x4aab,0x636e,0x424a,0x0882,
  0x0862,0x0862,0x0862,0x0862,0x0883,0x10e4,0x10a3,0x0862,0x0862,0x0862,0x0862,0x0862,0x0862,0x0862,0x0862,0x0862,
  0x0862,0x0862,0x0862,0x0862,0x0882,0xe75d,0xf7df,0xf7df,0xf7df,0xf7df,0xf7df,0xf7df,0xe73d,0x94d3,0x4249,0x1904,
  0x10c3,0x2125,0x4a6a,0x9d14,0xef7e,0xf7df,0xf7df,0xf7df,0xf7df,0xf7df,0xf7df,0xb5d7,0x0882,0x0862,0x0862,0x0862,
  0x0862,0x0862,0x8c92,0xf7bf,0xf7df,0xf7df,0xf7df,0xf7df,0xa535,0x0882,0x0862,0x0862,0x0862,0x0862,0x0862,0x0862,
  0x0862,0x0862,0x0862,0x0862,0x0862,0x0862,0x0862,0x0862,0x0862,0x0862,0x0862,0x0862,0x0862,0x0862,0x0862,0x0862,
  0x0862,0x0862,0x0862,0x10a3,0xad76,0x9d14,0x4a6a,0x0882,0x0862,0x0862,0x0862,0x0862,0x1925,0x2146,0x18e4,0x0862,
  0x0862,0x0862,0x0862,0x0862,0x0883,0x10e4,0x10a3,0x0862,0x0862,0x0862,0x0862,0x0862,0x0862,0x0862,0x0862,0x0862,
  0x0862,0x0862,0x0862,0x0862,0x0862,0x94b3,0xf7bf,0xf7df,0xf7df,0xf7df,0xf7df,0xf7df,0xf7df,0xf7df,0xf7df,0xf7bf,
  0xef9e,0xf7bf,0xf7df,0xf7df,0xf7df,0xf7df,0xf7df,0xf7df,0xf7df,0xf7df,0xf7bf,0x8c92,0x0862,0x0862,0x0862,0x0862,
  0x0862,0x0862,0x8c92,0xf7bf,0xf7df,0xf7df,0xf7df,0xf7df,0xa535,0x0882,0x0862,0x0862,0x0862,0x0862,0x0862,0x0862,
  0x0862,0x0862,0x0862,0x0862,0x0862,0x0862,0x0862,0x0862,0x0862,0x0862,0x0862,0x0862,0x0862,0x0862,0x0862,0x0862,
  0x0862,0x0862,0x0862,0x10a3,0xe73d,0xef7e,0xf7bf,0xd6bb,0x73cf,0x2125,0x0862,0x0862,0x3a29,0x3a49,0x2987,0x0862,
  0x0862,0x0862,0x0862,0x0862,0x0883,0x10e4,0x10a3,0x0862,0x0862,0x0862,0x0862,0x0862,0x0862,0x0862,0x0862,0x0862,
  0x0862,0x0862,0x0862,0x0862,0x0862,0x2145,0xe73d,0xf7df,0xf7df,0xf7df,0xf7df,0xf7df,0xf7df,0xf7df,0xf7df,0xf7df,
  0xf7df,0xf7df,0xf7df,0xf7df,0xf7df,0xf7df,0xf7df,0xf7df,0xf7df,0xf7df,0xef9e,0x4a8a,0x0862,0x0862,0x0862,0x0862,
  0x0862,0x0862,0x8c92,0xf7bf,0xf7df,0xf7df,0xf7df,0xf7df,0xa535,0x0882,0x0862,0x0862,0x0862,0x0862,0x0862,0x0862,
  0x0862,0x0862,0x0862,0x0862,0x0862,0x0862,0x0862,0x0862,0x0862,0x0862,0x0862,0x0862,0x0862,0x0862,0x0862,0x0862,
  0x0862,0x0862,0x0882,0x1904,0xe73d,0x6b8e,0x5b0c,0xc659,0xdf1c,0x5aec,0x0862,0x0862,0x636e,0x6baf,0x4a8b,0x0882,
  0x0862,0x0862,0x0862,0x0862,0x0883,0x10e4,0x10a3,0x0862,0x0862,0x0862,0x0862,0x0862,0x0862,0x0862,0x0862,0x0862,
  0x0862,0x0862,0x0862,0x0862,0x0862,0x0882,0xa535,0xf7bf,0xf7df,0xf7df,0xf7df,0xf7df,0xf7df,0xf7df,0xf7df,0xf7df,
  0xf7df,0xf7df,0xf7df,0xf7df,0xf7df,0xf7df,0xf7df,0xf7df,0xf7df,0xf7df,0xdf1c,0x10c3,0x0862,0x0862,0x0862,0x0862,
  0x0862,0x0862,0x8c92,0xf7bf,0xf7df,0xf7df,0xf7df,0xf7df,0xa535,0x0882,0x0862,0x0862,0x0862,0x0862,0x0862,0x0862,
  0x0862,0x0862,0x0862,0x0862,0x0862,0x0862,0x0862,0x0862,0x0862,0x0862,0x0862,0x0862,0x0862,0x0862,0x0862,0x0862,
  0x0862,0x0862,0x8451,0xce9a,0xef9e,0xdefc,0x8c72,0x18e4,0x31c7,0x2125,0x0862,0x0862,0x08a3,0x5b2d,0x3a29,0x0862,
  0x0862,0x0862,0x0862,0x0862,0x0883,0x10e4,0x10a3,0x0862,0x0862,0x0862,0x0862,0x0862,0x0862,0x0862,0x0862,0x0862,
  0x0862,0x0862,0x0862,0x0862,0x0862,0x0862,0x2966,0xc659,0xf7df,0xf7df,0xf7df,0xf7df,0xf7df,0xf7df,0xf7df,0xf7df,
  0xf7df,0xf7df,0xf7df,0xf7df,0xf7df,0xf7df,0xf7df,0xf7df,0xf7df,0xdf1c,0x3a08,0x0862,0x0862,0x0862,0x0862,0x0862,
  0x0862,0x0862,0x8c92,0xf7bf,0xf7df,0xf7df,0xf7df,0xf7df,0xa535,0x0882,0x0862,0x0862,0x0862,0x0862,0x0862,0x0862,
  0x0862,0x0862,0x0862,0x0862,0x0862,0x0862,0x0862,0x0862,0x0862,0x0862,0x0862,0x0862,0x0862,0x0862,0x0862,0x0862,
  0x0862,0x0862,0x634d,0x9cf4,0xdefc,0xb5b7,0x634d,0x0882,0x0862,0x0862,0x0862,0x0862,0x0862,0x0883,0x0882,0x0862,
  0x0862,0x0862,0x0862,0x0862,0x0883,0x10e4,0x10a3,0x0862,0x0862,0x0862,0x0862,0x0862,0x0862,0x0862,0x0862,0x0862,
  0x0862,0x0862,0x0862,0x0862,0x0862,0x0862,0x0862,0x31c7,0xc659,0xf7bf,0xf7df,0xf7df,0xf7df,0xf7df,0xf7df,0xf7df,
  0xf7df,0xf7df,0xf7df,0xf7df,0xf7df,0xf7df,0xf7df,0xf7df,0xdefc,0x634d,0x0882,0x0862,0x0862,0x0862,0x0862,0x0862,
  0x0862,0x0862,0x8c92,0xf7bf,0xf7df,0xf7df,0xf7df,0xf7df,0xa535,0x0882,0x0862,0x0862,0x0862,0x0862,0x0862,0x0862,
  0x0862,0x0862,0x0862,0x0862,0x0862,0x0862,0x0862,0x0862,0x0862,0x0862,0x0862,0x0862,0x0862,0x0862,0x0862,0x0862,
  0x0862,0x0862,0x0862,0x0882,0x10a3,0x10a3,0x0862,0x0862,0x0862,0x0862,0x0862,0x0862,0x0862,0x0862,0x0862,0x0862,
  0x0862,0x0862,0x0862,0x0862,0x0883,0x10e4,0x10a3,0x0862,0x0862,0x0862,0x0862,0x0862,0x0862,0x0862,0x0862,0x0862,
  0x0862,0x0862,0x0862,0x0862,0x0862,0x0862,0x0862,0x0862,0x10c3,0xa515,0xef7e,0xf7bf,0xf7df,0xf7df,0xf7df,0xf7df,
  0xf7df,0xf7df,0xf7df,0xf7df,0xf7df,0xf7bf,0xef9e,0xce9a,0x31a7,0x0882,0x0862,0x0862,0x0862,0x0862,0x0862,0x0862,
  0x0862,0x0862,0x8c52,0xef7e,0xef9e,0xef9e,0xef9e,0xef9e,0x9cf4,0x0882,0x0862,0x0862,0x0862,0x0862,0x0862,0x0862,
  0x0862,0x0862,0x0862,0x0862,0x0862,0x0862,0x0862,0x0862,0x0862,0x0862,0x0862,0x0862,0x0862,0x0862,0x0862,0x0862,
  0x0862,0x0862,0x0882,0x08a3,0x08a3,0x0882,0x0862,0x0862,0x0862,0x0862,0x0862,0x0862,0x0862,0x0862,0x0862,0x0862,
  0x0862,0x0862,0x0862,0x0862,0x0883,0x10e4,0x10a3,0x0862,0x0862,0x0862,0x0862,0x0862,0x0862,0x0862,0x0862,0x0862,
  0x0862,0x0862,0x0862,0x0862,0x0862,0x0862,0x0862,0x0862,0x0862,0x0862,0x31c7,0x73cf,0xb5d7,0xe73d,0xef9e,0xf7bf,
  0xf7bf,0xf7bf,0xf7bf,0xe75d,0xc639,0x8451,0x4229,0x10a3,0x0862,0x0862,0x0862,0x0862,0x0862,0x0862,0x0862,0x0862,
  0x0862,0x0862,0x2966,0x52cb,0x52cb,0x52cb,0x52cb,0x52cb,0x31a7,0x0862,0x0862,0x0862,0x0862,0x0862,0x0862,0x0862,
  0x0862,0x0862,0x0862,0x0862,0x0862,0x0862,0x0862,0x0862,0x0862,0x0862,0x0862,0x0862,0x0862,0x0862,0x0862,0x0862,
  0x0862,0x0862,0x31c7,0x638f,0x530d,0x2987,0x0862,0x0862,0x0862,0x0862,0x0862,0x0862,0x0862,0x0862,0x0862,0x0862,
  0x0862,0x0862,0x0862,0x0862,0x0883,0x10e4,0x10a3,0x0862,0x0862,0x0862,0x0862,0x0862,0x0862,0x0862,0x0862,0x0862,
  0x0862,0x0862,0x0862,0x0862,0x0862,0x0862,0x0862,0x0862,0x0862,0x0862,0x0862,0x0862,0x0882,0x10a3,0x2986,0x39e8,
  0x4229,0x39e8,0x2986,0x10c3,0x0882,0x0862,0x0862,0x0862,0x0862,0x0862,0x0862,0x0862,0x0862,0x0862,0x0862,0x0862,
  0x0862,0x0862,0x0862,0x0862,0x0862,0x0862,0x0862,0x0862,0x0862,0x0862,0x0862,0x0862,0x0862,0x0862,0x0862,0x0862,
  0x0862,0x0862,0x0862,0x0862,0x0862,0x0862,0x0862,0x0862,0x0862,0x0862,0x0862,0x0862,0x0862,0x0862,0x0862,0x0862,
  0x0862,0x0862,0x3a29,0x2987,0x3a09,0x0862,0x0862,0x0862,0x0862,0x0862,0x0862,0x0862,0x0862,0x0862,0x0862,0x0862,
  0x0862,0x0862,0x0862,0x0862,0x0883,0x10e4,0x10a3,0x0862,0x0862,0x0862,0x0862,0x0862,0x0862,0x0862,0x0862,0x0862,
  0x0862,0x0862,0x0862,0x0862,0x0862,0x0862,0x0862,0x0862,0x0862,0x0862,0x0862,0x0862,0x0862,0x0862,0x0862,0x0862,
  0x0862,0x0862,0x0862,0x0862,0x0862,0x0862,0x0862,0x0862,0x0862,0x0862,0x0862,0x0862,0x0862,0x0862,0x0862,0x0862,
  0x0862,0x0862,0x0862,0x0862,0x0862,0x0862,0x0862,0x0862,0x0862,0x0862,0x0862,0x0862,0x0862,0x0862,0x0862,0x0862,
  0x0862,0x0862,0x0862,0x0862,0x0862,0x0862,0x0862,0x0862,0x0862,0x0862,0x0862,0x0862,0x0862,0x0862,0x0862,0x0862,
  0x0862,0x0862,0x2146,0x31e8,0x52ed,0x0862,0x0862,0x0862,0x0862,0x0862,0x0862,0x0862,0x0862,0x0862,0x0862,0x0862,
  0x0862,0x0862,0x0862,0x0862,0x0883,0x10e4,0x10a3,0x0862,0x0862,0x0862,0x0862,0x0862,0x0862,0x0862,0x0862,0x0862,
  0x0862,0x0862,0x0862,0x0862,0x0862,0x0862,0x0862,0x0862,0x0862,0x0862,0x0862,0x0862,0x0862,0x0862,0x0862,0x0862,
  0x0862,0x0862,0x0862,0x0862,0x0862,0x0862,0x0862,0x0862,0x0862,0x0862,0x0862,0x0862,0x0862,0x0862,0x0862,0x0862,
  0x0862,0x0862,0x0862,0x0862,0x0862,0x0862,0x0862,0x0862,0x0862,0x0862,0x0862,0x0862,0x0862,0x0862,0x0862,0x0862,
  0x0862,0x0862,0x0862,0x0862,0x0862,0x0862,0x0862,0x0862,0x0862,0x0862,0x0862,0x0862,0x0862,0x0862,0x0862,0x0862,
  0x0862,0x0862,0x29a7,0x428b,0x636e,0x0862,0x0862,0x0862,0x0862,0x0862,0x0862,0x0862,0x0862,0x0862,0x0862,0x0862,
  0x0862,0x0862,0x0862,0x0862,0x0883,0x10e4,0x10a3,0x0862,0x0862,0x0862,0x0862,0x0862,0x0862,0x0862,0x0862,0x0862,
  0x0862,0x0862,0x0862,0x0862,0x0862,0x0862,0x0862,0x0862,0x0862,0x0862,0x0862,0x0862,0x0862,0x0862,0x0862,0x0862,
  0x0862,0x0862,0x0862,0x0862,0x0862,0x0862,0x0862,0x0862,0x0862,0x0862,0x0862,0x0862,0x0862,0x0862,0x0862,0x0862,
  0x0862,0x0862,0x0862,0x0862,0x0862,0x0862,0x0862,0x0862,0x0862,0x0862,0x0862,0x0862,0x0862,0x0862,0x0862,0x0862,
  0x0862,0x0862,0x0862,0x0862,0x0862,0x0862,0x0862,0x0862,0x0862,0x0862,0x0862,0x0862,0x0862,0x0862,0x0862,0x0862,
  0x0862,0x0862,0x31e8,0x52cc,0x636e,0x0862,0x0862,0x0862,0x0862,0x0862,0x0862,0x0862,0x0862,0x0862,0x0862,0x0862,
  0x0862,0x0862,0x0862,0x0862,0x0883,0x10e4,0x10a3,0x0862,0x0862,0x0862,0x0862,0x0862,0x0862,0x0862,0x0862,0x0862,
  0x0862,0x0862,0x0862,0x0862,0x0862,0x0862,0x0862,0x0862,0x0862,0x0862,0x0862,0x0862,0x0862,0x0862,0x0862,0x0862,
  0x0862,0x0862,0x0862,0x0862,0x0862,0x0862,0x0862,0x0862,0x0862,0x0862,0x0862,0x0862,0x0862,0x0862,0x0862,0x0862,
  0x0862,0x0862,0x0862,0x0862,0x0862,0x0862,0x0862,0x0862,0x0862,0x0862,0x0862,0x0862,0x0862,0x0862,0x0862,0x0862,
  0x0862,0x0862,0x0862,0x0862,0x0862,0x0862,0x0862,0x0862,0x0862,0x0862,0x0862,0x0862,0x0862,0x0862,0x0862,0x0862,
  0x0862,0x0862,0x0882,0x10a3,0x0882,0x0862,0x0862,0x0862,0x0862,0x0862,0x0862,0x0862,0x0862,0x0862,0x0862,0x0862,
  0x0862,0x0862,0x0862,0x0862,0x0883,0x10e4,0x10a3,0x0862,0x0862,0x0862,0x0862,0x0862,0x0862,0x0862,0x0862,0x0862,
  0x0862,0x0862,0x0862,0x0862,0x0862,0x0862,0x0862,0x0862,0x0862,0x0862,0x0862,0x0862,0x0862,0x0862,0x0862,0x0862,
  0x0862,0x0862,0x0862,0x0862,0x0862,0x0862,0x0862,0x0862,0x0862,0x0862,0x0862,0x0862,0x0862,0x0862,0x0862,0x0862,
  0x0862,0x0862,0x0862,0x0862,0x0862,0x0862,0x0862,0x0862,0x0862,0x0862,0x0862,0x0862,0x0862,0x0862,0x0862,0x0862,
  0x0862,0x0862,0x0862,0x0862,0x0862,0x0862,0x0862,0x0862,0x0862,0x0862,0x0862,0x0862,0x0862,0x0862,0x0862,0x0862,
  0x0862,0x0862,0x0862,0x0862,0x0862,0x0862,0x0862,0x0862,0x0862,0x0862,0x0862,0x0862,0x0862,0x0862,0x0862,0x0862,
  0x0862,0x0862,0x0862,0x0862,0x0883,0x10e4,0x10a3,0x0862,0x0862,0x0862,0x0862,0x0862,0x0862,0x0862,0x0862,0x0862,
  0x0862,0x0862,0x0862,0x0862,0x0862,0x0862,0x0862,0x0862,0x0862,0x0862,0x0862,0x0862,0x0862,0x0862,0x0862,0x0862,
  0x0862,0x0862,0x0862,0x0862,0x0862,0x0862,0x0862,0x0862,0x0862,0x0862,0x0862,0x0862,0x0862,0x0862,0x0862,0x0862,
  0x0862,0x0862,0x0862,0x0862,0x0862,0x0862,0x0862,0x0862,0x0862,0x0862,0x0862,0x0862,0x0862,0x0862,0x0862,0x0862,
  0x0862,0x0862,0x0862,0x0862,0x0862,0x0862,0x0862,0x0862,0x0862,0x0862,0x0862,0x0862,0x0862,0x0862,0x0862,0x0862,
  0x0862,0x0862,0x0862,0x0862,0x0862,0x0862,0x0862,0x0862,0x0862,0x0862,0x0862,0x0862,0x0862,0x0862,0x0862,0x0862,
  0x0862,0x0862,0x0862,0x0862,0x0883,0x10e4,0x10a3,0x0862,0x0862,0x0862,0x0862,0x0862,0x0862,0x0862,0x0862,0x0862,
  0x0862,0x0862,0x0862,0x0862,0x0862,0x0862,0x0862,0x0862,0x0862,0x0862,0x0862,0x0862,0x0862,0x0862,0x0862,0x0862,
  0x0862,0x0862,0x0862,0x0862,0x0862,0x0862,0x0862,0x0862,0x0862,0x0862,0x0862,0x0862,0x0862,0x0862,0x0862,0x0862,
  0x0862,0x0862,0x0862,0x0862,0x0862,0x0862,0x0862,0x0862,0x0862,0x0862,0x0862,0x0862,0x0862,0x0862,0x0862,0x0862,
  0x0862,0x0862,0x0862,0x0862,0x0862,0x0862,0x0862,0x0862,0x0862,0x0862,0x0862,0x0862,0x0862,0x0862,0x0862,0x0862,
  0x0862,0x0862,0x0862,0x0862,0x0862,0x0862,0x0862,0x0862,0x0862,0x0862,0x0862,0x0862,0x0862,0x0862,0x0862,0x0862,
  0x0862,0x0862,0x0862,0x0862,0x0883,0x10e4,0x10a3,0x0862,0x0862,0x0862,0x0862,0x0862,0x0862,0x0862,0x0862,0x0862,
  0x0862,0x0862,0x0862,0x0862,0x0862,0x0862,0x0862,0x0862,0x0862,0x0862,0x0862,0x0862,0x0862,0x0862,0x0862,0x0862,
  0x0862,0x0862,0x0862,0x0862,0x0862,0x0862,0x0862,0x0862,0x0862,0x0862,0x0862,0x0862,0x0862,0x0862,0x0862,0x0862,
  0x0862,0x0862,0x0862,0x0862,0x0862,0x0862,0x0862,0x0862,0x0862,0x0862,0x0862,0x0862,0x0862,0x0862,0x0862,0x0862,
  0x0862,0x0862,0x0862,0x0862,0x0862,0x0862,0x0862,0x0862,0x0862,0x0862,0x0862,0x0862,0x0862,0x0862,0x0862,0x0862,
  0x0862,0x0862,0x0862,0x0862,0x0882,0x0882,0x0882,0x0882,0x0882,0x0882,0x0882,0x0882,0x0882,0x0882,0x0862,0x0862,
  0x0862,0x0862,0x0862,0x0862,0x0883,0x10e4,0x10a3,0x0862,0x0862,0x0862,0x0862,0x0862,0x0862,0x0862,0x0862,0x0862,
  0x0862,0x0862,0x0862,0x0862,0x0862,0x0862,0x0862,0x0862,0x0862,0x0862,0x0862,0x0862,0x0862,0x0862,0x0862,0x0862,
  0x0862,0x0862,0x0862,0x0862,0x0862,0x0862,0x0862,0x0862,0x0862,0x0862,0x0862,0x0862,0x0862,0x0862,0x0862,0x0862,
  0x0862,0x0862,0x0862,0x0862,0x0862,0x0862,0x0862,0x0862,0x0862,0x0862,0x0862,0x0862,0x0862,0x0862,0x0862,0x0862,
  0x0862,0x0862,0x0862,0x0862,0x0862,0x0862,0x0862,0x0862,0x0862,0x0862,0x0862,0x0862,0x0862,0x0862,0x0862,0x0862,
  0x0862,0x0862,0x0862,0x0862,0x0862,0x0862,0x0862,0x0862,0x0862,0x0862,0x0862,0x0862,0x0862,0x0862,0x0862,0x0862,
  0x0862,0x0862,0x0862,0x0862,0x0883,0x10e4,0x10a3,0x0862,0x0862,0x0862,0x0862,0x0862,0x0862,0x0862,0x0862,0x0862,
  0x0862,0x0862,0x0862,0x0862,0x0862,0x0862,0x0862,0x0862,0x0862,0x0862,0x0862,0x0862,0x0862,0x0862,0x0862,0x0862,
  0x0862,0x0862,0x0862,0x0862,0x0862,0x0862,0x0862,0x0862,0x0862,0x0862,0x0862,0x0862,0x0862,0x0862,0x0862,0x0862,
  0x0862,0x0862,0x0862,0x0862,0x0862,0x0862,0x0862,0x0862,0x0862,0x0862,0x0862,0x0862,0x0862,0x0862,0x0862,0x0862,
  0x0862,0x0862,0x0862,0x0862,0x0862,0x0862,0x0862,0x0862,0x0862,0x0862,0x0862,0x0862,0x0862,0x0862,0x0862,0x0862,
  0x0862,0x0862,0x0862,0x0862,0x0862,0x0862,0x0862,0x0862,0x0862,0x0862,0x0862,0x0862,0x0862,0x0862,0x0862,0x0862,
  0x0862,0x0862,0x0862,0x0862,0x0883,0x10e4,0x10a3,0x0862,0x0862,0x0862,0x0862,0x0862,0x0862,0x0862,0x0862,0x0862,
  0x0862,0x0862,0x0862,0x0862,0x0862,0x0862,0x0862,0x0862,0x0862,0x0862,0x0862,0x0862,0x0862,0x0862,0x0862,0x0862,
  0x0862,0x0862,0x0862,0x0862,0x0862,0x0862,0x0862,0x0862,0x0862,0x0862,0x0862,0x0862,0x0862,0x0862,0x0862,0x0862,
  0x0862,0x0862,0x0862,0x0862,0x0862,0x0862,0x0862,0x0862,0x0862,0x0862,0x0862,0x0862,0x0862,0x0862,0x0862,0x0862,
  0x0862,0x0862,0x0862,0x0862,0x0862,0x0862,0x0862,0x0862,0x0862,0x0862,0x0862,0x0862,0x0862,0x0862,0x0862,0x0862,
  0x0862,0x0862,0x0862,0x0862,0x0862,0x0862,0x0862,0x0862,0x0862,0x0862,0x0862,0x0862,0x0862,0x0862,0x0862,0x0862,
  0x0862,0x0862,0x0862,0x0862,0x0883,0x10e4,0x10a3,0x0862,0x0862,0x0862,0x0862,0x0862,0x0862,0x0862,0x0862,0x0862,
  0x0862,0x0862,0x0862,0x0862,0x0862,0x0862,0x0862,0x0862,0x0862,0x0862,0x0862,0x0862,0x0862,0x0862,0x0862,0x0862,
  0x0862,0x0862,0x0862,0x0862,0x0862,0x0862,0x0862,0x0862,0x0862,0x0862,0x0862,0x0862,0x0862,0x0862,0x0862,0x0862,
  0x0862,0x0862,0x0862,0x0862,0x0862,0x0862,0x0862,0x0862,0x0862,0x0862,0x0862,0x0862,0x0862,0x0862,0x0862,0x0862,
  0x0862,0x0862,0x0862,0x0862,0x0862,0x0862,0x0862,0x0862,0x0862,0x0862,0x0862,0x0862,0x0862,0x0862,0x0862,0x0862,
  0x0862,0x0862,0x0862,0x0862,0x0862,0x0862,0x0862,0x2986,0xa535,0x10c3,0x0862,0x0862,0x0862,0x0862,0x0862,0x0862,
  0x0862,0x0862,0x0862,0x0862,0x0883,0x10e4,0x10a3,0x0862,0x0862,0x0862,0x0862,0x0862,0x0862,0x0862,0x0862,0x0862,
  0x0862,0x0862,0x0862,0x0862,0x0862,0x0862,0x0862,0x0862,0x0862,0x0862,0x0862,0x0862,0x0862,0x0862,0x0862,0x0862,
  0x0862,0x0862,0x0862,0x0862,0x0862,0x0862,0x0862,0x0862,0x0862,0x0862,0x0862,0x0862,0x0862,0x0862,0x0862,0x0862,
  0x0862,0x0862,0x0862,0x0862,0x0862,0x0862,0x0862,0x0862,0x0862,0x0862,0x0862,0x0862,0x0862,0x0862,0x0862,0x0862,
  0x0862,0x0862,0x0862,0x0862,0x0862,0x0862,0x0862,0x0862,0x0862,0x0862,0x0862,0x0862,0x0862,0x0862,0x0862,0x0862,
  0x0862,0x0862,0x6b8e,0xa555,0xa555,0xa555,0xa555,0xad96,0xe75d,0x52ab,0x0862,0x0862,0x0862,0x0862,0x0862,0x0862,
  0x0862,0x0862,0x0862,0x0862,0x0883,0x10e4,0x10a3,0x0862,0x0862,0x0862,0x0862,0x0862,0x0862,0x0862,0x0862,0x0862,
  0x0862,0x0862,0x0862,0x0862,0x0862,0x0862,0x0862,0x0862,0x0862,0x0862,0x0862,0x0862,0x0862,0x0862,0x0862,0x0862,
  0x0862,0x0862,0x0862,0x0862,0x0862,0x0862,0x0862,0x0862,0x0862,0x0862,0x0862,0x0862,0x0862,0x0862,0x0862,0x0862,
  0x0862,0x0862,0x0862,0x0862,0x0862,0x0862,0x0862,0x0862,0x0862,0x0862,0x0862,0x0862,0x0862,0x0862,0x0862,0x0862,
  0x0862,0x0862,0x0862,0x0862,0x0862,0x0862,0x0862,0x0862,0x0862,0x0862,0x0862,0x0862,0x0862,0x0862,0x0862,0x0862,
  0x0862,0x0862,0x7c10,0xc639,0xc639,0xc639,0xc639,0xc639,0xbdf8,0x4a6a,0x0862,0x0862,0x0862,0x0862,0x0862,0x0862,
  0x0862,0x0862,0x0862,0x0862,0x0883,0x10e4,0x10a3,0x0862,0x0862,0x0862,0x0862,0x0862,0x0862,0x0862,0x0862,0x0862,
  0x0862,0x0862,0x0862,0x0862,0x0862,0x0862,0x0862,0x0862,0x0862,0x0862,0x0862,0x0862,0x0862,0x0862,0x0862,0x0862,
  0x0862,0x0862,0x0862,0x0862,0x0862,0x0862,0x0862,0x0862,0x0862,0x0862,0x0862,0x0862,0x0862,0x0862,0x0862,0x0862,
  0x0862,0x0862,0x0862,0x0862,0x0862,0x0862,0x0862,0x0862,0x0862,0x0862,0x0862,0x0862,0x0862,0x0862,0x0862,0x0862,
  0x0862,0x0862,0x0862,0x0862,0x0862,0x0862,0x0862,0x0862,0x0862,0x0862,0x0862,0x0862,0x0862,0x0862,0x0862,0x0862,
  0x0862,0x0862,0x0882,0x10a3,0x10a3,0x10a3,0x10a3,0x10a3,0x0882,0x0882,0x0862,0x0862,0x0862,0x0862,0x0862,0x0862,
  0x0862,0x0862,0x0862,0x0862,0x0883,0x10e4,0x10a3,0x0862,0x0862,0x0862,0x0862,0x0862,0x0862,0x0862,0x0862,0x0862,
  0x0862,0x0862,0x0862,0x0862,0x0862,0x0862,0x0862,0x0862,0x0862,0x0862,0x0862,0x0862,0x0862,0x0862,0x0862,0x0862,
  0x0862,0x0862,0x0862,0x0862,0x0862,0x0862,0x0862,0x0862,0x0862,0x0862,0x0862,0x0862,0x0862,0x0862,0x0862,0x0862,
  0x0862,0x0862,0x0862,0x0862,0x0862,0x0862,0x0862,0x0862,0x0862,0x0862,0x0862,0x0862,0x0862,0x0862,0x0862,0x0862,
  0x0862,0x0862,0x0862,0x0862,0x0862,0x0862,0x0862,0x0862,0x0862,0x0862,0x0862,0x0862,0x0862,0x0862,0x0862,0x0862,
  0x0862,0x0862,0x0862,0x0862,0x0862,0x0862,0x0862,0x0862,0x0862,0x0862,0x0862,0x0862,0x0862,0x0862,0x0862,0x0862,
  0x0862,0x0862,0x0862,0x0862,0x0883,0x10e4,0x10a3,0x0862,0x0862,0x0862,0x0862,0x0862,0x0862,0x0862,0x0862,0x0862,
  0x0862,0x0862,0x0862,0x0862,0x0862,0x0862,0x0862,0x0862,0x0862,0x0862,0x0862,0x0862,0x0862,0x0862,0x0862,0x0862,
  0x0862,0x0862,0x0862,0x0862,0x0862,0x0862,0x0862,0x0862,0x0862,0x0862,0x0862,0x0862,0x0862,0x0862,0x0862,0x0862,
  0x0862,0x0862,0x0862,0x0862,0x0862,0x0862,0x0862,0x0862,0x0862,0x0862,0x0862,0x0862,0x0862,0x0862,0x0862,0x0862,
  0x0862,0x0862,0x0862,0x0862,0x0862,0x0862,0x0862,0x0862,0x0862,0x0862,0x0862,0x0862,0x0862,0x0862,0x0862,0x0862,
  0x0862,0x0862,0x0862,0x0862,0x0862,0x0862,0x0862,0x0862,0x0862,0x0862,0x0862,0x0862,0x0862,0x0862,0x0862,0x0862,
  0x0862,0x0862,0x0862,0x0862,0x0883,0x10e4,0x10a3,0x0862,0x0862,0x0862,0x0862,0x0862,0x0862,0x0862,0x0862,0x0862,
  0x0862,0x0862,0x0862,0x0862,0x0862,0x0862,0x0862,0x0862,0x0862,0x0862,0x0862,0x0862,0x0862,0x0862,0x0862,0x0862,
  0x0862,0x0862,0x0862,0x0862,0x0862,0x0862,0x0862,0x0862,0x0862,0x0862,0x0862,0x0862,0x0862,0x0862,0x0862,0x0862,
  0x0862,0x0862,0x0862,0x0862,0x0862,0x0862,0x0862,0x0862,0x0862,0x0862,0x0862,0x0862,0x0862,0x0862,0x0862,0x0862,
  0x0862,0x0862,0x0862,0x0862,0x0862,0x0862,0x0862,0x0862,0x0862,0x0862,0x0862,0x0862,0x0862,0x0862,0x0862,0x0862,
  0x0862,0x0862,0x632d,0x6b8e,0x10a3,0x0862,0x2125,0x94d3,0x39e8,0x0882,0x0862,0x0862,0x0862,0x0862,0x0862,0x0862,
  0x0862,0x0862,0x0862,0x0862,0x0883,0x10e4,0x10a3,0x0862,0x0862,0x0862,0x0862,0x0862,0x0862,0x0862,0x0862,0x0862,
  0x0862,0x0862,0x0862,0x0862,0x0862,0x0862,0x0862,0x0862,0x0862,0x0862,0x0862,0x0862,0x0862,0x0862,0x0862,0x0862,
  0x0862,0x0862,0x0862,0x0862,0x0862,0x0862,0x0862,0x0862,0x0862,0x0862,0x0862,0x0862,0x0862,0x0862,0x0862,0x0862,
  0x0862,0x0862,0x0862,0x0862,0x0862,0x0862,0x0862,0x0862,0x0862,0x0862,0x0862,0x0862,0x0862,0x0862,0x0862,0x0862,
  0x0862,0x0862,0x0862,0x0862,0x0862,0x0862,0x0862,0x0862,0x0862,0x0862,0x0862,0x0862,0x0862,0x0862,0x0862,0x0862,
  0x0862,0x0862,0xa535,0xef7e,0xad76,0x2145,0x2966,0xd6db,0xd6db,0x31c7,0x0862,0x0862,0x0862,0x0862,0x0862,0x0862,
  0x0862,0x0862,0x0862,0x0862,0x0883,0x10e4,0x10a3,0x0862,0x0862,0x0862,0x0862,0x0862,0x0862,0x0862,0x0862,0x0862,
  0x0862,0x0862,0x0862,0x0862,0x0862,0x0862,0x0862,0x0862,0x0862,0x0862,0x0862,0x0862,0x0862,0x0862,0x0862,0x0862,
  0x0862,0x0862,0x0862,0x0862,0x0862,0x0862,0x0862,0x0862,0x0862,0x0862,0x0862,0x0862,0x0862,0x0862,0x0862,0x0862,
  0x0862,0x0862,0x0862,0x0862,0x0862,0x0862,0x0862,0x0862,0x0862,0x0862,0x0862,0x0862,0x0862,0x0862,0x0862,0x0862,
  0x0862,0x0862,0x0862,0x0862,0x0862,0x0862,0x0862,0x0862,0x0862,0x0862,0x0862,0x0862,0x0862,0x0862,0x0862,0x0862,
  0x0862,0x0862,0xa535,0xd6db,0xdefc,0xc639,0x4a6a,0x39e8,0xd6db,0x5aec,0x0862,0x0862,0x0862,0x0862,0x0862,0x0862,
  0x0862,0x0862,0x0862,0x0862,0x0883,0x10e4,0x10a3,0x0862,0x0862,0x0862,0x0862,0x0862,0x0862,0x0862,0x0862,0x0862,
  0x0862,0x0862,0x0862,0x0862,0x0862,0x0862,0x0862,0x0862,0x0862,0x0862,0x0862,0x0862,0x0862,0x0862,0x0862,0x0862,
  0x0862,0x0862,0x0862,0x0862,0x0862,0x0862,0x0862,0x0862,0x0862,0x0862,0x0862,0x0862,0x0862,0x0862,0x0862,0x0862,
  0x0862,0x0862,0x0862,0x0862,0x0862,0x0862,0x0862,0x0862,0x0862,0x0862,0x0862,0x0862,0x0862,0x0862,0x0862,0x0862,
  0x0862,0x0862,0x0862,0x0862,0x0862,0x0862,0x0862,0x0862,0x0862,0x0862,0x0862,0x0862,0x0862,0x0862,0x0862,0x0862,
  0x0862,0x0862,0xa535,0xa555,0x2145,0xd6bb,0xe75d,0xe73d,0xe73d,0x3a09,0x0862,0x0862,0x0882,0x0882,0x0862,0x0862,
  0x0862,0x0862,0x0862,0x0882,0x10c3,0x1904,0x10c3,0x0882,0x0862,0x0862,0x0862,0x0862,0x0862,0x0862,0x0862,0x0862,
  0x0862,0x0862,0x0862,0x0862,0x0862,0x0862,0x0862,0x0862,0x0862,0x0862,0x0862,0x0862,0x0862,0x0862,0x0862,0x0862,
  0x0862,0x0862,0x0862,0x0862,0x0862,0x0862,0x0862,0x0862,0x0862,0x0862,0x0862,0x0862,0x0862,0x0862,0x0862,0x0862,
  0x0862,0x0862,0x0862,0x0862,0x0862,0x0862,0x0862,0x0862,0x0862,0x0862,0x0862,0x0862,0x0862,0x0862,0x0862,0x0862,
  0x0862,0x0862,0x0862,0x0862,0x0862,0x0862,0x0862,0x0862,0x0862,0x0862,0x0862,0x0862,0x0862,0x0862,0x0862,0x0862,
  0x0862,0x0862,0x7c10,0x8431,0x0882,0x2125,0x73cf,0x9cf4,0x52cb,0x0882,0x0862,0x0862,0x4aab,0x31e8,0x31e8,0x0862,
  0x0862,0x0862,0x10a2,0x6222,0x6a63,0x6aa4,0x6a83,0x6242,0x18c2,0x0862,0x0862,0x0862,0x0862,0x0862,0x0862,0x0862,
  0x0862,0x0862,0x0862,0x0862,0x0862,0x0862,0x0862,0x0862,0x0862,0x0862,0x0862,0x0862,0x0862,0x0862,0x0862,0x0862,
  0x0862,0x0862,0x0862,0x0862,0x0862,0x0862,0x0862,0x0862,0x0862,0x0862,0x0862,0x0862,0x0862,0x0862,0x0862,0x0862,
  0x0862,0x0862,0x0862,0x0862,0x0862,0x0862,0x0862,0x0862,0x0862,0x0862,0x0862,0x0862,0x0862,0x0862,0x0862,0x0862,
  0x0862,0x0862,0x0862,0x0862,0x0862,0x0862,0x0862,0x0862,0x0862,0x0862,0x0862,0x0862,0x0862,0x0862,0x0862,0x0862,
  0x0862,0x0862,0x10a3,0x4a6a,0x6b6e,0x4229,0x3a08,0x634d,0x31a7,0x0862,0x0862,0x0862,0x428a,0x424a,0x31a7,0x0862,
  0x0862,0x0862,0x0862,0x0862,0x10a3,0x1904,0x10c3,0x0862,0x0862,0x0862,0x0862,0x0862,0x0862,0x0862,0x0862,0x0862,
  0x0862,0x0862,0x0862,0x0862,0x0862,0x0862,0x0862,0x0862,0x0862,0x0862,0x0862,0x0862,0x0862,0x0862,0x0862,0x0862,
  0x0862,0x0862,0x0862,0x0862,0x0862,0x0862,0x0862,0x0862,0x0862,0x0862,0x0862,0x0862,0x0862,0x0862,0x0862,0x0862,
  0x0862,0x0862,0x0862,0x0862,0x0862,0x0862,0x0862,0x0862,0x0862,0x0862,0x0862,0x0862,0x0862,0x0862,0x0862,0x0862,
  0x0862,0x0862,0x0862,0x0862,0x0862,0x0862,0x0862,0x0862,0x0862,0x0862,0x0862,0x0862,0x0862,0x0862,0x0862,0x0862,
  0x0862,0x0862,0x634d,0xe75d,0xef7e,0xef7e,0xef7e,0xef7e,0xdefc,0x2966,0x0862,0x0862,0x3a09,0x3a09,0x2966,0x0862,
  0x0862,0x0862,0x0862,0x0862,0x0883,0x10e4,0x10a3,0x0862,0x0862,0x0862,0x0862,0x0862,0x0862,0x0862,0x0862,0x0862,
  0x0862,0x0862,0x0862,0x0862,0x0862,0x0862,0x0862,0x0862,0x0862,0x0862,0x0862,0x0862,0x0862,0x0862,0x0862,0x0862,
  0x0862,0x0862,0x0862,0x0862,0x0862,0x0862,0x0862,0x0862,0x0862,0x0862,0x0862,0x0862,0x0862,0x0862,0x0862,0x0862,
  0x0862,0x0862,0x0862,0x0862,0x0862,0x0862,0x0862,0x0862,0x0862,0x0862,0x0862,0x0862,0x0862,0x0862,0x0862,0x0862,
  0x0862,0x0862,0x0862,0x0862,0x0862,0x0862,0x0862,0x0862,0x0862,0x0862,0x0862,0x0862,0x0862,0x0862,0x0862,0x0862,
  0x0862,0x0862,0x9d14,0xc639,0x4249,0xc639,0xc639,0x4a8a,0xd6bb,0x5aec,0x0862,0x0862,0x5b0d,0x3a08,0x424a,0x0862,
  0x0862,0x0862,0x0862,0x0862,0x0883,0x10e4,0x10a3,0x0862,0x0862,0x0862,0x0862,0x0862,0x0862,0x0862,0x0862,0x0862,
  0x0862,0x0862,0x0862,0x0862,0x0862,0x0862,0x0862,0x0862,0x0862,0x0862,0x0862,0x0862,0x0862,0x0862,0x0862,0x0862,
  0x0862,0x0862,0x0862,0x0862,0x0862,0x0862,0x0862,0x0862,0x0862,0x0862,0x0862,0x0862,0x0862,0x0862,0x0862,0x0862,
  0x0862,0x0862,0x0862,0x0862,0x0862,0x0862,0x0862,0x0862,0x0862,0x0862,0x0862,0x0862,0x0862,0x0862,0x0862,0x0862,
  0x0862,0x0862,0x0862,0x0862,0x0862,0x0862,0x0862,0x0862,0x0862,0x0862,0x0862,0x0862,0x0862,0x0862,0x0862,0x0862,
  0x0862,0x0862,0x8431,0xdf1c,0xb5b7,0xe73d,0xdf1c,0xc639,0xdefc,0x4229,0x0862,0x0862,0x29a7,0x3a49,0x1905,0x0862,
  0x0862,0x0862,0x0862,0x0862,0x0883,0x10e4,0x10a3,0x0862,0x0862,0x0862,0x0862,0x0862,0x0862,0x0862,0x0862,0x0862,
  0x0862,0x0862,0x0862,0x0862,0x0862,0x0862,0x0862,0x0862,0x0862,0x0862,0x0862,0x0862,0x0862,0x0862,0x0862,0x0862,
  0x0862,0x0862,0x0862,0x0862,0x0862,0x0862,0x0862,0x0862,0x0862,0x0862,0x0862,0x0862,0x0862,0x0862,0x0862,0x0862,
  0x0862,0x0862,0x0862,0x0862,0x0862,0x0862,0x0862,0x0862,0x0862,0x0862,0x0862,0x0862,0x0862,0x0862,0x0862,0x0862,
  0x0862,0x0862,0x0862,0x0862,0x0862,0x0862,0x0862,0x0862,0x0862,0x0862,0x0862,0x0862,0x0862,0x0862,0x0862,0x0862,
  0x0862,0x0862,0x10c3,0x8c92,0xd6db,0x8451,0x73cf,0xce7a,0x5b0c,0x0882,0x0862,0x0862,0x5b2d,0x52ec,0x3a29,0x0862,
  0x0862,0x0862,0x0862,0x0862,0x0883,0x10e4,0x10a3,0x0862,0x0862,0x0862,0x0862,0x0862,0x0862,0x0862,0x0862,0x0862,
  0x0862,0x0862,0x0862,0x0862,0x0862,0x0862,0x0862,0x0862,0x0862,0x0862,0x0862,0x0862,0x0862,0x0862,0x0862,0x0862,
  0x0862,0x0862,0x0862,0x0862,0x0862,0x0862,0x0862,0x0862,0x0862,0x0862,0x0862,0x0862,0x0862,0x0862,0x0862,0x0862,
  0x0862,0x0862,0x0862,0x0862,0x0862,0x0862,0x0862,0x0862,0x0862,0x0862,0x0862,0x0862,0x0862,0x0862,0x0862,0x0862,
  0x0862,0x0862,0x0862,0x0862,0x0862,0x0862,0x0862,0x0862,0x0862,0x0862,0x0862,0x0862,0x0862,0x0862,0x0862,0x0862,
  0x0862,0x0862,0x0862,0x10a3,0xad76,0x9d14,0x4a6a,0x0882,0x0862,0x0862,0x0862,0x0862,0x4aab,0x4a8b,0x31c8,0x0862,
  0x0862,0x0862,0x0862,0x0862,0x0883,0x10e4,0x10a3,0x0862,0x0862,0x0862,0x0862,0x0862,0x0862,0x0862,0x0862,0x0862,
  0x0862,0x0862,0x0862,0x0862,0x0862,0x0862,0x0862,0x0862,0x0862,0x0862,0x0862,0x0862,0x0862,0x0862,0x0862,0x0862,
  0x0862,0x0862,0x0862,0x0862,0x0862,0x0862,0x0862,0x0862,0x0862,0x0862,0x0862,0x0862,0x0862,0x0862,0x0862,0x0862,
  0x0862,0x0862,0x0862,0x0862,0x0862,0x0862,0x0862,0x0862,0x0862,0x0862,0x0862,0x0862,0x0862,0x0862,0x0862,0x0862,
  0x0862,0x0862,0x0862,0x0862,0x0862,0x0862,0x0862,0x0862,0x0862,0x0862,0x0862,0x0862,0x0862,0x0862,0x0862,0x0862,
  0x0862,0x0862,0x0862,0x10a3,0xe73d,0xef7e,0xf7bf,0xd6bb,0x73cf,0x2125,0x0862,0x0862,0x0862,0x0862,0x0862,0x0862,
  0x0862,0x0862,0x0862,0x0862,0x0883,0x10e4,0x10a3,0x0862,0x0862,0x0862,0x0862,0x0862,0x0862,0x0862,0x0862,0x0862,
  0x0862,0x0862,0x0862,0x0862,0x0862,0x0862,0x0862,0x0862,0x0862,0x0862,0x0862,0x0862,0x0862,0x0862,0x0862,0x0862,
  0x0862,0x0862,0x0862,0x0862,0x0862,0x0862,0x0862,0x0862,0x0862,0x0862,0x0862,0x0862,0x0862,0x0862,0x0862,0x0862,
  0x0862,0x0862,0x0862,0x0862,0x0862,0x0862,0x0862,0x0862,0x0862,0x0862,0x0862,0x0862,0x0862,0x0862,0x0862,0x0862,
  0x0862,0x0862,0x0862,0x0862,0x0862,0x0862,0x0862,0x0862,0x0862,0x0862,0x0862,0x0862,0x0862,0x0862,0x0862,0x0862,
  0x0862,0x0862,0x0882,0x1904,0xe73d,0x6b8e,0x5b0c,0xc659,0xdf1c,0x5aec,0x0862,0x0862,0x0862,0x0862,0x0862,0x0862,
  0x0862,0x0862,0x0862,0x0862,0x0883,0x10e4,0x10a3,0x0862,0x0862,0x0862,0x0862,0x0862,0x0862,0x0862,0x0862,0x0862,
  0x0862,0x0862,0x0862,0x0862,0x0862,0x0862,0x0862,0x0862,0x0862,0x0862,0x0862,0x0862,0x0862,0x0862,0x0862,0x0862,
  0x0862,0x0862,0x0862,0x0862,0x0862,0x0862,0x0862,0x0862,0x0862,0x0862,0x0862,0x0862,0x0862,0x0862,0x0862,0x0862,
  0x0862,0x0862,0x0862,0x0862,0x0862,0x0862,0x0862,0x0862,0x0862,0x0862,0x0862,0x0862,0x0862,0x0862,0x0862,0x0862,
  0x0862,0x0862,0x0862,0x0862,0x0862,0x0862,0x0862,0x0862,0x0862,0x0862,0x0862,0x0862,0x0862,0x0862,0x0862,0x0862,
  0x0862,0x0862,0x8451,0xce9a,0xef9e,0xdefc,0x8c72,0x18e4,0x31c7,0x2125,0x0862,0x0862,0x0862,0x0862,0x0862,0x0862,
  0x0862,0x0862,0x0862,0x0862,0x0883,0x10e4,0x10a3,0x0862,0x0862,0x0862,0x0862,0x0862,0x0862,0x0862,0x0862,0x0862,
  0x0862,0x0862,0x0862,0x0862,0x0862,0x0862,0x0862,0x0862,0x0862,0x0862,0x0862,0x0862,0x0862,0x0862,0x0862,0x0862,
  0x0862,0x0862,0x0862,0x0862,0x0862,0x0862,0x0862,0x0862,0x0862,0x0862,0x0862,0x0862,0x0862,0x0862,0x0862,0x0862,
  0x0862,0x0862,0x0862,0x0862,0x0862,0x0862,0x0862,0x0862,0x0862,0x0862,0x0862,0x0862,0x0862,0x0862,0x0862,0x0862,
  0x0862,0x0862,0x0862,0x0862,0x0862,0x0862,0x0862,0x0862,0x0862,0x0862,0x0862,0x0862,0x0862,0x0862,0x0862,0x0862,
  0x0862,0x0862,0x634d,0x9cf4,0xdefc,0xb5b7,0x634d,0x0882,0x0862,0x0862,0x0862,0x0862,0x0862,0x0862,0x0862,0x0862,
  0x0862,0x0862,0x0862,0x0862,0x0883,0x10e4,0x10a3,0x0862,0x0862,0x0862,0x0862,0x0862,0x0862,0x0862,0x0862,0x0862,
  0x0862,0x0862,0x0862,0x0862,0x0862,0x0862,0x0862,0x0862,0x0862,0x0862,0x0862,0x0862,0x0862,0x0862,0x0862,0x0862,
  0x0862,0x0862,0x0862,0x0862,0x0862,0x0862,0x0862,0x0862,0x0862,0x0862,0x0862,0x0862,0x0862,0x0862,0x0862,0x0862,
  0x0862,0x0862,0x0862,0x0862,0x0862,0x0862,0x0862,0x0862,0x0862,0x0862,0x0862,0x0862,0x0862,0x0862,0x0862,0x0862,
  0x0862,0x0862,0x0862,0x0862,0x0862,0x0862,0x0862,0x0862,0x0862,0x0862,0x0862,0x0862,0x0862,0x0862,0x0862,0x0862,
  0x0862,0x0862,0x0862,0x0882,0x10a3,0x10a3,0x0862,0x0862,0x0862,0x0862,0x0862,0x0862,0x0862,0x0862,0x0862,0x0862,
  0x0862,0x0862,0x0862,0x0862,0x0883,0x10e4,0x10a3,0x0862,0x0862,0x0862,0x0862,0x0862,0x0862,0x0862,0x0862,0x0862,
  0x0862,0x0862,0x0862,0x0862,0x0862,0x0862,0x0862,0x0862,0x0862,0x0862,0x0862,0x0862,0x0862,0x0862,0x0862,0x0862,
  0x0862,0x0862,0x0862,0x0862,0x0862,0x0862,0x0862,0x0862,0x0862,0x0862,0x0862,0x0862,0x0862,0x0862,0x0862,0x0862,
  0x0862,0x0862,0x0862,0x0862,0x0862,0x0862,0x0862,0x0862,0x0862,0x0862,0x0862,0x0862,0x0862,0x0862,0x0862,0x0862,
  0x0862,0x0862,0x0862,0x0862,0x0862,0x0862,0x0862,0x0862,0x0862,0x0862,0x0862,0x0862,0x0862,0x0862,0x0862,0x0862,
  0x0862,0x0862,0x0882,0x08a3,0x08a3,0x0882,0x0862,0x0862,0x0862,0x0862,0x0862,0x0862,0x0862,0x0862,0x0862,0x0862,
  0x0862,0x0862,0x0862,0x0862,0x0883,0x10e4,0x10a3,0x0862,0x0862,0x0862,0x0862,0x0862,0x0862,0x0862,0x0862,0x0862,
  0x0862,0x0862,0x0862,0x0862,0x0862,0x0862,0x0862,0x0862,0x0862,0x0862,0x0862,0x0862,0x0862,0x0862,0x0862,0x0862,
  0x0862,0x0862,0x0862,0x0862,0x0862,0x0862,0x0862,0x0862,0x0862,0x0862,0x0862,0x0862,0x0862,0x0862,0x0862,0x0862,
  0x0862,0x0862,0x0862,0x0862,0x0862,0x0862,0x0862,0x0862,0x0862,0x0862,0x0862,0x0862,0x0862,0x0862,0x0862,0x0862,
  0x0862,0x0862,0x0862,0x0862,0x0862,0x0862,0x0862,0x0862,0x0862,0x0862,0x0862,0x0862,0x0862,0x0862,0x0862,0x0862,
  0x0862,0x0862,0x31c7,0x638f,0x530d,0x2987,0x0862,0x0862,0x0862,0x0862,0x0862,0x0862,0x0862,0x0862,0x0862,0x0862,
  0x0862,0x0862,0x0862,0x0862,0x0883,0x10e4,0x10a3,0x0862,0x0862,0x0862,0x0862,0x0862,0x0862,0x0862,0x0862,0x0862,
  0x0862,0x0862,0x0862,0x0862,0x0862,0x0862,0x0862,0x0862,0x0862,0x0862,0x0862,0x0862,0x0862,0x0862,0x0862,0x0862,
  0x0862,0x0862,0x0862,0x0862,0x0862,0x0862,0x0862,0x0862,0x0862,0x0862,0x0862,0x0862,0x0862,0x0862,0x0862,0x0862,
  0x0862,0x0862,0x0862,0x0862,0x0862,0x0862,0x0862,0x0862,0x0862,0x0862,0x0862,0x0862,0x0862,0x0862,0x0862,0x0862,
  0x0862,0x0862,0x0862,0x0862,0x0862,0x0862,0x0862,0x0862,0x0862,0x0862,0x0862,0x0862,0x0862,0x0862,0x0862,0x0862,
  0x0862,0x0862,0x3a29,0x2987,0x3a09,0x0862,0x0862,0x0862,0x0862,0x0862,0x0862,0x0862,0x0862,0x0862,0x0862,0x0862,
  0x0862,0x0862,0x0862,0x0862,0x0883,0x10e4,0x10a3,0x0862,0x0862,0x0862,0x0862,0x0862,0x0862,0x0862,0x0862,0x0862,
  0x0862,0x0862,0x0862,0x0862,0x0862,0x0862,0x0862,0x0862,0x0862,0x0862,0x0862,0x0862,0x0862,0x0862,0x0862,0x0862,
  0x0862,0x0862,0x0862,0x0862,0x0862,0x0862,0x0862,0x0862,0x0862,0x0862,0x0862,0x0862,0x0862,0x0862,0x0862,0x0862,
  0x0862,0x0862,0x0862,0x0862,0x0862,0x0862,0x0862,0x0862,0x0862,0x0862,0x0862,0x0862,0x0862,0x0862,0x0862,0x0862,
  0x0862,0x0862,0x0862,0x0862,0x0862,0x0862,0x0862,0x0862,0x0862,0x0862,0x0862,0x0862,0x0862,0x0862,0x0862,0x0862,
  0x0862,0x0862,0x2146,0x31e8,0x52ed,0x0862,0x0862,0x0862,0x0862,0x0862,0x0862,0x0862,0x0862,0x0862,0x0862,0x0862,
  0x0862,0x0862,0x0862,0x0862,0x0883,0x10e4,0x08a3,0x0862,0x0862,0x0862,0x0862,0x0862,0x0862,0x0862,0x0862,0x0862,
  0x0862,0x0862,0x0862,0x0862,0x0862,0x0862,0x0862,0x0862,0x0862,0x0862,0x0862,0x0862,0x0862,0x0862,0x0862,0x0862,
  0x0862,0x0862,0x0862,0x0862,0x0862,0x0862,0x0862,0x0862,0x0862,0x0862,0x0862,0x0862,0x0862,0x0862,0x0862,0x0862,
  0x0862,0x0862,0x0862,0x0862,0x0862,0x0862,0x0862,0x0862,0x0862,0x0862,0x0862,0x0862,0x0862,0x0862,0x0862,0x0862,
  0x0862,0x0862,0x0862,0x0862,0x0862,0x0862,0x0862,0x0862,0x0862,0x0862,0x0862,0x0862,0x0862,0x0862,0x0862,0x0862,
  0x0862,0x0862,0x29a7,0x428b,0x636e,0x0862,0x0862,0x0862,0x0862,0x0862,0x0862,0x0862,0x0862,0x0862,0x0862,0x0862,
  0x0862,0x0862,0x0862,0x0862,0x0862,0x10a3,0x0862,0x0862,0x0862,0x0862,0x0862,0x0862,0x0862,0x0862,0x0862,0x0862,
  0x0862,0x0862,0x0862,0x0862,0x0862,0x0862,0x0862,0x0862,0x0862,0x0862,0x0862,0x0862,0x0862,0x0862,0x0862,0x0862,
  0x0862,0x0862,0x0862,0x0862,0x0862,0x0862,0x0862,0x0862,0x0862,0x0862,0x0862,0x0862,0x0862,0x0862,0x0862,0x0862,
  0x0862,0x0862,0x0862,0x0862,0x0862,0x0862,0x0862,0x0862,0x0862,0x0862,0x0862,0x0862,0x0862,0x0862,0x0862,0x0862,
  0x0862,0x0862,0x0862,0x0862,0x0862,0x0862,0x0862,0x0862,0x0862,0x0862,0x0862,0x0862,0x0862,0x0862,0x0862,0x0862,
  0x0862,0x0862,0x31e8,0x52cc,0x636e,0x0862,0x0862,0x0862,0x0862,0x0862,0x0862,0x0862,0x0862,0x0862,0x0862,0x0862,
  0x0862,0x0862,0x0862,0x0862,0x0862,0x0862,0x0862,0x0862,0x0862,0x0862,0x0862,0x0862,0x0862,0x0862,0x0862,0x0862,
  0x0862,0x0862,0x0862,0x0862,0x0862,0x0862,0x0862,0x0862,0x0862,0x0862,0x0862,0x0862,0x0862,0x0862,0x0862,0x0862,
  0x0862,0x0862,0x0862,0x0862,0x0862,0x0862,0x0862,0x0862,0x0862,0x0862,0x0862,0x0862,0x0862,0x0862,0x0862,0x0862,
  0x0862,0x0862,0x0862,0x0862,0x0862,0x0862,0x0862,0x0862,0x0862,0x0862,0x0862,0x0862,0x0862,0x0862,0x0862,0x0862,
  0x0862,0x0862,0x0862,0x0862,0x0862,0x0862,0x0862,0x0862,0x0862,0x0862,0x0862,0x0862,0x0862,0x0862,0x0862,0x0862,
  0x0862,0x0862,0x0882,0x10a3,0x0882,0x0862,0x0862,0x0862,0x0862,0x0862,0x0862,0x0862,0x0862,0x0862,0x0862,0x0862,
  0x0862,0x0862,0x0862,0x0862,0x0862,0x0862,0x0862,0x0862,0x0862,0x0862,0x0862,0x0862,0x0862,0x0862,0x0862,0x0862,
  0x0862,0x0862,0x0862,0x0862,0x0862,0x0862,0x0862,0x0862,0x0862,0x0862,0x0862,0x0862,0x0862,0x0862,0x0862,0x0862,
  0x0862,0x0862,0x0862,0x0862,0x0862,0x0862,0x0862,0x0862,0x0862,0x0862,0x0862,0x0862,0x0862,0x0862,0x0862,0x0862,
  0x0862,0x0862,0x0862,0x0862,0x0862,0x0862,0x0862,0x0862,0x0862,0x0862,0x0862,0x0862,0x0862,0x0862,0x0862,0x0862,
  0x0862,0x0862,0x0862,0x0862,0x0862,0x0862,0x0862,0x0862,0x0862,0x0862,0x0862,0x0862,0x0862,0x0862,0x0862,0x0862,
  0x0862,0x0862,0x0862,0x0862,0x0862,0x0862,0x0862,0x0862,0x0862,0x0862,0x0862,0x0862,0x0862,0x0862,0x0862,0x0862,
  0x0862,0x0862,0x0862,0x0862,0x0862,0x0862,0x0862,0x0862,0x0862,0x0862,0x0862,0x0862,0x0862,0x0862,0x0862,0x0862,
  0x0862,0x0862,0x0862,0x0862,0x0862,0x0862,0x0862,0x0862,0x0862,0x0862,0x0862,0x0862,0x0862,0x0862,0x0862,0x0862,
  0x0862,0x0862,0x0862,0x0862,0x0862,0x0862,0x0862,0x0862,0x0862,0x0862,0x0862,0x0862,0x0862,0x0862,0x0862,0x0862,
  0x0862,0x0862,0x0862,0x0862,0x0862,0x0862,0x0862,0x0862,0x0862,0x0862,0x0862,0x0862,0x0862,0x0862,0x0862,0x0862,
  0x0862,0x0862,0x0862,0x0862,0x0862,0x0862,0x0862,0x0862,0x0862,0x0862,0x0862,0x0862,0x0862,0x0862,0x0862,0x0862,
  0x0862,0x0862,0x0862,0x0862,0x0862,0x0862,0x0862,0x0862,0x0862,0x0862,0x0862,0x0862,0x0862,0x0862,0x0862,0x0862,
  0x0862,0x0862,0x0862,0x0862,0x0862,0x0862,0x0862,0x0862,0x0862,0x0862,0x0862,0x0862,0x0862,0x0862,0x0862,0x0862,
  0x0862,0x0862,0x0862,0x0862,0x0862,0x0862,0x0862,0x0862,0x0862,0x0862,0x0862,0x0862,0x0862,0x0862,0x0862,0x0862,
  0x0862,0x0862,0x0862,0x0862,0x0862,0x0862,0x0862,0x0862,0x0862,0x0862,0x0862,0x0862,0x0862,0x0862,0x0862,0x0862,
  0x0862,0x0862,0x0862,0x0862,0x0862,0x0862,0x0862,0x0862,0x0862,0x0862,0x0862,0x0862,0x0862,0x0862,0x0862,0x0862,
  0x0862,0x0862,0x0862,0x0862,0x0862,0x0862,0x0862,0x0862,0x0862,0x0862,0x0862,0x0862,0x0862,0x0862,0x0862,0x0862,
  0x0862,0x0862,0x0862,0x0862,0x0862,0x0862,0x0862,0x0862,0x0862,0x0862,0x0862,0x0862,0x0862,0x0862,0x0862,0x0862,
  0x0862,0x0862,0x0862,0x0862,0x0862,0x0862,0x0862,0x0862,0x0862,0x0862,0x0862,0x0862,0x0862,0x0862,0x0862,0x0862,
  0x0862,0x0862,0x0862,0x0862,0x0862,0x0862,0x0862,0x0862,0x0862,0x0862,0x0862,0x0862,0x0862,0x0862,0x0862,0x0862,
  0x0862,0x0862,0x0862,0x0862,0x0862,0x0862,0x0862,0x0862,0x0862,0x0862,0x0862,0x0862,0x0862,0x0862,0x0862,0x0862,
  0x0862,0x0862,0x0862,0x0862,0x0862,0x0862,0x0862,0x0862,0x0862,0x0862,0x0862,0x0862,0x0862,0x0862,0x0862,0x0862,
  0x0862,0x0862,0x0862,0x0862,0x0862,0x0862,0x0862,0x0862,0x0862,0x0862,0x0862,0x0862,0x0862,0x0862,0x0862,0x0862,
  0x0862,0x0862,0x0862,0x0862,0x0862,0x0862,0x0862,0x0862,0x0862,0x0862,0x0862,0x0862,0x0862,0x0862,0x0862,0x0862,
  0x0862,0x0862,0x0862,0x0862,0x0862,0x0862,0x0862,0x0862,0x0862,0x0862,0x0862,0x0862,0x0862,0x0862,0x0862,0x0862,
  0x0862,0x0862,0x0862,0x0862,0x0862,0x0862,0x0862,0x0862,0x0862,0x0862,0x0862,0x0862,0x0862,0x0862,0x0862,0x0862,
  0x0862,0x0862,0x0862,0x0862,0x0862,0x0862,0x0862,0x0862,0x0862,0x0862,0x0862,0x0862,0x0862,0x0862,0x0862,0x0862,
  0x0862,0x0862,0x0862,0x0862,0x0862,0x0862,0x0862,0x0862,0x0862,0x0862,0x0862,0x0862,0x0862,0x0862,0x0862,0x0862,
  0x0862,0x0862,0x0862,0x0862,0x0862,0x0862,0x0862,0x0862,0x0862,0x0862,0x0862,0x0862,0x0862,0x0862,0x0862,0x0862,
  0x0862,0x0862,0x0862,0x0862,0x0862,0x0862,0x0862,0x0862,0x0862,0x0862,0x0862,0x0862,0x0862,0x0862,0x0862,0x0862,
  0x0862,0x0862,0x0862,0x0862,0x0862,0x0862,0x0862,0x0862,0x0862,0x0862,0x0862,0x0862,0x0862,0x0862,0x0862,0x0862,
  0x0862,0x0862,0x0862,0x0862,0x0862,0x0862,0x0862,0x0862,0x0862,0x0862,0x0862,0x0862,0x0862,0x0862,0x0862,0x0862,
  0x0862,0x0862,0x0862,0x0862,0x0862,0x0862,0x0862,0x0862,0x0862,0x0862,0x0862,0x0862,0x0862,0x0862,0x0862,0x0862,
  0x0862,0x0862,0x0862,0x0862,0x0862,0x0862,0x0862,0x0862,0x0862,0x0862,0x0862,0x0862,0x0862,0x0862,0x0862,0x0862,
  0x0862,0x0862,0x0862,0x0862,0x0862,0x0862,0x0862,0x0862,0x0862,0x0862,0x0862,0x0862,0x0862,0x0862,0x0862,0x0862,
  0x0862,0x0862,0x0862,0x0862,0x0862,0x0862,0x0862,0x0862,0x0862,0x0862,0x0862,0x0862,0x0862,0x0862,0x0862,0x0862,
  0x0862,0x0862,0x0862,0x0862,0x0862,0x0862,0x0862,0x0862,0x0862,0x0862,0x0862,0x0862,0x0862,0x0862,0x0862,0x0862,
  0x0862,0x0862,0x0862,0x0862,0x0862,0x0862,0x0862,0x0862,0x0862,0x0862,0x0862,0x0862,0x0862,0x0862,0x0862,0x0862,
  0x0862,0x0862,0x0862,0x0862,0x0862,0x0862,0x0862,0x0862,0x0862,0x0862,0x0862,0x0862,0x0862,0x0862,0x0862,0x0862,
  0x0862,0x0862,0x0862,0x0862,0x0862,0x0862,0x0862,0x0862,0x0862,0x0862,0x0862,0x0862,0x0862,0x0862,0x0862,0x0862,
  0x0862,0x0862,0x0862,0x0862,0x0862,0x0862,0x0862,0x0862,0x0862,0x0862,0x0862,0x0862,0x0862,0x0862,0x0862,0x0862,
};

static const uint16_t THUMB_PURE_LIGHT[144 * 96] PROGMEM = {
  0xef9e,0xef9e,0xef9e,0xef9e,0xef9e,0xef9e,0xef9e,0xef9e,0xef9e,0xef9e,0xef9e,0xef9e,0xef9e,0xef9e,0xef9e,0xef9e,
  0xef9e,0xef9e,0xef9e,0xef9e,0xef9e,0xef9e,0xef9e,0xef9e,0xef9e,0xef9e,0xef9e,0xef9e,0xef9e,0xef9e,0xef9e,0xef9e,
  0xef9e,0xef9e,0xef9e,0xef9e,0xef9e,0xef9e,0xef9e,0xef9e,0xef9e,0xef9e,0xef9e,0xef9e,0xef9e,0xef9e,0xef9e,0xef9e,
  0xef9e,0xef9e,0xef9e,0xef9e,0xef9e,0xef9e,0xef9e,0xef9e,0xef9e,0xef9e,0xef9e,0xef9e,0xef9e,0xef9e,0xef9e,0xef9e,
  0xef9e,0xef9e,0xef9e,0xef9e,0xef9e,0xef9e,0xef9e,0xef9e,0xef9e,0xef9e,0xef9e,0xef9e,0xef9e,0xef9e,0xef9e,0xef9e,
  0xef9e,0xef9e,0xef9e,0xef9e,0xef9e,0xef9e,0xef9e,0xef9e,0xef9e,0xef9e,0xef9e,0xef9e,0xef9e,0xef9e,0xef9e,0xef9e,
  0xef9e,0xef9e,0xef9e,0xef9e,0xef9e,0xef9e,0xef9e,0xef9e,0xef9e,0xef9e,0xef9e,0xef9e,0xef9e,0xef9e,0xef9e,0xef9e,
  0xef9e,0xef9e,0xef9e,0xef9e,0xef9e,0xef9e,0xef9e,0xef9e,0xef9e,0xef9e,0xef9e,0xef9e,0xef9e,0xef9e,0xef9e,0xef9e,
  0xef9e,0xef9e,0xef9e,0xef9e,0xef9e,0xef9e,0xef9e,0xef9e,0xef9e,0xef9e,0xef9e,0xef9e,0xef9e,0xef9e,0xef9e,0xef9e,
  0xef9e,0xef9e,0xef9e,0xef9e,0xef9e,0xef9e,0xef9e,0xef9e,0xef9e,0xef9e,0xef9e,0xef9e,0xef9e,0xef9e,0xef9e,0xef9e,
  0xef9e,0xef9e,0xef9e,0xef9e,0xef9e,0xef9e,0xef9e,0xef9e,0xef9e,0xef9e,0xef9e,0xef9e,0xef9e,0xef9e,0xef9e,0xef9e,
  0xef9e,0xef9e,0xef9e,0xef9e,0xef9e,0xef9e,0xef9e,0xef9e,0xef9e,0xef9e,0xef9e,0xef9e,0xef9e,0xef9e,0xef9e,0xef9e,
  0xef9e,0xef9e,0xef9e,0xef9e,0xef9e,0xef9e,0xef9e,0xef9e,0xef9e,0xef9e,0xef9e,0xef9e,0xef9e,0xef9e,0xef9e,0xef9e,
  0xef9e,0xef9e,0xef9e,0xef9e,0xef9e,0xef9e,0xef9e,0xef9e,0xef9e,0xef9e,0xef9e,0xef9e,0xef9e,0xef9e,0xef9e,0xef9e,
  0xef9e,0xef9e,0xef9e,0xef9e,0xef9e,0xef9e,0xef9e,0xef9e,0xef9e,0xef9e,0xef9e,0xef9e,0xef9e,0xef9e,0xef9e,0xef9e,
  0xef9e,0xef9e,0xef9e,0xef9e,0xef9e,0xef9e,0xef9e,0xef9e,0xef9e,0xef9e,0xef9e,0xef9e,0xef9e,0xef9e,0xef9e,0xef9e,
  0xef9e,0xef9e,0xef9e,0xef9e,0xef9e,0xef9e,0xef9e,0xef9e,0xef9e,0xef9e,0xef9e,0xef9e,0xef9e,0xef9e,0xef9e,0xef9e,
  0xef9e,0xef9e,0xef9e,0xef9e,0xef9e,0xef9e,0xef9e,0xef9e,0xef9e,0xef9e,0xef9e,0xef9e,0xef9e,0xef9e,0xef9e,0xef9e,
  0xef9e,0xef9e,0xef9e,0xef9e,0xef9e,0xef9e,0xef9e,0xef9e,0xef9e,0xef9e,0xef9e,0xef9e,0xef9e,0xef9e,0xef9e,0xef9e,
  0xef9e,0xef9e,0xef9e,0xef9e,0xef9e,0xef9e,0xef9e,0xef9e,0xef9e,0xef9e,0xef9e,0xef9e,0xef9e,0xef9e,0xef9e,0xef9e,
  0xef9e,0xef9e,0xef9e,0xef9e,0xef9e,0xef9e,0xef9e,0xef9e,0xef9e,0xef9e,0xef9e,0xef9e,0xef9e,0xef9e,0xef9e,0xef9e,
  0xef9e,0xef9e,0xef9e,0xef9e,0xef9e,0xef9e,0xef9e,0xef9e,0xef9e,0xef9e,0xef9e,0xef9e,0xef9e,0xef9e,0xef9e,0xef9e,
  0xef9e,0xef9e,0xef9e,0xef9e,0xef9e,0xef9e,0xef9e,0xef9e,0xef9e,0xef9e,0xef9e,0xef9e,0xef9e,0xef9e,0xef9e,0xef9e,
  0xef9e,0xef9e,0xef9e,0xef9e,0xef9e,0xef9e,0xef9e,0xef9e,0xef9e,0xef9e,0xef9e,0xef9e,0xef9e,0xef9e,0xef9e,0xef9e,
  0xef9e,0xef9e,0xef9e,0xef9e,0xef9e,0xef9e,0xef9e,0xef9e,0xef9e,0xef9e,0xef9e,0xef9e,0xef9e,0xef9e,0xef9e,0xef9e,
  0xef9e,0xef9e,0xef9e,0xef9e,0xef9e,0xef9e,0xef9e,0xef9e,0xef9e,0xef9e,0xef9e,0xef9e,0xef9e,0xef9e,0xef9e,0xef9e,
  0xef9e,0xef9e,0xef9e,0xef9e,0xef9e,0xef9e,0xef9e,0xef9e,0xef9e,0xef9e,0xef9e,0xef9e,0xef9e,0xef9e,0xef9e,0xef9e,
  0xef9e,0xef9e,0xef9e,0xef9e,0xef9e,0xef9e,0xef9e,0xef9e,0xef9e,0xef9e,0xef9e,0xef9e,0xef9e,0xef9e,0xef9e,0xef9e,
  0xef9e,0xef9e,0xef9e,0xef9e,0xef9e,0xef9e,0xef9e,0xef9e,0xef9e,0xef9e,0xef9e,0xef9e,0xef9e,0xef9e,0xef9e,0xef9e,
  0xef9e,0xef9e,0xef9e,0xef9e,0xef9e,0xef9e,0xef9e,0xef9e,0xef9e,0xef9e,0xef9e,0xef9e,0xef9e,0xef9e,0xef9e,0xef9e,
  0xef9e,0xef9e,0xef9e,0xef9e,0xef9e,0xef9e,0xef9e,0xef9e,0xef9e,0xef9e,0xef9e,0xef9e,0xef9e,0xef9e,0xef9e,0xef9e,
  0xef9e,0xef9e,0xef9e,0xef9e,0xef9e,0xef9e,0xef9e,0xef9e,0xef9e,0xef9e,0xef9e,0xef9e,0xef9e,0xef9e,0xef9e,0xef9e,
  0xef9e,0xef9e,0xef9e,0xef9e,0xef9e,0xef9e,0xef9e,0xef9e,0xef9e,0xef9e,0xef9e,0xef9e,0xef9e,0xef9e,0xef9e,0xef9e,
  0xef9e,0xef9e,0xef9e,0xef9e,0xef9e,0xef9e,0xef9e,0xef9e,0xef9e,0xef9e,0xef9e,0xef9e,0xef9e,0xef9e,0xef9e,0xef9e,
  0xef9e,0xef9e,0xef9e,0xef9e,0xef9e,0xef9e,0xef9e,0xef9e,0xef9e,0xef9e,0xef9e,0xef9e,0xef9e,0xef9e,0xef9e,0xef9e,
  0xef9e,0xef9e,0xef9e,0xef9e,0xef9e,0xef9e,0xef9e,0xef9e,0xef9e,0xef9e,0xef9e,0xef9e,0xef9e,0xef9e,0xef9e,0xef9e,
  0xef9e,0xef9e,0xef9e,0xef9e,0xef9e,0xef9e,0xef9e,0xef9e,0xef9e,0xef9e,0xef9e,0xef9e,0xef9e,0xef9e,0xef9e,0xef9e,
  0xef9e,0xef9e,0xef9e,0xef9e,0xef9e,0xef9e,0xef9e,0xef9e,0xef9e,0xef9e,0xef9e,0xef9e,0xef9e,0xef9e,0xef9e,0xef9e,
  0xef9e,0xef9e,0xef9e,0xef9e,0xef9e,0xef9e,0xef9e,0xef9e,0xef9e,0xef9e,0xef9e,0xef9e,0xef9e,0xef9e,0xef9e,0xef9e,
  0xef9e,0xef9e,0xef9e,0xef9e,0xef9e,0xef9e,0xef9e,0xef9e,0xef9e,0xef9e,0xef9e,0xef9e,0xef9e,0xef9e,0xef9e,0xef9e,
  0xef9e,0xef9e,0xef9e,0xef9e,0xef9e,0xef9e,0xef9e,0xef9e,0xef9e,0xef9e,0xef9e,0xef9e,0xef9e,0xef9e,0xef9e,0xef9e,
  0xef9e,0xef9e,0xef9e,0xef9e,0xef9e,0xef9e,0xef9e,0xef9e,0xef9e,0xef9e,0xef9e,0xef9e,0xef9e,0xef9e,0xef9e,0xef9e,
  0xef9e,0xef9e,0xef9e,0xef9e,0xef9e,0xef9e,0xef9e,0xef9e,0xef9e,0xef9e,0xef9e,0xef9e,0xef9e,0xef9e,0xef9e,0xef9e,
  0xef9e,0xef9e,0xef9e,0xef9e,0xef9e,0xef9e,0xef9e,0xef9e,0xef9e,0xef9e,0xef9e,0xef9e,0xef9e,0xef9e,0xef9e,0xef9e,
  0xef9e,0xef9e,0xef9e,0xef9e,0xef9e,0xef9e,0xef9e,0xef9e,0xef9e,0xef9e,0xef9e,0xef9e,0xef9e,0xef9e,0xef9e,0xef9e,
  0xef9e,0xef9e,0xef9e,0xef9e,0xef9e,0xef9e,0xef9e,0xef9e,0xef9e,0xef9e,0xef9e,0xef9e,0xef9e,0xef9e,0xef9e,0xef9e,
  0xef9e,0xef9e,0xef9e,0xef9e,0xef9e,0xef9e,0xef9e,0xef9e,0xef9e,0xef9e,0xef9e,0xef9e,0xef9e,0xef9e,0xef9e,0xef9e,
  0xef9e,0xef9e,0xef9e,0xef9e,0xef9e,0xef9e,0xef9e,0xef9e,0xef9e,0xef9e,0xef9e,0xef9e,0xef9e,0xef9e,0xef9e,0xef9e,
  0xef9e,0xef9e,0xef9e,0xef9e,0xef9e,0xef9e,0xef9e,0xef9e,0xef9e,0xef9e,0xef9e,0xef9e,0xef9e,0xef9e,0xef9e,0xef9e,
  0xef9e,0xef9e,0xef9e,0xef9e,0xd73e,0x6d9b,0xcefd,0xef9e,0xef9e,0xef9e,0xef9e,0xef9e,0xef9e,0xef9e,0xef9e,0xef9e,
  0xef9e,0xef9e,0xef9e,0xef9e,0xef9e,0xef9e,0xef9e,0xef9e,0xef9e,0xef9e,0xef9e,0xef9e,0xef9e,0xef9e,0xef9e,0xef9e,
  0xef9e,0xef9e,0xef9e,0xef9e,0xef9e,0xef9e,0xef9e,0xef9e,0xef9e,0xef9e,0xef9e,0xef9e,0xef9e,0xef9e,0xef9e,0xef9e,
  0xef9e,0xef9e,0xef9e,0xef9e,0xef9e,0xef9e,0xef9e,0xef9e,0xef9e,0xef9e,0xef9e,0xef9e,0xef9e,0xef9e,0xef9e,0xef9e,
  0xef9e,0xef9e,0xef9e,0xef9e,0xef9e,0xef9e,0xef9e,0xef9e,0xef9e,0xef9e,0xef9e,0xef9e,0xef9e,0xef9e,0xef9e,0xef9e,
  0xef9e,0xef9e,0xef9e,0xef9e,0xef9e,0xef9e,0xef9e,0xef9e,0xef9e,0xef9e,0xef9e,0xef9e,0xef9e,0xef9e,0xef9e,0xef9e,
  0xef9e,0xef9e,0xef9e,0xef9e,0x9e5c,0x1419,0x7dbb,0xef9e,0xef9e,0xef9e,0xef9e,0xef9e,0xef9e,0xef9e,0xef9e,0xef9e,
  0xef9e,0xef9e,0xef9e,0xef9e,0xef9e,0xef9e,0xef9e,0xef9e,0xef9e,0xef9e,0xef9e,0xef9e,0xef9e,0xef9e,0xef9e,0xef9e,
  0xef9e,0xef9e,0xef9e,0xef9e,0xef9e,0xef9e,0xef9e,0xef9e,0xef9e,0xef9e,0xef9e,0xef9e,0xef9e,0xef9e,0xef9e,0xef9e,
  0xef9e,0xef9e,0xef9e,0xef9e,0xef9e,0xef9e,0xef9e,0xef9e,0xef9e,0xef9e,0xef9e,0xef9e,0xef9e,0xef9e,0xef9e,0xef9e,
  0xef9e,0xef9e,0xef9e,0xef9e,0xef9e,0xef9e,0xef9e,0xef9e,0xef9e,0xef9e,0xef9e,0xef9e,0xef9e,0xef9e,0xef9e,0xef9e,
  0xef9e,0xef9e,0xef9e,0xef9e,0xef9e,0xef9e,0xef9e,0xef9e,0xef9e,0xef9e,0xef9e,0xef9e,0xef9e,0xef9e,0xef9e,0xef9e,
  0xef9e,0xef9e,0xef9e,0xef9e,0x9e3c,0x0c19,0x75bb,0xef9e,0xef9e,0xef9e,0xef9e,0xef9e,0xef9e,0xef9e,0xef9e,0xef9e,
  0xef9e,0xef9e,0xef9e,0xef9e,0xef9e,0xef9e,0xef9e,0xef9e,0xef9e,0xef9e,0xef9e,0xef9e,0xef9e,0xef9e,0xef9e,0xef9e,
  0xef9e,0xef9e,0xef9e,0xef9e,0xef9e,0xef9e,0xef9e,0xef9e,0xef9e,0xef9e,0xef9e,0xef9e,0xef9e,0xef9e,0xef9e,0xef9e,
  0xef9e,0xef9e,0xef9e,0xef9e,0xef9e,0xef9e,0xef9e,0xef9e,0xef9e,0xef9e,0xef9e,0xef9e,0xef9e,0xef9e,0xef9e,0xef9e,
  0xef9e,0xef9e,0xef9e,0xef9e,0xef9e,0xef9e,0xef9e,0xef9e,0xef9e,0xef9e,0xef9e,0xef9e,0xef9e,0xef9e,0xef9e,0xef9e,
  0xef9e,0xef9e,0xef9e,0xef9e,0xef9e,0xef9e,0xef9e,0xef9e,0xef9e,0xef9e,0xef9e,0xef9e,0xef9e,0xef9e,0xef9e,0xef9e,
  0xef9e,0xef9e,0xef9e,0xef9e,0x9e3c,0x0c19,0x75bb,0xef9e,0xef9e,0xef9e,0xef9e,0xef9e,0xef9e,0xef9e,0xef9e,0xef9e,
  0xef9e,0xef9e,0xef9e,0xef9e,0xef9e,0xef9e,0xef9e,0xef9e,0xef9e,0xef9e,0xef9e,0xef9e,0xef9e,0xef9e,0xef9e,0xef9e,
  0xef9e,0xef9e,0xef9e,0xef9e,0xef9e,0xef9e,0xef9e,0xef9e,0xef9e,0xef9e,0xef9e,0xef9e,0xef9e,0xef9e,0xef9e,0xef9e,
  0xef9e,0xef9e,0xef9e,0xef9e,0xef9e,0xef9e,0xef9e,0xef9e,0xef9e,0xef9e,0xef9e,0xef9e,0xef9e,0xef9e,0xef9e,0xef9e,
  0xef9e,0xef9e,0xef9e,0xef9e,0xef9e,0xef9e,0xef9e,0xef9e,0xef9e,0xef9e,0xef9e,0xef9e,0xef9e,0xef9e,0xef9e,0xef9e,
  0xef9e,0xef9e,0xef9e,0xef9e,0xef9e,0xef9e,0xef9e,0xef9e,0xef9e,0xef9e,0xef9e,0xef9e,0xef9e,0xef9e,0xef9e,0xef9e,
  0xef9e,0xef9e,0xef9e,0xef9e,0x9e3c,0x0c19,0x75bb,0xef9e,0xef9e,0xef9e,0xef9e,0xef9e,0xef9e,0xef9e,0xef9e,0xef9e,
  0xef9e,0xef9e,0xef9e,0xef9e,0xef9e,0xef9e,0xef9e,0xef9e,0xef9e,0xef9e,0xef9e,0xef9e,0xef9e,0xef9e,0xef9e,0xef9e,
  0xef9e,0xef9e,0xef9e,0xef9e,0xef9e,0xef9e,0xef9e,0xef9e,0xef9e,0xef9e,0xef9e,0xef9e,0xef9e,0xef9e,0xef9e,0xef9e,
  0xef9e,0xef9e,0xef9e,0xef9e,0xef9e,0xef9e,0xef9e,0xef9e,0xef9e,0xef9e,0xef9e,0xef9e,0xef9e,0xef9e,0xef9e,0xef9e,
  0xef9e,0xef9e,0xef9e,0xef9e,0xef9e,0xef9e,0xef9e,0xef9e,0xef9e,0xef9e,0xef9e,0xef9e,0xef9e,0xef9e,0xef9e,0xef9e,
  0xef9e,0xef9e,0xef9e,0xef9e,0xef9e,0xef9e,0xef9e,0xef9e,0xef9e,0xef9e,0xef9e,0xef9e,0xef9e,0xef9e,0xef9e,0xef9e,
  0xef9e,0xef9e,0xef9e,0xef9e,0x9e3c,0x0c19,0x75bb,0xef9e,0xef9e,0xef9e,0xef9e,0xef9e,0xef9e,0xef9e,0xef9e,0xef9e,
  0xef9e,0xef9e,0xef9e,0xef9e,0xef9e,0xef9e,0xef9e,0xef9e,0xef9e,0xef9e,0xef9e,0xef9e,0xef9e,0xef9e,0xef9e,0xef9e,
  0xef9e,0xef9e,0xef9e,0xef9e,0xef9e,0xef9e,0xef9e,0xef9e,0xef9e,0xef9e,0xef9e,0xef9e,0xef9e,0xef9e,0xef9e,0xef9e,
  0xef9e,0xef9e,0xef9e,0xef9e,0xef9e,0xef9e,0xef9e,0xef9e,0xef9e,0xef9e,0xef9e,0xef9e,0xef9e,0xef9e,0xef9e,0xef9e,
  0xef9e,0xef9e,0xef9e,0xef9e,0xef9e,0xef9e,0xef9e,0xef9e,0xef9e,0xef9e,0xef9e,0xef9e,0xef9e,0xef9e,0xef9e,0xef9e,
  0xef9e,0xef9e,0xef9e,0xef9e,0xef9e,0xef9e,0xef9e,0xef9e,0xef9e,0xef9e,0xef9e,0xef9e,0xef9e,0xef9e,0xef9e,0xef9e,
  0xef9e,0xef9e,0xef9e,0xef9e,0x9e3c,0x0c19,0x75bb,0xef9e,0xef9e,0xef9e,0xef9e,0xef9e,0xef9e,0xef9e,0xef9e,0xef9e,
  0xef9e,0xef9e,0xef9e,0xef9e,0xef9e,0xef9e,0xef9e,0xef9e,0xef9e,0xef9e,0xef9e,0xef9e,0xef9e,0xef9e,0xef9e,0xef9e,
  0xef9e,0xef9e,0xef9e,0xef9e,0xef9e,0xef9e,0xef9e,0xef9e,0xef9e,0xef9e,0xef9e,0xef9e,0xef9e,0xef9e,0xef9e,0xef9e,
  0xef9e,0xef9e,0xef9e,0xef9e,0xef9e,0xef9e,0xef9e,0xef9e,0xef9e,0xef9e,0xef9e,0xef9e,0xef9e,0xef9e,0xef9e,0xef9e,
  0xef9e,0xef9e,0xef9e,0xef9e,0xef9e,0xef9e,0xef9e,0xef9e,0xef9e,0xef9e,0xef9e,0xef9e,0xef9e,0xef9e,0xef9e,0xef9e,
  0xef9e,0xef9e,0xef9e,0xef9e,0xef9e,0xef9e,0xef9e,0xef9e,0xef9e,0xef9e,0xef9e,0xef9e,0xef9e,0xef9e,0xef9e,0xef9e,
  0xef9e,0xef9e,0xef9e,0xef9e,0x9e3c,0x0c19,0x75bb,0xef9e,0xef9e,0xef9e,0xef9e,0xef9e,0xef9e,0xef9e,0xef9e,0xef9e,
  0xef9e,0xef9e,0xef9e,0xef9e,0xef9e,0xef9e,0xef9e,0xef9e,0xef9e,0xef9e,0xef9e,0xef9e,0xef9e,0xef9e,0xef9e,0xef9e,
  0xef9e,0xef9e,0xef9e,0xef9e,0xef9e,0xef9e,0xef9e,0xef9e,0xef9e,0xef9e,0xef9e,0xef9e,0xef9e,0xef9e,0xef9e,0xef9e,
  0xef9e,0xef9e,0xef9e,0xef9e,0xef9e,0xef9e,0xef9e,0xef9e,0xef9e,0xef9e,0xef9e,0xef9e,0xef9e,0xef9e,0xef9e,0xef9e,
  0xef9e,0xef9e,0xef9e,0xef9e,0xef9e,0xef9e,0xef9e,0xef9e,0xef9e,0xef9e,0xef9e,0xef9e,0xef9e,0xef9e,0xef9e,0xef9e,
  0xef9e,0xef9e,0xef9e,0xef9e,0xef9e,0xef9e,0xef9e,0xef7e,0xef7e,0xef7e,0xef9e,0xef9e,0xef9e,0xef9e,0xef9e,0xef9e,
  0xef9e,0xef9e,0xef9e,0xef9e,0x9e3c,0x0c19,0x75bb,0xef9e,0xef9e,0xef9e,0xef9e,0xef9e,0xef9e,0xef9e,0xef9e,0xef9e,
  0xef9e,0xef9e,0xef9e,0xef9e,0xef9e,0xef9e,0xef9e,0xef9e,0xef9e,0xef9e,0xef9e,0xef9e,0xef9e,0xef9e,0xef9e,0xef9e,
  0xef9e,0xef9e,0xef9e,0xef9e,0xef9e,0xef9e,0xef9e,0xef9e,0xef9e,0xef9e,0xef9e,0xef9e,0xef9e,0xef9e,0xef9e,0xef9e,
  0xef9e,0xef9e,0xef9e,0xef9e,0xef9e,0xef9e,0xef9e,0xef9e,0xef9e,0xef9e,0xef9e,0xef9e,0xef9e,0xef9e,0xef9e,0xef9e,
  0xef9e,0xef9e,0xef9e,0xef9e,0xef9e,0xef9e,0xef9e,0xef9e,0xef9e,0xef9e,0xef9e,0xef9e,0xef9e,0xef9e,0xef9e,0xef9e,
  0xef9e,0xef9e,0xef9e,0xef9e,0xef9e,0xef9e,0xef9e,0xa535,0x4a8a,0xb5b7,0xef9e,0xef9e,0xef9e,0xef9e,0xef9e,0xef9e,
  0xef9e,0xef9e,0xef9e,0xef9e,0x9e3c,0x0c19,0x75bb,0xef9e,0xef9e,0xef9e,0xef9e,0xef9e,0xef9e,0xef9e,0xef9e,0xef9e,
  0xef9e,0xef9e,0xef9e,0xef9e,0xef9e,0xef9e,0xef9e,0xef9e,0xef9e,0xef9e,0xef9e,0xef9e,0xef9e,0xef9e,0xef9e,0xef9e,
  0xef9e,0xef9e,0xef9e,0xef9e,0xef9e,0xef9e,0xef9e,0xef9e,0xef9e,0xef9e,0xef9e,0xef9e,0xef9e,0xef9e,0xef9e,0xef9e,
  0xef9e,0xef9e,0xef9e,0xef9e,0xef9e,0xef9e,0xef9e,0xef9e,0xef9e,0xef9e,0xef9e,0xef9e,0xef9e,0xef9e,0xef9e,0xef9e,
  0xef9e,0xef9e,0xef9e,0xef9e,0xef9e,0xef9e,0xef9e,0xef9e,0xef9e,0xef9e,0xef9e,0xef9e,0xef9e,0xef9e,0xef9e,0xef9e,
  0xef9e,0xef9e,0x6b8e,0x632d,0xa555,0xd6db,0xef9e,0xc639,0x2966,0x9cf4,0xef9e,0xef9e,0xad97,0x94d4,0xb5d8,0xef9e,
  0xef9e,0xef9e,0xef9e,0xef9e,0x9e3c,0x0c19,0x75bb,0xef9e,0xef9e,0xef9e,0xef9e,0xef9e,0xef9e,0xef9e,0xef9e,0xef9e,
  0xef9e,0xef9e,0xef9e,0xef9e,0xef9e,0xef9e,0xef9e,0xef9e,0xef9e,0xef9e,0xef9e,0xef9e,0xef9e,0xef9e,0xef9e,0xef9e,
  0xef9e,0xef9e,0xef9e,0xef9e,0xef9e,0xef9e,0xef9e,0xef9e,0xef9e,0xef9e,0xef9e,0xef9e,0xef9e,0xef9e,0xef9e,0xef9e,
  0xef9e,0xef9e,0xef9e,0xef9e,0xef9e,0xef9e,0xef9e,0xef9e,0xef9e,0xef9e,0xef9e,0xef9e,0xef9e,0xef9e,0xef9e,0xef9e,
  0xef9e,0xef9e,0xef9e,0xef9e,0xef9e,0xef9e,0xef9e,0xef9e,0xef9e,0xef9e,0xef9e,0xef9e,0xef9e,0xef9e,0xef9e,0xef9e,
  0xef9e,0xef9e,0x9d14,0x2986,0x10a3,0x0882,0x4a6a,0xad76,0x2986,0x9cf4,0xef9e,0xef9e,0xd6db,0x8cb3,0xbe19,0xef9e,
  0xef9e,0xef9e,0xef9e,0xef9e,0x9e3c,0x0c19,0x75bb,0xef9e,0xef9e,0xef9e,0xef9e,0xef9e,0xef9e,0xef9e,0xef9e,0xef9e,
  0xef9e,0xef9e,0xef9e,0xef9e,0xef9e,0xef9e,0xef9e,0xef9e,0xef9e,0xef9e,0xef9e,0xef9e,0xef9e,0xef9e,0xef9e,0xef9e,
  0xef9e,0xef9e,0xef9e,0xef9e,0xef9e,0xef9e,0xef9e,0xef9e,0xef9e,0xef9e,0xef9e,0xef9e,0xef9e,0xef9e,0xef9e,0xef9e,
  0xef9e,0xef9e,0xef9e,0xef9e,0xef9e,0xef9e,0xef9e,0xef9e,0xef9e,0xef9e,0xef9e,0xef9e,0xef9e,0xef9e,0xef9e,0xef9e,
  0xef9e,0xef9e,0xef9e,0xef9e,0xef9e,0xef9e,0xef9e,0xef9e,0xef9e,0xef9e,0xef9e,0xef9e,0xef9e,0xef9e,0xef9e,0xef9e,
  0xef9e,0xef9e,0xef7e,0xdf1c,0xbe18,0x8c92,0x4a6a,0x10c3,0x10c3,0x9d14,0xef9e,0xef9e,0xc65a,0xc67a,0xd6dc,0xef9e,
  0xef9e,0xef9e,0xef9e,0xef9e,0x9e3c,0x0c19,0x75bb,0xef9e,0xef9e,0xef9e,0xef9e,0xef9e,0xef9e,0xef9e,0xef9e,0xef9e,
  0xef9e,0xef9e,0xef9e,0xef9e,0xef9e,0xef9e,0xef9e,0xef9e,0xef9e,0xef9e,0xef9e,0xef9e,0xef9e,0xef9e,0xef9e,0xef9e,
  0xef9e,0xef9e,0xef9e,0xef9e,0xef9e,0xef9e,0xef9e,0xef9e,0xef9e,0xef9e,0xef9e,0xef9e,0xef9e,0xef9e,0xef9e,0xef9e,
  0xef9e,0xef9e,0xef9e,0xef9e,0xef9e,0xef9e,0xef9e,0xef9e,0xef9e,0xef9e,0xef9e,0xef9e,0xef9e,0xef9e,0xef9e,0xef9e,
  0xef9e,0xef9e,0xef9e,0xef9e,0xef9e,0xef9e,0xef9e,0xef9e,0xef9e,0xef9e,0xef9e,0xef9e,0xef9e,0xef9e,0xef9e,0xef9e,
  0xef9e,0xef9e,0xef9e,0xef7e,0xbe18,0xc659,0xdefc,0xc639,0xa535,0xd6bb,0xef9e,0xef9e,0x9d35,0xad97,0xce7a,0xef9e,
  0xef9e,0xef9e,0xef9e,0xef9e,0x9e3c,0x0c19,0x75bb,0xef9e,0xef9e,0xef9e,0xef9e,0xef9e,0xef9e,0xef9e,0xef9e,0xef9e,
  0xef9e,0xef9e,0xef9e,0xef9e,0xef9e,0xef9e,0xef9e,0xef9e,0xef9e,0xef9e,0xef9e,0xef9e,0xef9e,0xef9e,0xef9e,0xef9e,
  0xef9e,0xef9e,0xef9e,0xef9e,0xef9e,0xef9e,0xef9e,0xef9e,0xef9e,0xef9e,0xef9e,0xef9e,0xef9e,0xef9e,0xef9e,0xef9e,
  0xef9e,0xef9e,0xef9e,0xef9e,0xef9e,0xef9e,0xef9e,0xef9e,0xef9e,0xef9e,0xef9e,0xef9e,0xef9e,0xef9e,0xef9e,0xef9e,
  0xef9e,0xef9e,0xef9e,0xef9e,0xef9e,0xef9e,0xef9e,0xef9e,0xef9e,0xef9e,0xef9e,0xef9e,0xef9e,0xef9e,0xef9e,0xef9e,
  0xef9e,0xef9e,0xef9e,0xe75d,0x1904,0x10a3,0x4a6a,0xc639,0xe75d,0xef7e,0xef9e,0xef9e,0x8c93,0x9d15,0xd6fc,0xef9e,
  0xef9e,0xef9e,0xef9e,0xef9e,0x9e3c,0x0c19,0x75bb,0xef9e,0xef9e,0xef9e,0xef9e,0xef9e,0xef9e,0xef9e,0xef9e,0xef9e,
  0xef9e,0xef9e,0xef9e,0xef9e,0xef9e,0xef9e,0xef9e,0xef9e,0xef9e,0xef9e,0xef9e,0xef9e,0xef9e,0xef9e,0xef9e,0xef9e,
  0xef9e,0xef9e,0xef9e,0xef9e,0xef9e,0xef9e,0xef9e,0xef9e,0xef9e,0xef9e,0xef9e,0xef9e,0xef9e,0xef9e,0xef9e,0xef9e,
  0xef9e,0xef9e,0xef9e,0xef9e,0xef9e,0xef9e,0xef9e,0xef9e,0xef9e,0xef9e,0xef9e,0xef9e,0xef9e,0xef9e,0xef9e,0xef9e,
  0xef9e,0xef9e,0xef9e,0xef9e,0xef9e,0xef9e,0xef9e,0xef9e,0xef9e,0xef9e,0xef9e,0xef9e,0xef9e,0xef9e,0xef9e,0xef9e,
  0xef9e,0xef9e,0xef9e,0xe73d,0x10c3,0x52ab,0x39e8,0x0862,0x31a7,0xb5d7,0xef9e,0xef9e,0xc659,0xe75e,0xcebb,0xef9e,
  0xef9e,0xef9e,0xef9e,0xef9e,0x9e3c,0x0c19,0x75bb,0xef9e,0xef9e,0xef9e,0xef9e,0xef9e,0xef9e,0xef9e,0xef9e,0xef9e,
  0xef9e,0xef9e,0xef9e,0xef9e,0xef9e,0xef9e,0xef9e,0xef9e,0xef9e,0xef9e,0xef9e,0xef9e,0xef9e,0xef9e,0xef9e,0xef9e,
  0xef9e,0xef9e,0xef9e,0xef9e,0xef9e,0xef9e,0xef9e,0xef9e,0xef9e,0xef9e,0xef9e,0xef9e,0xef9e,0xef9e,0xef9e,0xef9e,
  0xef9e,0xef9e,0xef9e,0xef9e,0xef9e,0xef9e,0xef9e,0xef9e,0xef9e,0xef9e,0xef9e,0xef9e,0xef9e,0xef9e,0xef9e,0xef9e,
  0xef9e,0xef9e,0xef9e,0xef9e,0xef9e,0xef9e,0xef9e,0xef9e,0xef9e,0xef9e,0xef9e,0xef9e,0xef9e,0xef9e,0xef9e,0xef9e,
  0xef9e,0xef9e,0xbe18,0x9cf4,0x10a3,0x634d,0xb5d7,0xc639,0x73af,0xb5b7,0xef9e,0xef9e,0xa536,0x8c93,0xc639,0xef9e,
  0xef9e,0xef9e,0xef9e,0xef9e,0x9e3c,0x0c19,0x75bb,0xef9e,0xef9e,0xef9e,0xef9e,0xef9e,0xef9e,0xef9e,0xef9e,0xef9e,
  0xef9e,0xef9e,0xef9e,0xef9e,0xef9e,0xef9e,0xef9e,0xef9e,0xef9e,0xef9e,0xef9e,0xef9e,0xef9e,0xef9e,0xef9e,0xef9e,
  0xef9e,0xef9e,0xef9e,0xef9e,0xef9e,0xef9e,0xef9e,0xef9e,0xef9e,0xef9e,0xef9e,0xef9e,0xef9e,0xef9e,0xef9e,0xef9e,
  0xef9e,0xef9e,0xef9e,0xef9e,0xef9e,0xef9e,0xef9e,0xef9e,0xef9e,0xef9e,0xef9e,0xef9e,0xef9e,0xef9e,0xef9e,0xef9e,
  0xef9e,0xef9e,0xef9e,0xef9e,0xef9e,0xef9e,0xef9e,0xef9e,0xef9e,0xef9e,0xef9e,0xef9e,0xef9e,0xef9e,0xef9e,0xef9e,
  0xef9e,0xef9e,0x632d,0x10a3,0x0862,0x0882,0x632d,0xef7e,0xef7e,0xef9e,0xef9e,0xef9e,0xe73d,0xef7e,0xe73d,0xef9e,
  0xef9e,0xef9e,0xef9e,0xef9e,0x9e3c,0x0c19,0x75bb,0xef9e,0xef9e,0xef9e,0xef9e,0xef9e,0xef9e,0xef9e,0xef9e,0xef9e,
  0xef9e,0xef9e,0xef9e,0xef9e,0xef9e,0xef9e,0xef9e,0xef9e,0xef9e,0xef9e,0xef9e,0xef9e,0xef9e,0xef9e,0xef9e,0xef9e,
  0xef9e,0xef9e,0xef9e,0xef9e,0xef9e,0xef9e,0xef9e,0xef9e,0xef9e,0xef9e,0xef9e,0xef9e,0xef9e,0xef9e,0xef9e,0xef9e,
  0xef9e,0xef9e,0xef9e,0xef9e,0xef9e,0xef9e,0xef9e,0xef9e,0xef9e,0xef9e,0xef9e,0xef9e,0xef9e,0xef9e,0xef9e,0xef9e,
  0xef9e,0xef9e,0xef9e,0xef9e,0xef9e,0xef9e,0xef9e,0xef9e,0xef9e,0xef9e,0xef9e,0xef9e,0xef9e,0xef9e,0xef9e,0xef9e,
  0xef9e,0xef9e,0xdefc,0xce7a,0x8431,0xb5b7,0xdefc,0xef9e,0xef9e,0xef9e,0xef9e,0xef9e,0xef9e,0xef9e,0xef9e,0xef9e,
  0xef9e,0xef9e,0xef9e,0xef9e,0x9e3c,0x0c19,0x75bb,0xef9e,0xef9e,0xef9e,0xef9e,0xef9e,0xef9e,0xef9e,0xef9e,0xef9e,
  0xef9e,0xef9e,0xef9e,0xef9e,0xef9e,0xef9e,0xef9e,0xef9e,0xef9e,0xef9e,0xef9e,0xef9e,0xef9e,0xef9e,0xef9e,0xef9e,
  0xef9e,0xef9e,0xef9e,0xef9e,0xef9e,0xef9e,0xef9e,0xef9e,0xef9e,0xef9e,0xef9e,0xef9e,0xef9e,0xef9e,0xef9e,0xef9e,
  0xef9e,0xef9e,0xef9e,0xef9e,0xef9e,0xef9e,0xef9e,0xef9e,0xef9e,0xef9e,0xef9e,0xef9e,0xef9e,0xef9e,0xef9e,0xef9e,
  0xef9e,0xef9e,0xef9e,0xef9e,0xef9e,0xef9e,0xef9e,0xef9e,0xef9e,0xef9e,0xef9e,0xef9e,0xef9e,0xef9e,0xef9e,0xef9e,
  0xef9e,0xef9e,0xef9e,0xef9e,0xef9e,0xef9e,0xef9e,0xef9e,0xef9e,0xef9e,0xef9e,0xef9e,0xef9e,0xef9e,0xef9e,0xef9e,
  0xef9e,0xef9e,0xef9e,0xef9e,0x9e3c,0x0c19,0x75bb,0xef9e,0xef9e,0xef9e,0xef9e,0xef9e,0xef9e,0xef9e,0xef9e,0xef9e,
  0xef9e,0xef9e,0xef9e,0xef9e,0xef9e,0xef9e,0xef9e,0xef9e,0xef9e,0xef9e,0xef9e,0xef9e,0xef9e,0xef9e,0xef9e,0xef9e,
  0xef9e,0xef9e,0xef9e,0xef9e,0xef9e,0xef9e,0xef9e,0xef9e,0xef9e,0xef9e,0xef9e,0xef9e,0xef9e,0xef9e,0xef9e,0xef9e,
  0xef9e,0xef9e,0xef9e,0xef9e,0xef9e,0xef9e,0xef9e,0xef9e,0xef9e,0xef9e,0xef9e,0xef9e,0xef9e,0xef9e,0xef9e,0xef9e,
  0xef9e,0xef9e,0xef9e,0xef9e,0xef9e,0xef9e,0xef9e,0xef9e,0xef9e,0xef9e,0xef9e,0xef9e,0xef9e,0xef9e,0xef9e,0xef9e,
  0xef9e,0xef9e,0xef9e,0xef9e,0xef9e,0xef9e,0xef9e,0xef9e,0xef9e,0xef9e,0xef9e,0xef9e,0xef9e,0xef9e,0xef9e,0xef9e,
  0xef9e,0xef9e,0xef9e,0xef9e,0x9e3c,0x0c19,0x75bb,0xef9e,0xef9e,0xef9e,0xef9e,0xef9e,0xef9e,0xef9e,0xef9e,0xef9e,
  0xef9e,0xef9e,0xef9e,0xef9e,0xef9e,0xef9e,0xef9e,0xef9e,0xef9e,0xef9e,0xef9e,0xef9e,0xef9e,0xef9e,0xef9e,0xef9e,
  0xef9e,0xef9e,0xef9e,0xef9e,0xef9e,0xef9e,0xef9e,0xef9e,0xef9e,0xef9e,0xef9e,0xef9e,0xef9e,0xef9e,0xef9e,0xef9e,
  0xef9e,0xef9e,0xef9e,0xef9e,0xef9e,0xef9e,0xef9e,0xef9e,0xef9e,0xef9e,0xef9e,0xef9e,0xef9e,0xef9e,0xef9e,0xef9e,
  0xef9e,0xef9e,0xef9e,0xef9e,0xef9e,0xef9e,0xef9e,0xef9e,0xef9e,0xef9e,0xef9e,0xef9e,0xef9e,0xef9e,0xef9e,0xef9e,
  0xef9e,0xef9e,0xef9e,0xef9e,0xef9e,0xef9e,0xef9e,0xef9e,0xef9e,0xef9e,0xef9e,0xef9e,0xef9e,0xef9e,0xef9e,0xef9e,
  0xef9e,0xef9e,0xef9e,0xef9e,0x9e3c,0x0c19,0x75bb,0xef9e,0xef9e,0xef9e,0xef9e,0xef9e,0xef9e,0xef9e,0xef9e,0xef9e,
  0xef9e,0xef9e,0xef9e,0xef9e,0xef9e,0xef9e,0xef9e,0xef9e,0xef9e,0xef9e,0xef9e,0xef9e,0xef9e,0xef9e,0xef9e,0xef9e,
  0xef9e,0xef9e,0xef9e,0xef9e,0xef9e,0xef9e,0xef9e,0xef9e,0xef9e,0xef9e,0xef9e,0xef9e,0xef9e,0xef9e,0xef9e,0xef9e,
  0xef9e,0xef9e,0xef9e,0xef9e,0xef9e,0xef9e,0xef9e,0xef9e,0xef9e,0xef9e,0xef9e,0xef9e,0xef9e,0xef9e,0xef9e,0xef9e,
  0xef9e,0xef9e,0xef9e,0xef9e,0xef9e,0xef9e,0xef9e,0xef9e,0xef9e,0xef9e,0xef9e,0xef9e,0xef9e,0xef9e,0xef9e,0xef9e,
  0xef9e,0xef9e,0xef9e,0xef9e,0xef9e,0xef9e,0xef9e,0xef9e,0xef9e,0xef9e,0xef9e,0xef9e,0xef9e,0xef9e,0xef9e,0xef9e,
  0xef9e,0xef9e,0xef9e,0xef9e,0x9e3c,0x0c19,0x75bb,0xef9e,0xef9e,0xef9e,0xef9e,0xef9e,0xef9e,0xef9e,0xef9e,0xef9e,
  0xef9e,0xef9e,0xef9e,0xef9e,0xef9e,0xef9e,0xef9e,0xef9e,0xef9e,0xef9e,0xef9e,0xef9e,0xef9e,0xef9e,0xef9e,0xef9e,
  0xef9e,0xef9e,0xef9e,0xef9e,0xef9e,0xef9e,0xef9e,0xef9e,0xef9e,0xef9e,0xef9e,0xef9e,0xef9e,0xef9e,0xef9e,0xef9e,
  0xef9e,0xef9e,0xef9e,0xef9e,0xef9e,0xef9e,0xef9e,0xef9e,0xef9e,0xef9e,0xef9e,0xef9e,0xef9e,0xef9e,0xef9e,0xef9e,
  0xef9e,0xef9e,0xef9e,0xef9e,0xef9e,0xef9e,0xef9e,0xef9e,0xef9e,0xef9e,0xef9e,0xef9e,0xef9e,0xef9e,0xef9e,0xef9e,
  0xef9e,0xef9e,0xef9e,0xef9e,0xef9e,0xef9e,0xef9e,0xef9e,0xef9e,0xef9e,0xef9e,0xef9e,0xef9e,0xef9e,0xef9e,0xef9e,
  0xef9e,0xef9e,0xef9e,0xef9e,0x9e3c,0x0c19,0x75bb,0xef9e,0xef9e,0xef9e,0xef9e,0xef9e,0xef9e,0xef9e,0xef9e,0xef9e,
  0xef9e,0xef9e,0xef9e,0xef9e,0xef9e,0xef9e,0xef9e,0xef9e,0xef9e,0xef9e,0xef9e,0xef9e,0xef9e,0xef9e,0xef9e,0xef9e,
  0xef9e,0xef9e,0xef9e,0xef9e,0xef9e,0xef9e,0xef9e,0xef9e,0xef9e,0xef9e,0xef9e,0xef9e,0xef9e,0xef9e,0xef9e,0xef9e,
  0xef9e,0xef9e,0xef9e,0xef9e,0xef9e,0xef9e,0xef9e,0xef9e,0xef9e,0xef9e,0xef9e,0xef9e,0xef9e,0xef9e,0xef9e,0xef9e,
  0xef9e,0xef9e,0xef9e,0xef9e,0xef9e,0xef9e,0xef9e,0xef9e,0xef9e,0xef9e,0xef9e,0xef9e,0xef9e,0xef9e,0xef9e,0xef9e,
  0xef9e,0xef9e,0xef9e,0xef9e,0xef9e,0xef9e,0xef9e,0xef9e,0xef9e,0xef9e,0xef9e,0xef9e,0xef9e,0xef9e,0xef9e,0xef9e,
  0xef9e,0xef9e,0xef9e,0xef9e,0x9e3c,0x0c19,0x75bb,0xef9e,0xef9e,0xef9e,0xef9e,0xef9e,0xef9e,0xef9e,0xef9e,0xef9e,
  0xef9e,0xef9e,0xef9e,0xef9e,0xef9e,0xef9e,0xef9e,0xef9e,0xef9e,0xef9e,0xef9e,0xef9e,0xef9e,0xef9e,0xef9e,0xef9e,
  0xef9e,0xef9e,0xef9e,0xef9e,0xef9e,0xef9e,0xef9e,0xef9e,0xef9e,0xef9e,0xef9e,0xef9e,0xef9e,0xef9e,0xef9e,0xef9e,
  0xef9e,0xef9e,0xef9e,0xef9e,0xef9e,0xef9e,0xef9e,0xef9e,0xef9e,0xef9e,0xef9e,0xef9e,0xef9e,0xef9e,0xef9e,0xef9e,
  0xef9e,0xef9e,0xef9e,0xef9e,0xef9e,0xef9e,0xef9e,0xef9e,0xef9e,0xef9e,0xef9e,0xef9e,0xef9e,0xef9e,0xef9e,0xef9e,
  0xef9e,0xef9e,0xef9e,0xef9e,0xef9e,0xef9e,0xef9e,0xef9e,0xef9e,0xef9e,0xef9e,0xef9e,0xef9e,0xef9e,0xef9e,0xef9e,
  0xef9e,0xef9e,0xef9e,0xef9e,0x9e3c,0x0c19,0x75bb,0xef9e,0xef9e,0xef9e,0xef9e,0xef9e,0xef9e,0xef9e,0xef9e,0xef9e,
  0xef9e,0xef9e,0xef9e,0xef9e,0xef9e,0xef9e,0xef9e,0xef9e,0xef9e,0xef9e,0xef9e,0xef9e,0xef9e,0xef9e,0xef9e,0xef9e,
  0xef9e,0xef9e,0xef9e,0xef9e,0xef9e,0xef9e,0xef9e,0xef9e,0xef9e,0xef9e,0xef9e,0xef9e,0xef9e,0xef9e,0xef9e,0xef9e,
  0xef9e,0xef9e,0xef9e,0xef9e,0xef9e,0xef9e,0xef9e,0xef9e,0xef9e,0xef9e,0xef9e,0xef9e,0xef9e,0xef9e,0xef9e,0xef9e,
  0xef9e,0xef9e,0xef9e,0xef9e,0xef9e,0xef9e,0xef9e,0xef9e,0xef9e,0xef9e,0xef9e,0xef9e,0xef9e,0xef9e,0xef9e,0xef9e,
  0xef9e,0xef9e,0xef9e,0xef9e,0xef9e,0xef9e,0xef9e,0xef9e,0xef9e,0xef9e,0xef9e,0xef9e,0xef9e,0xef9e,0xef9e,0xef9e,
  0xef9e,0xef9e,0xef9e,0xef9e,0x9e3c,0x0c19,0x75bb,0xef9e,0xef9e,0xef9e,0xef9e,0xef9e,0xef9e,0xef9e,0xef9e,0xef9e,
  0xef9e,0xef9e,0xef9e,0xef9e,0xef9e,0xef9e,0xef9e,0xef9e,0xef9e,0xef9e,0xef9e,0xef9e,0xef9e,0xef9e,0xef9e,0xef9e,
  0xef9e,0xef9e,0xef9e,0xef9e,0xef9e,0xef9e,0xef9e,0xef9e,0xef9e,0xef9e,0xef9e,0xef9e,0xef9e,0xef9e,0xef9e,0xef9e,
  0xef9e,0xef9e,0xef9e,0xef9e,0xef9e,0xef9e,0xef9e,0xef9e,0xef9e,0xef9e,0xef9e,0xef9e,0xef9e,0xef9e,0xef9e,0xef9e,
  0xef9e,0xef9e,0xef9e,0xef9e,0xef9e,0xef9e,0xef9e,0xef9e,0xef9e,0xef9e,0xef9e,0xef9e,0xef9e,0xef9e,0xef9e,0xef9e,
  0xef9e,0xef9e,0xef9e,0xef9e,0xef9e,0xef9e,0xef9e,0xef9e,0xef9e,0xef9e,0xef9e,0xef9e,0xef9e,0xef9e,0xef9e,0xef9e,
  0xef9e,0xef9e,0xef9e,0xef9e,0x9e3c,0x0c19,0x75bb,0xef9e,0xef9e,0xef9e,0xef9e,0xef9e,0xef9e,0xef9e,0xef9e,0xef9e,
  0xef9e,0xef9e,0xef9e,0xef9e,0xef9e,0xef9e,0xef9e,0xef9e,0xef9e,0xef9e,0xef9e,0xef9e,0xef9e,0xef9e,0xef9e,0xef9e,
  0xef9e,0xef9e,0xef9e,0xef9e,0xef9e,0xef9e,0xef9e,0xef9e,0xef9e,0xef9e,0xef9e,0xef9e,0xef9e,0xef9e,0xef9e,0xef9e,
  0xef9e,0xef9e,0xef9e,0xef9e,0xef9e,0xef9e,0xef9e,0xef9e,0xef9e,0xef9e,0xef9e,0xef9e,0xef9e,0xef9e,0xef9e,0xef9e,
  0xef9e,0xef9e,0xef9e,0xef9e,0xef9e,0xef9e,0xef9e,0xef9e,0xef9e,0xef9e,0xef9e,0xef9e,0xef9e,0xef9e,0xef9e,0xef9e,
  0xef9e,0xef9e,0xef9e,0xef9e,0xef9e,0xef9e,0xef9e,0xef9e,0xef9e,0xef9e,0xef9e,0xef9e,0xef9e,0xef9e,0xef9e,0xef9e,
  0xef9e,0xef9e,0xef9e,0xef9e,0x9e3c,0x0c19,0x75bb,0xef9e,0xef9e,0xef9e,0xef9e,0xef9e,0xef9e,0xef9e,0xef9e,0xef9e,
  0xef9e,0xef9e,0xef9e,0xef9e,0xef9e,0xef9e,0xef9e,0xef9e,0xef9e,0xef9e,0xef9e,0xef9e,0xef9e,0xef9e,0xef9e,0xef9e,
  0xef9e,0xef9e,0xef9e,0xef9e,0xef9e,0xef9e,0xef9e,0xef9e,0xef9e,0xef9e,0xef9e,0xef9e,0xef9e,0xef9e,0xef9e,0xef9e,
  0xef9e,0xef9e,0xef9e,0xef9e,0xef9e,0xef9e,0xef9e,0xef9e,0xef9e,0xef9e,0xef9e,0xef9e,0xef9e,0xef9e,0xef9e,0xef9e,
  0xef9e,0xef9e,0xef9e,0xef9e,0xef9e,0xef9e,0xef9e,0xef9e,0xef9e,0xef9e,0xef9e,0xef9e,0xef9e,0xef9e,0xef9e,0xef9e,
  0xef9e,0xef9e,0xef9e,0xef9e,0xef9e,0xef9e,0xef9e,0xef9e,0xef9e,0xef9e,0xef9e,0xef9e,0xef9e,0xef9e,0xef9e,0xef9e,
  0xef9e,0xef9e,0xef9e,0xef9e,0x9e3c,0x0c19,0x75bb,0xef9e,0xef9e,0xef9e,0xef9e,0xef9e,0xef9e,0xef9e,0xef9e,0xef9e,
  0xef9e,0xef9e,0xef9e,0xef9e,0xef9e,0xef9e,0xef9e,0xef9e,0xef9e,0xef9e,0xef9e,0xef9e,0xef9e,0xef9e,0xef9e,0xef9e,
  0xef9e,0xef9e,0xef9e,0xef9e,0xef9e,0xef9e,0xef9e,0xef9e,0xef9e,0xef9e,0xef9e,0xef9e,0xef9e,0xef9e,0xef9e,0xef9e,
  0xef9e,0xef9e,0xef9e,0xef9e,0xef9e,0xef9e,0xef9e,0xef9e,0xef9e,0xef9e,0xef9e,0xef9e,0xef9e,0xef9e,0xef9e,0xef9e,
  0xef9e,0xef9e,0xef9e,0xef9e,0xef9e,0xef9e,0xef9e,0xef9e,0xef9e,0xef9e,0xef9e,0xef9e,0xef9e,0xef9e,0xef9e,0xef9e,
  0xef9e,0xef9e,0xef9e,0xef9e,0xe75e,0xe75d,0xe75d,0xe75d,0xe75d,0xe75d,0xe75d,0xe75d,0xe75d,0xe75d,0xef9e,0xef9e,
  0xef9e,0xef9e,0xef9e,0xef9e,0x9e3c,0x0c19,0x75bb,0xef9e,0xef9e,0xef9e,0xef9e,0xef9e,0xef9e,0xef9e,0xef9e,0xef9e,
  0xef9e,0xef9e,0xef9e,0xef9e,0xef9e,0xef9e,0xef9e,0xef9e,0xef9e,0xef9e,0xef9e,0xef9e,0xef9e,0xef9e,0xef9e,0xef9e,
  0xef9e,0xef9e,0xef9e,0xef9e,0xef9e,0xef9e,0xef9e,0xef9e,0xef9e,0xef9e,0xef9e,0xef9e,0xef9e,0xef9e,0xef9e,0xef9e,
  0xef9e,0xef9e,0xef9e,0xef9e,0xef9e,0xef9e,0xef9e,0xef9e,0xef9e,0xef9e,0xef9e,0xef9e,0xef9e,0xef9e,0xef9e,0xef9e,
  0xef9e,0xef9e,0xef9e,0xef9e,0xef9e,0xef9e,0xef9e,0xef9e,0xef9e,0xef9e,0xef9e,0xef9e,0xef9e,0xef9e,0xef9e,0xef9e,
  0xef9e,0xef9e,0xef9e,0xef9e,0xef9e,0xef9e,0xef9e,0xef9e,0xef9e,0xef9e,0xef9e,0xef9e,0xef9e,0xef9e,0xef9e,0xef9e,
  0xef9e,0xef9e,0xef9e,0xef9e,0x9e3c,0x0c19,0x75bb,0xef9e,0xef9e,0xef9e,0xef9e,0xef9e,0xef9e,0xef9e,0xef9e,0xef9e,
  0xef9e,0xef9e,0xef9e,0xef9e,0xef9e,0xef9e,0xef9e,0xef9e,0xef9e,0xef9e,0xef9e,0xef9e,0xef9e,0xef9e,0xef9e,0xef9e,
  0xef9e,0xef9e,0xef9e,0xef9e,0xef9e,0xef9e,0xef9e,0xef9e,0xef9e,0xef9e,0xef9e,0xef9e,0xef9e,0xef9e,0xef9e,0xef9e,
  0xef9e,0xef9e,0xef9e,0xef9e,0xef9e,0xef9e,0xef9e,0xef9e,0xef9e,0xef9e,0xef9e,0xef9e,0xef9e,0xef9e,0xef9e,0xef9e,
  0xef9e,0xef9e,0xef9e,0xef9e,0xef9e,0xef9e,0xef9e,0xef9e,0xef9e,0xef9e,0xef9e,0xef9e,0xef9e,0xef9e,0xef9e,0xef9e,
  0xef9e,0xef9e,0xef9e,0xef9e,0xef9e,0xef9e,0xef9e,0xef9e,0xef9e,0xef9e,0xef9e,0xef9e,0xef9e,0xef9e,0xef9e,0xef9e,
  0xef9e,0xef9e,0xef9e,0xef9e,0x9e3c,0x0c19,0x75bb,0xef9e,0xef9e,0xef9e,0xef9e,0xef9e,0xef9e,0xef9e,0xef9e,0xef9e,
  0xef9e,0xef9e,0xef9e,0xef9e,0xef9e,0xef9e,0xef9e,0xef9e,0xef9e,0xef9e,0xef9e,0xef9e,0xef9e,0xef9e,0xef9e,0xef9e,
  0xef9e,0xef9e,0xef9e,0xef9e,0xef9e,0xef9e,0xef9e,0xef9e,0xef9e,0xef9e,0xef9e,0xef9e,0xef9e,0xef9e,0xef9e,0xef9e,
  0xef9e,0xef9e,0xef9e,0xef9e,0xef9e,0xef9e,0xef9e,0xef9e,0xef9e,0xef9e,0xef9e,0xef9e,0xef9e,0xef9e,0xef9e,0xef9e,
  0xef9e,0xef9e,0xef9e,0xef9e,0xef9e,0xef9e,0xef9e,0xef9e,0xef9e,0xef9e,0xef9e,0xef9e,0xef9e,0xef9e,0xef9e,0xef9e,
  0xef9e,0xef9e,0xef9e,0xef9e,0xef9e,0xef9e,0xef9e,0xef9e,0xef9e,0xef9e,0xef9e,0xef9e,0xef9e,0xef9e,0xef9e,0xef9e,
  0xef9e,0xef9e,0xef9e,0xef9e,0x9e3c,0x0c19,0x75bb,0xef9e,0xef9e,0xef9e,0xef9e,0xef9e,0xef9e,0xef9e,0xef9e,0xef9e,
  0xef9e,0xef9e,0xef9e,0xef9e,0xef9e,0xef9e,0xef9e,0xef9e,0xef9e,0xef9e,0xef9e,0xef9e,0xef9e,0xef9e,0xef9e,0xef9e,
  0xef9e,0xef9e,0xef9e,0xef9e,0xef9e,0xef9e,0xef9e,0xef9e,0xef9e,0xef9e,0xef9e,0xef9e,0xef9e,0xef9e,0xef9e,0xef9e,
  0xef9e,0xef9e,0xef9e,0xef9e,0xef9e,0xef9e,0xef9e,0xef9e,0xef9e,0xef9e,0xef9e,0xef9e,0xef9e,0xef9e,0xef9e,0xef9e,
  0xef9e,0xef9e,0xef9e,0xef9e,0xef9e,0xef9e,0xef9e,0xef9e,0xef9e,0xef9e,0xef9e,0xef9e,0xef9e,0xef9e,0xef9e,0xef9e,
  0xef9e,0xef9e,0xef9e,0xef9e,0xef9e,0xef9e,0xef9e,0xef9e,0xef9e,0xef9e,0xef9e,0xef9e,0xef9e,0xef9e,0xef9e,0xef9e,
  0xef9e,0xef9e,0xef9e,0xef9e,0x9e3c,0x0c19,0x75bb,0xef9e,0xef9e,0xef9e,0xef9e,0xef9e,0xef9e,0xef9e,0xef9e,0xef9e,
  0xef9e,0xef9e,0xef9e,0xef9e,0xef9e,0xef9e,0xef9e,0xef9e,0xef9e,0xef9e,0xef9e,0xef9e,0xef9e,0xef9e,0xef9e,0xef9e,
  0xef9e,0xef9e,0xef9e,0xef9e,0xef9e,0xef9e,0xef9e,0xef9e,0xef9e,0xef9e,0xef9e,0xef9e,0xef9e,0xef9e,0xef9e,0xef9e,
  0xef9e,0xef9e,0xef9e,0xef9e,0xef9e,0xef9e,0xef9e,0xef9e,0xef9e,0xef9e,0xef9e,0xef9e,0xef9e,0xef9e,0xef9e,0xef9e,
  0xef9e,0xef9e,0xef9e,0xef9e,0xef9e,0xef9e,0xef9e,0xef9e,0xef9e,0xef9e,0xef9e,0xef9e,0xef9e,0xef9e,0xef9e,0xef9e,
  0xef9e,0xef9e,0xef9e,0xef7e,0xc659,0xd6db,0xef7e,0xef9e,0xef9e,0xef9e,0xef9e,0xef9e,0xef9e,0xef9e,0xef9e,0xef9e,
  0xef9e,0xef9e,0xef9e,0xef9e,0x9e3c,0x0c19,0x75bb,0xef9e,0xef9e,0xef9e,0xef9e,0xef9e,0xef9e,0xef9e,0xef9e,0xef9e,
  0xef9e,0xef9e,0xef9e,0xef9e,0xef9e,0xef9e,0xef9e,0xef9e,0xef9e,0xef9e,0xef9e,0xef9e,0xef9e,0xef9e,0xef9e,0xef9e,
  0xef9e,0xef9e,0xef9e,0xef9e,0xef9e,0xef9e,0xef9e,0xef9e,0xef9e,0xef9e,0xef9e,0xef9e,0xef9e,0xef9e,0xef9e,0xef9e,
  0xef9e,0xef9e,0xef9e,0xef9e,0xef9e,0xef9e,0xef9e,0xef9e,0xef9e,0xef9e,0xef9e,0xef9e,0xef9e,0xef9e,0xef9e,0xef9e,
  0xef9e,0xef9e,0xef9e,0xef9e,0xef9e,0xef9e,0xef9e,0xef9e,0xef9e,0xef9e,0xef9e,0xef9e,0xef9e,0xef9e,0xef9e,0xef9e,
  0xef9e,0xef9e,0xef9e,0xe75d,0x1904,0x18e4,0x4229,0x8451,0xd6bb,0xef7e,0xef9e,0xef9e,0xef9e,0xef9e,0xef9e,0xef9e,
  0xef9e,0xef9e,0xef9e,0xef9e,0x9e3c,0x0c19,0x75bb,0xef9e,0xef9e,0xef9e,0xef9e,0xef9e,0xef9e,0xef9e,0xef9e,0xef9e,
  0xef9e,0xef9e,0xef9e,0xef9e,0xef9e,0xef9e,0xef9e,0xef9e,0xef9e,0xef9e,0xef9e,0xef9e,0xef9e,0xef9e,0xef9e,0xef9e,
  0xef9e,0xef9e,0xef9e,0xef9e,0xef9e,0xef9e,0xef9e,0xef9e,0xef9e,0xef9e,0xef9e,0xef9e,0xef9e,0xef9e,0xef9e,0xef9e,
  0xef9e,0xef9e,0xef9e,0xef9e,0xef9e,0xef9e,0xef9e,0xef9e,0xef9e,0xef9e,0xef9e,0xef9e,0xef9e,0xef9e,0xef9e,0xef9e,
  0xef9e,0xef9e,0xef9e,0xef9e,0xef9e,0xef9e,0xef9e,0xef9e,0xef9e,0xef9e,0xef9e,0xef9e,0xef9e,0xef9e,0xef9e,0xef9e,
  0xef9e,0xef9e,0xef9e,0xdf1c,0x10c3,0x52ab,0x4a6a,0x2145,0x2145,0xb5d7,0xef9e,0xef9e,0xef9e,0xef9e,0xef9e,0xef9e,
  0xef9e,0xef9e,0xef9e,0xef9e,0x9e3c,0x0c19,0x75bb,0xef9e,0xef9e,0xef9e,0xef9e,0xef9e,0xef9e,0xef9e,0xef9e,0xef9e,
  0xef9e,0xef9e,0xef9e,0xef9e,0xef9e,0xef9e,0xef9e,0xef9e,0xef9e,0xef9e,0xef9e,0xef9e,0xef9e,0xef9e,0xef9e,0xef9e,
  0xef9e,0xef9e,0xef9e,0xef9e,0xef9e,0xef9e,0xef9e,0xef9e,0xef9e,0xef9e,0xef9e,0xef9e,0xef9e,0xef9e,0xef9e,0xef9e,
  0xef9e,0xef9e,0xef9e,0xef9e,0xef9e,0xef9e,0xef9e,0xef9e,0xef9e,0xef9e,0xef9e,0xef9e,0xef9e,0xef9e,0xef9e,0xef9e,
  0xef9e,0xef9e,0xef9e,0xef9e,0xef9e,0xef9e,0xef9e,0xef9e,0xef9e,0xef9e,0xef9e,0xef9e,0xef9e,0xef9e,0xef9e,0xef9e,
  0xef9e,0xef9e,0xb5b7,0x8c72,0x10a3,0x5b0c,0xad96,0xdefc,0x94b3,0xb5b7,0xef9e,0xef9e,0xef9e,0xef9e,0xef9e,0xef9e,
  0xef9e,0xef9e,0xef9e,0xef9e,0x9e3c,0x0c19,0x75bb,0xef9e,0xef9e,0xef9e,0xef9e,0xef9e,0xef9e,0xef9e,0xef9e,0xef9e,
  0xef9e,0xef9e,0xef9e,0xef9e,0xef9e,0xef9e,0xef9e,0xef9e,0xef9e,0xef9e,0xef9e,0xef9e,0xef9e,0xef9e,0xef9e,0xef9e,
  0xef9e,0xef9e,0xef9e,0xef9e,0xef9e,0xef9e,0xef9e,0xef9e,0xef9e,0xef9e,0xef9e,0xef9e,0xef9e,0xef9e,0xef9e,0xef9e,
  0xef9e,0xef9e,0xef9e,0xef9e,0xef9e,0xef9e,0xef9e,0xef9e,0xef9e,0xef9e,0xef9e,0xef9e,0xef9e,0xef9e,0xef9e,0xef9e,
  0xef9e,0xef9e,0xef9e,0xef9e,0xef9e,0xef9e,0xef9e,0xef9e,0xef9e,0xef9e,0xef9e,0xef9e,0xef9e,0xef9e,0xef9e,0xef9e,
  0xef9e,0xef9e,0x6b6e,0x1904,0x0041,0x10c3,0x6b6e,0xef7e,0xef9e,0xef9e,0xef9e,0xef9e,0xef9e,0xef9e,0xef9e,0xef9e,
  0xef9e,0xef9e,0xef9e,0xef9e,0x9e3c,0x0c19,0x75bb,0xef9e,0xef9e,0xef9e,0xef9e,0xef9e,0xef9e,0xef9e,0xef9e,0xef9e,
  0xef9e,0xef9e,0xef9e,0xef9e,0xef9e,0xef9e,0xef9e,0xef9e,0xef9e,0xef9e,0xef9e,0xef9e,0xef9e,0xef9e,0xef9e,0xef7e,
  0xef9e,0xef9e,0xef9e,0xef9e,0xef9e,0xef9e,0xef9e,0xef9e,0xef9e,0xef9e,0xef9e,0xef9e,0xef9e,0xef9e,0xef9e,0xef9e,
  0xef9e,0xef9e,0xef9e,0xef9e,0xef9e,0xef9e,0xef9e,0xef9e,0xef9e,0xef9e,0xef9e,0xef9e,0xef9e,0xef9e,0xef9e,0xef9e,
  0xef9e,0xef9e,0xef9e,0xef9e,0xef9e,0xef9e,0xef9e,0xef9e,0xef9e,0xef9e,0xef9e,0xef9e,0xef9e,0xef9e,0xef9e,0xef9e,
  0xef9e,0xef9e,0xef7e,0xe75d,0x8c72,0xc659,0xef7e,0xef7e,0xef9e,0xef9e,0xef9e,0xef9e,0xef9e,0xef9e,0xef9e,0xef9e,
  0xef9e,0xef9e,0xef9e,0xef9e,0x9e3c,0x0c19,0x75bb,0xef9e,0xef9e,0xef9e,0xef9e,0xef9e,0xef9e,0xef9e,0xef9e,0xef9e,
  0xef9e,0xef9e,0xef9e,0xef9e,0xef9e,0xef9e,0xef9e,0xef9e,0xef9e,0xef9e,0xef7e,0xc659,0xa535,0x7bf0,0x52cb,0x4229,
  0x7bf0,0xef7e,0xef9e,0xef9e,0xef9e,0xef9e,0xef9e,0xef9e,0xef9e,0xef9e,0xef9e,0xef9e,0xef9e,0xef9e,0xef9e,0xef9e,
  0xef9e,0xef9e,0xdf1c,0xbe18,0xbe18,0xbe18,0xbe18,0xbe18,0xdf1c,0xef9e,0xef9e,0xef9e,0xef9e,0xef9e,0xef9e,0xef9e,
  0xef9e,0xef9e,0xef9e,0xef9e,0xef9e,0xef9e,0xef9e,0xef9e,0xef9e,0xef9e,0xef9e,0xef9e,0xef9e,0xef9e,0xef9e,0xef9e,
  0xef9e,0xef9e,0x6b8e,0x4a8a,0xdf1c,0xef9e,0xce9a,0x2145,0x94b3,0xef7e,0xef9e,0xef9e,0xef9e,0xef9e,0xef9e,0xef9e,
  0xef9e,0xef9e,0xef9e,0xef9e,0x9e3c,0x0c19,0x75bb,0xef9e,0xef9e,0xef9e,0xef9e,0xef9e,0xef9e,0xef9e,0xef9e,0xef9e,
  0xef9e,0xef9e,0xef9e,0xef9e,0xef9e,0xef9e,0xef9e,0xef9e,0xef7e,0xce7a,0x3a08,0x0882,0x0862,0x0041,0x0041,0x0041,
  0x4a6a,0xe75d,0xef9e,0xef9e,0xef9e,0xef9e,0xef9e,0xef9e,0xef9e,0xef9e,0xef9e,0xef9e,0xef9e,0xef9e,0xef9e,0xef9e,
  0xef9e,0xef9e,0x8c72,0x0882,0x0862,0x0862,0x0862,0x0882,0x5b0c,0xef7e,0xef9e,0xef9e,0xef9e,0xef9e,0xef9e,0xef9e,
  0xef9e,0xef9e,0xef9e,0xef9e,0xef9e,0xef9e,0xef9e,0xef9e,0xef9e,0xef9e,0xef9e,0xef9e,0xef9e,0xef9e,0xef9e,0xef9e,
  0xef9e,0xef9e,0x52cb,0x0862,0x31a7,0xbdf8,0xdefc,0x6b8e,0x2125,0xbdf8,0xef9e,0xef9e,0xef7e,0xef7e,0xef7e,0xef9e,
  0xef9e,0xef9e,0xef9e,0xef9e,0x9e3c,0x0c19,0x75bb,0xef9e,0xef9e,0xef9e,0xef9e,0xef9e,0xef9e,0xef9e,0xef9e,0xef9e,
  0xef9e,0xef9e,0xef9e,0xef9e,0xef9e,0xef9e,0xef9e,0xe75d,0x8431,0x18e4,0x0021,0x0021,0x0021,0x0021,0x0021,0x0021,
  0x4a6a,0xe75d,0xef9e,0xef9e,0xef9e,0xef9e,0xef9e,0xef9e,0xef9e,0xef9e,0xef9e,0xef9e,0xef9e,0xef9e,0xef9e,0xef9e,
  0xef9e,0xef9e,0x8431,0x0041,0x0021,0x0021,0x0021,0x0021,0x52cb,0xef7e,0xef9e,0xef9e,0xef9e,0xef9e,0xef9e,0xef9e,
  0xef9e,0xef9e,0xef9e,0xef9e,0xef9e,0xef9e,0xef9e,0xef9e,0xef9e,0xef9e,0xef9e,0xef9e,0xef9e,0xef9e,0xef9e,0xef9e,
  0xef9e,0xef9e,0x52cb,0x3a08,0x4a8a,0x2125,0x94b3,0xb5b7,0x2966,0xa535,0xef9e,0xef9e,0xad97,0x94f4,0xb5d8,0xef9e,
  0xef9e,0xef9e,0xef9e,0xef9e,0x9e3c,0x0c19,0x75bb,0xef9e,0xef9e,0xef9e,0xef9e,0xef9e,0xef9e,0xef9e,0xef9e,0xef9e,
  0xef9e,0xef9e,0xef9e,0xef9e,0xef9e,0xef9e,0xe75d,0x8431,0x0862,0x0021,0x0021,0x0021,0x0021,0x0021,0x0021,0x0021,
  0x4a6a,0xe75d,0xef9e,0xef9e,0xef9e,0xef9e,0xef9e,0xef9e,0xef9e,0xef9e,0xef9e,0xef9e,0xef9e,0xef9e,0xef9e,0xef9e,
  0xef9e,0xef9e,0x7c10,0x0041,0x0021,0x0021,0x0021,0x0021,0x52cb,0xef7e,0xef9e,0xef9e,0xef9e,0xef9e,0xef9e,0xef9e,
  0xef9e,0xef9e,0xef9e,0xef9e,0xef9e,0xef9e,0xef9e,0xef9e,0xef9e,0xef9e,0xef9e,0xef9e,0xef9e,0xef9e,0xef9e,0xef9e,
  0xef9e,0xef9e,0x5aec,0x5aeb,0xe75d,0x6b8e,0x1083,0x0882,0x2966,0xdf1c,0xef9e,0xef9e,0x94d4,0x7c32,0xad97,0xef7e,
  0xef9e,0xef9e,0xef9e,0xef9e,0x9e3c,0x0c19,0x75bb,0xef9e,0xef9e,0xef9e,0xef9e,0xef9e,0xef9e,0xef9e,0xef9e,0xef9e,
  0xef9e,0xef9e,0xef9e,0xef9e,0xef9e,0xef9e,0xa535,0x0882,0x0021,0x0021,0x0021,0x0021,0x0021,0x0021,0x0021,0x0021,
  0x4a6a,0xe75d,0xef9e,0xef9e,0xef9e,0xef9e,0xef9e,0xef9e,0xef9e,0xef7e,0xe75d,0xef7e,0xef9e,0xef9e,0xef9e,0xef9e,
  0xef9e,0xef9e,0x7c10,0x0041,0x0021,0x0021,0x0021,0x0021,0x52cb,0xef7e,0xef9e,0xef9e,0xef9e,0xef9e,0xef9e,0xef9e,
  0xef9e,0xef9e,0xef9e,0xef9e,0xef9e,0xef9e,0xef9e,0xef9e,0xef9e,0xef9e,0xef9e,0xef9e,0xef9e,0xef9e,0xef9e,0xef9e,
  0xef9e,0xef9e,0xb5d7,0xb5d7,0xef9e,0xef9e,0xc639,0xad96,0xd6db,0xef9e,0xef9e,0xef9e,0xce7a,0xc65a,0xd6db,0xef9e,
  0xef9e,0xef9e,0xef9e,0xef9e,0x9e3c,0x0c19,0x75bb,0xef9e,0xef9e,0xef9e,0xef9e,0xef9e,0xef9e,0xef9e,0xef9e,0xef9e,
  0xef9e,0xef9e,0xef9e,0xef9e,0xef9e,0xe75d,0x31c7,0x0021,0x0021,0x0021,0x0021,0x0021,0x0021,0x0021,0x0021,0x0021,
  0x4a6a,0xe75d,0xef9e,0xef9e,0xef9e,0xef9e,0xef9e,0xef9e,0xef7e,0x8c72,0x2966,0xad96,0xef9e,0xef9e,0xef9e,0xef9e,
  0xef9e,0xef9e,0x7c10,0x0041,0x0021,0x0021,0x0021,0x0021,0x52cb,0xef7e,0xef9e,0xef9e,0xef9e,0xef9e,0xef9e,0xef9e,
  0xef9e,0xef9e,0xef9e,0xef9e,0xef9e,0xef9e,0xef9e,0xef9e,0xef9e,0xef9e,0xef9e,0xef9e,0xef9e,0xef9e,0xef9e,0xef9e,
  0xef9e,0xef9e,0xd6db,0x94b3,0xe75d,0xdefc,0x8c72,0xe75d,0xef9e,0xef9e,0xef9e,0xef9e,0xbe39,0xbe39,0xcebb,0xef9e,
  0xef9e,0xef9e,0xef9e,0xef9e,0x963c,0x0c19,0x759b,0xef9e,0xef9e,0xef9e,0xef9e,0xef9e,0xef9e,0xef9e,0xef9e,0xef9e,
  0xef9e,0xef9e,0xef9e,0xef9e,0xef9e,0xad96,0x0862,0x0021,0x0021,0x0021,0x0021,0x0021,0x0021,0x0021,0x0021,0x0021,
  0x4a6a,0xe75d,0xef9e,0xef9e,0xef9e,0xef9e,0xef9e,0xef7e,0x73cf,0x0041,0x0021,0x10a3,0xad76,0xef7e,0xef9e,0xef9e,
  0xef9e,0xef9e,0x7c10,0x0041,0x0021,0x0021,0x0021,0x0021,0x52cb,0xef7e,0xef9e,0xef9e,0xef9e,0xef9e,0xef9e,0xef9e,
  0xef9e,0xef9e,0xef9e,0xef9e,0xef9e,0xef9e,0xef9e,0xef9e,0xef9e,0xef9e,0xef9e,0xef9e,0xef9e,0xef9e,0xef9e,0xef9e,
  0xef9e,0xef9e,0xb5b7,0x2986,0xe73d,0xbdf8,0x2125,0xe75d,0xef9e,0xef9e,0xef9e,0xef9e,0x7c11,0x8cb4,0x9d35,0xef7e,
  0xef9e,0xef9e,0xef9e,0xef9e,0x963c,0x0c19,0x759b,0xef7e,0xef9e,0xef9e,0xef9e,0xef9e,0xef9e,0xef9e,0xef9e,0xef9e,
  0xef9e,0xef9e,0xef9e,0xef9e,0xef9e,0x4229,0x0021,0x0021,0x0021,0x0021,0x0021,0x0021,0x0862,0x2966,0x73af,0x9cf4,
  0xce9a,0xef9e,0xef9e,0xef9e,0xef9e,0xef9e,0xe75d,0x52cb,0x0862,0x0021,0x0021,0x0021,0x10a3,0xbe18,0xef7e,0xef9e,
  0xef9e,0xef9e,0x7c10,0x0041,0x0021,0x0021,0x0021,0x0021,0x52cb,0xef7e,0xef9e,0xef9e,0xef9e,0xef9e,0xef9e,0xef9e,
  0xef9e,0xef9e,0xef9e,0xef9e,0xef9e,0xef9e,0xef9e,0xef9e,0xef9e,0xef9e,0xef9e,0xef9e,0xef9e,0xef9e,0xef9e,0xef9e,
  0xef9e,0xef9e,0xef7e,0xdefc,0xef7e,0xef7e,0xd6db,0xef9e,0xef9e,0xef9e,0xef9e,0xef9e,0xa536,0xa576,0xbe19,0xef9e,
  0xef9e,0xef9e,0xe77e,0xe77e,0x8e1c,0x0c19,0x6d9b,0xe75e,0xe77e,0xef9e,0xef9e,0xef9e,0xef9e,0xef9e,0xef9e,0xef9e,
  0xef9e,0xef9e,0xef9e,0xef9e,0xe73d,0x0882,0x0021,0x0021,0x0021,0x0021,0x0021,0x18e4,0xad96,0xe73d,0xef7e,0xef7e,
  0xef9e,0xef9e,0xef9e,0xef9e,0xef9e,0xef9e,0x9cf4,0x0862,0x0021,0x0021,0x0021,0x0021,0x0021,0x10a3,0x9d14,0xef7e,
  0xef9e,0xef9e,0x7c10,0x0041,0x0021,0x0021,0x0021,0x0021,0x52cb,0xef7e,0xef9e,0xef9e,0xef9e,0xef9e,0xef9e,0xef9e,
  0xef9e,0xef9e,0xef9e,0xef9e,0xef9e,0xef9e,0xef9e,0xef9e,0xef9e,0xef9e,0xef9e,0xef9e,0xef9e,0xef9e,0xef9e,0xef9e,
  0xef9e,0xef9e,0xef9e,0xef9e,0xef9e,0xef9e,0xef9e,0xef7e,0xe73d,0xef7e,0xef9e,0xef9e,0xc639,0xbe39,0xd6bb,0xef9e,
  0xef9e,0xef7e,0xe77e,0xdf5e,0x8dfb,0x0bf8,0x655b,0xdf3e,0xe75e,0xe77e,0xef9e,0xef9e,0xef9e,0xef9e,0xef9e,0xef9e,
  0xef9e,0xef9e,0xef9e,0xef9e,0xce9a,0x0882,0x0021,0x0021,0x0021,0x0021,0x0021,0xad96,0xef7e,0xef9e,0xef9e,0xef9e,
  0xef9e,0xef9e,0xef9e,0xef9e,0xef9e,0xef9e,0xc659,0x0862,0x0021,0x0021,0x0021,0x0021,0x0021,0x0021,0x10a3,0x9cf4,
  0xef7e,0xef9e,0x7c10,0x0041,0x0021,0x0021,0x0021,0x0021,0x52cb,0xef7e,0xef9e,0xef9e,0xef9e,0xef9e,0xef9e,0xef9e,
  0xef9e,0xef9e,0xef9e,0xef9e,0xef9e,0xef9e,0xef9e,0xef9e,0xef9e,0xef9e,0xef9e,0xef9e,0xef9e,0xef9e,0xef9e,0xef9e,
  0xef9e,0xef9e,0xef7e,0xe75d,0xe75d,0xe75d,0xe75d,0xd6db,0x2966,0xdf1c,0xef9e,0xef9e,0xa556,0x9d35,0xb5d8,0xef7e,
  0xef9e,0xe77e,0xdf5e,0xcf1d,0x7d38,0x09cb,0x5c55,0xcf1d,0xdf5e,0xe77e,0xef9e,0xef9e,0xef9e,0xef9e,0xef9e,0xef9e,
  0xef9e,0xef9e,0xef9e,0xef9e,0xc659,0x0862,0x0021,0x0021,0x0021,0x0021,0x10c3,0xe73d,0xef9e,0xef9e,0xef9e,0xef9e,
  0xef9e,0xef9e,0xef9e,0xef9e,0xef9e,0xef9e,0xef9e,0x31a7,0x0021,0x0021,0x0021,0x0021,0x0021,0x0021,0x0021,0x10a3,
  0xad96,0xe75d,0x7c10,0x0041,0x0021,0x0021,0x0021,0x0021,0x52cb,0xef7e,0xef9e,0xef9e,0xef9e,0xef9e,0xef9e,0xef9e,
  0xef9e,0xef9e,0xef9e,0xef9e,0xef9e,0xef9e,0xef9e,0xef9e,0xef9e,0xef9e,0xef9e,0xef9e,0xef9e,0xef9e,0xef9e,0xef9e,
  0xef9e,0xef9e,0x73cf,0x31c7,0x31c7,0x31c7,0x31c7,0x31a7,0x10a3,0x9d14,0xef9e,0xef9e,0xdefc,0xef7e,0xdf1d,0xef9e,
  0xef9e,0xe77e,0xdf5e,0xc6fd,0x31e8,0x0021,0x0882,0xb63a,0xd73e,0xe77e,0xef9e,0xef9e,0xef9e,0xef9e,0xef9e,0xef9e,
  0xef9e,0xef9e,0xef9e,0xef9e,0xc659,0x0862,0x0021,0x0021,0x0021,0x0021,0x10a3,0xe73d,0xef9e,0xef9e,0xef9e,0xef9e,
  0xef9e,0xef9e,0xef9e,0xef9e,0xef9e,0xef9e,0xef9e,0x2986,0x0021,0x0021,0x0021,0x0021,0x0021,0x0021,0x0021,0x0021,
  0x0882,0x94b3,0x7c10,0x0041,0x0021,0x0021,0x0021,0x0021,0x52cb,0xef7e,0xef9e,0xef9e,0xef9e,0xef9e,0xef9e,0xef9e,
  0xef9e,0xef9e,0xef9e,0xef9e,0xef9e,0xef9e,0xef9e,0xef9e,0xef9e,0xef9e,0xef9e,0xef9e,0xef9e,0xef9e,0xef9e,0xef9e,
  0xef9e,0xef9e,0x9d14,0x73af,0x73af,0x73af,0x73af,0x73af,0x73cf,0xc639,0xef9e,0xef9e,0xef9e,0xef9e,0xef9e,0xef9e,
  0xef9e,0xe77e,0xdf5e,0xcefd,0x426a,0x0021,0x1904,0xb65b,0xd73e,0xe77e,0xef9e,0xef9e,0xef9e,0xef9e,0xef9e,0xef9e,
  0xef9e,0xef9e,0xef9e,0xef9e,0xce9a,0x0882,0x0021,0x0021,0x0021,0x0021,0x0021,0x9d14,0xef7e,0xef9e,0xef9e,0xef9e,
  0xef9e,0xef9e,0xef9e,0xef9e,0xef9e,0xef9e,0xc639,0x0862,0x0021,0x0021,0x0021,0x0021,0x0021,0x0021,0x0021,0x0021,
  0x0021,0x0041,0x2966,0x0021,0x0021,0x0021,0x0021,0x0021,0x52cb,0xef7e,0xef9e,0xef9e,0xef9e,0xef9e,0xef9e,0xef9e,
  0xef9e,0xef9e,0xef9e,0xef9e,0xef9e,0xef9e,0xef9e,0xef9e,0xef9e,0xef9e,0xef9e,0xef9e,0xef9e,0xef9e,0xef9e,0xef9e,
  0xef9e,0xef9e,0xef9e,0xef7e,0xef7e,0xef7e,0xef7e,0xef7e,0xef7e,0xef9e,0xef9e,0xef9e,0xef9e,0xef9e,0xef9e,0xef9e,
  0xef9e,0xe77e,0xdf5e,0xd71e,0xbe9c,0x9536,0xb67b,0xcf1d,0xdf5e,0xe77e,0xef9e,0xef9e,0xef9e,0xef9e,0xef9e,0xef9e,
  0xef9e,0xef9e,0xef9e,0xef9e,0xe75d,0x0882,0x0021,0x0021,0x0021,0x0021,0x0021,0x0862,0xa535,0xe75d,0xef9e,0xef9e,
  0xef9e,0xef9e,0xef9e,0xef9e,0xe75d,0xbdf8,0x2125,0x0021,0x0021,0x0021,0x0021,0x0021,0x0021,0x0021,0x0021,0x0021,
  0x0021,0x0021,0x0021,0x0021,0x0021,0x0021,0x0021,0x0021,0x52cb,0xef7e,0xef9e,0xef9e,0xef9e,0xef9e,0xef9e,0xef9e,
  0xef9e,0xef9e,0xef9e,0xef9e,0xef9e,0xef9e,0xef9e,0xef9e,0xef9e,0xef9e,0xef9e,0xef9e,0xef9e,0xef9e,0xef9e,0xef9e,
  0xef9e,0xef9e,0xe75d,0x94b3,0x634d,0x9d14,0xa535,0x6b6e,0xb5d7,0xef7e,0xef9e,0xef9e,0xef9e,0xef9e,0xef9e,0xef9e,
  0xef9e,0xef9e,0xe77e,0xdf5e,0xcf1d,0xc6bc,0xcefd,0xdf5e,0xe77e,0xef7e,0xef9e,0xef9e,0xef9e,0xef9e,0xef9e,0xef9e,
  0xef9e,0xef9e,0xef9e,0xef9e,0xef9e,0x4a8a,0x0041,0x0021,0x0021,0x0021,0x0021,0x0021,0x0882,0x31a7,0x52ab,0x6b8e,
  0x7bf0,0x7bf0,0x73af,0x52cb,0x31c7,0x10a3,0x0021,0x0021,0x0021,0x0021,0x0041,0x2966,0x0021,0x0021,0x0021,0x0021,
  0x0021,0x0021,0x0021,0x0021,0x0021,0x0021,0x0021,0x0021,0x52cb,0xef7e,0xef9e,0xef9e,0xef9e,0xef9e,0xef9e,0xef9e,
  0xef9e,0xef9e,0xef9e,0xef9e,0xef9e,0xef9e,0xef9e,0xef9e,0xef9e,0xef9e,0xef9e,0xef9e,0xef9e,0xef9e,0xef9e,0xef9e,
  0xef9e,0xef9e,0x94b3,0x18e4,0x3a08,0x18e4,0x18e4,0x39e8,0x2145,0xce7a,0xef9e,0xef9e,0xef9e,0xef9e,0xef9e,0xef9e,
  0xef9e,0xef9e,0xef7e,0xe77e,0xdf3d,0xd6fc,0xd71d,0xe77e,0xe77e,0xef9e,0xef9e,0xef9e,0xef9e,0xef9e,0xef9e,0xef9e,
  0xef9e,0xef9e,0xef9e,0xef9e,0xef9e,0xbdf8,0x0882,0x0021,0x0021,0x0021,0x0021,0x0021,0x0021,0x0021,0x0021,0x0021,
  0x0041,0x0041,0x0021,0x0021,0x0021,0x0021,0x0021,0x0021,0x0021,0x0021,0x1904,0xce9a,0x4229,0x0041,0x0021,0x0021,
  0x0021,0x0021,0x0021,0x0021,0x0021,0x0021,0x0021,0x0021,0x52cb,0xef7e,0xef9e,0xef9e,0xef9e,0xef9e,0xef9e,0xef9e,
  0xef9e,0xef9e,0xef9e,0xef9e,0xef9e,0xef9e,0xef9e,0xef9e,0xef9e,0xef9e,0xef9e,0xef9e,0xef9e,0xef9e,0xef9e,0xef9e,
  0xef9e,0xef9e,0x52cb,0x4a8a,0xd6db,0x4a8a,0x4a6a,0xce9a,0x31a7,0x9cf4,0xef9e,0xef9e,0xef9e,0xef9e,0xef9e,0xef9e,
  0xef9e,0xef9e,0xef9e,0xef9e,0xe75e,0xdf1c,0xe75d,0xef9e,0xef9e,0xef9e,0xef9e,0xef9e,0xef9e,0xef9e,0xef9e,0xef9e,
  0xef9e,0xef9e,0xef9e,0xef9e,0xef9e,0xe75d,0x4229,0x0021,0x0021,0x0021,0x0021,0x0021,0x0021,0x0021,0x0021,0x0021,
  0x0021,0x0021,0x0021,0x0021,0x0021,0x0021,0x0021,0x0021,0x0021,0x0862,0x8c92,0xef9e,0xdf1c,0x31c7,0x0041,0x0021,
  0x0021,0x0021,0x0021,0x0021,0x0021,0x0021,0x0021,0x0021,0x52cb,0xef7e,0xef9e,0xef9e,0xef9e,0xef9e,0xef9e,0xef9e,
  0xef9e,0xef9e,0xef9e,0xef9e,0xef9e,0xef9e,0xef9e,0xef9e,0xef9e,0xef9e,0xef9e,0xef9e,0xef9e,0xef9e,0xef9e,0xef9e,
  0xef9e,0xef9e,0x9cf4,0x10c3,0x2986,0x10c3,0x10c3,0x2145,0x2125,0xce9a,0xef9e,0xef9e,0xef9e,0xef9e,0xef9e,0xef9e,
  0xef9e,0xef9e,0xef9e,0xef9e,0xe77e,0xdf1c,0xe75d,0xef9e,0xef9e,0xef9e,0xef9e,0xef9e,0xef9e,0xef9e,0xef9e,0xef9e,
  0xef9e,0xef9e,0xef9e,0xef9e,0xef9e,0xef9e,0xbe18,0x1904,0x0021,0x0021,0x0021,0x0021,0x0021,0x0021,0x0021,0x0021,
  0x0021,0x0021,0x0021,0x0021,0x0021,0x0021,0x0021,0x0021,0x0021,0x31a7,0xe73d,0xef9e,0xef9e,0xe73d,0x5b0c,0x0041,
  0x0021,0x0021,0x0021,0x0021,0x0021,0x0021,0x0021,0x0021,0x52cb,0xef7e,0xef9e,0xef9e,0xef9e,0xef9e,0xef9e,0xef9e,
  0xef9e,0xef9e,0xef9e,0xef9e,0xef9e,0xef9e,0xef9e,0xef9e,0xef9e,0xef9e,0xdefc,0xa577,0xdefc,0xef9e,0xef9e,0xef9e,
  0xef9e,0xef9e,0xef7e,0xad96,0x7c10,0xbdf8,0xbe18,0x8451,0xce7a,0xef9e,0xef9e,0xef9e,0xef9e,0xef9e,0xef9e,0xef9e,
  0xef9e,0xef9e,0xef9e,0xef9e,0xef7e,0xdf3d,0xe75d,0xef9e,0xef9e,0xef9e,0xef9e,0xef9e,0xef9e,0xef9e,0xef9e,0xef9e,
  0xef9e,0xef9e,0xef9e,0xef9e,0xef9e,0xef9e,0xef9e,0xad96,0x1904,0x0021,0x0021,0x0021,0x0021,0x0021,0x0021,0x0021,
  0x0021,0x0021,0x0021,0x0021,0x0021,0x0021,0x0021,0x0021,0x2125,0xb5d7,0xef9e,0xef9e,0xef9e,0xef9e,0xe75d,0x73af,
  0x0041,0x0021,0x0021,0x0021,0x0021,0x0021,0x0021,0x0021,0x52cb,0xef7e,0xef9e,0xef9e,0xef9e,0xef9e,0xef9e,0xef9e,
  0xef9e,0xef9e,0xef9e,0xef9e,0xef9e,0xef9e,0xef9e,0xef9e,0xef9e,0xef9e,0xdefc,0xa577,0xdefc,0xef9e,0xef9e,0xef9e,
  0xef9e,0xef9e,0xef9e,0xef9e,0xef7e,0xef9e,0xef9e,0xef7e,0xef9e,0xef9e,0xef9e,0xef9e,0xef9e,0xef9e,0xef9e,0xef9e,
  0xef9e,0xef9e,0xef9e,0xef9e,0xef7e,0xdf3d,0xe75d,0xef9e,0xef9e,0xef9e,0xef9e,0xef9e,0x9d35,0x94f4,0xad76,0xef9e,
  0xef9e,0xef9e,0xef9e,0xef9e,0xef9e,0xef9e,0xef9e,0xef7e,0xdefc,0x39e8,0x0041,0x0021,0x0021,0x0021,0x0021,0x0021,
  0x0021,0x0021,0x0021,0x0021,0x0021,0x0021,0x0041,0x2125,0xce7a,0xef7e,0xef9e,0xef9e,0xef9e,0xef9e,0xef9e,0xe75d,
  0x8c72,0x0862,0x0021,0x0021,0x0021,0x0021,0x0021,0x0021,0x52cb,0xef7e,0xef9e,0xef9e,0xef9e,0xef9e,0xef9e,0xef9e,
  0xef9e,0xef9e,0xef9e,0xef9e,0xef9e,0xef9e,0xef9e,0xef9e,0xef9e,0xef9e,0xef9e,0xef9e,0xef9e,0xef9e,0xef9e,0xef9e,
  0xef9e,0xef9e,0xef9e,0xef9e,0xef9e,0xef9e,0xef9e,0xef9e,0xef9e,0xef9e,0xef9e,0xef9e,0xef9e,0xef9e,0xef9e,0xef9e,
  0xef9e,0xef9e,0xef9e,0xef9e,0xef7e,0xdf3d,0xe75d,0xef9e,0xef9e,0xef9e,0xef9e,0xef9e,0xad97,0xa556,0xad97,0xef9e,
  0xef9e,0xef9e,0xef9e,0xef9e,0xef9e,0xef9e,0xef9e,0xef9e,0xef9e,0xdf1c,0xad76,0x5aec,0x1904,0x0862,0x0041,0x0041,
  0x0041,0x0041,0x0041,0x0862,0x10a3,0x4a6a,0x9cf4,0xdf1c,0xef7e,0xef9e,0xef9e,0xef9e,0xef9e,0xef9e,0xef9e,0xef9e,
  0xef7e,0x94b3,0x10a3,0x0862,0x0862,0x0862,0x0862,0x0862,0x5b0c,0xef7e,0xef9e,0xef9e,0xef9e,0xef9e,0xef9e,0xef9e,
  0xef9e,0xef9e,0xef9e,0xef9e,0xef9e,0xef9e,0xef9e,0xef9e,0xef9e,0xef9e,0xef9e,0xef9e,0xef9e,0xef9e,0xef9e,0xef9e,
  0xef9e,0xef9e,0xef9e,0xef9e,0xef9e,0xef9e,0xef9e,0xef9e,0xef9e,0xef9e,0xef9e,0xef9e,0xef9e,0xef9e,0xef9e,0xef9e,
  0xef9e,0xef9e,0xef9e,0xef9e,0xef7e,0xdf3d,0xe75d,0xef9e,0xef9e,0xef9e,0xef9e,0xef9e,0xc65a,0xd6db,0xd6bb,0xef9e,
  0xef9e,0xef9e,0xef9e,0xef9e,0xef9e,0xef9e,0xef9e,0xef9e,0xef9e,0xef9e,0xef9e,0xe75d,0xd6db,0xb5b7,0x8c72,0x7bf0,
  0x73af,0x7bf0,0x8451,0xa555,0xd6bb,0xe75d,0xef9e,0xef9e,0xef9e,0xef9e,0xef9e,0xef9e,0xef9e,0xef9e,0xef9e,0xef9e,
  0xef9e,0xef7e,0xbe18,0x9cf4,0x9cf4,0x9cf4,0x9cf4,0x9cf4,0xce9a,0xef9e,0xef9e,0xef9e,0xef9e,0xef9e,0xef9e,0xef9e,
  0xef9e,0xef9e,0xef9e,0xef9e,0xef9e,0xef9e,0xef9e,0xef9e,0xef9e,0xef9e,0xcf1d,0x655b,0xcf1d,0xef9e,0xef9e,0xef9e,
  0xef9e,0xef9e,0xef9e,0xef9e,0xef9e,0xef9e,0xef9e,0xef9e,0xef9e,0xef9e,0xef9e,0xef9e,0xef9e,0xef9e,0xef9e,0xef9e,
  0xef9e,0xef9e,0xef9e,0xef9e,0xef7e,0xdf3d,0xe75d,0xef9e,0xef9e,0xef9e,0xef9e,0xef9e,0xb5d8,0x9d15,0x8473,0xef7e,
  0xef9e,0xef9e,0xef9e,0xef9e,0xef9e,0xef9e,0xef9e,0xef9e,0xef9e,0xef9e,0xef9e,0xef9e,0xef9e,0xef9e,0xef9e,0xef9e,
  0xef9e,0xef9e,0xef9e,0xef9e,0xef9e,0xef9e,0xef9e,0xef9e,0xef9e,0xef9e,0xef9e,0xef9e,0xef9e,0xef9e,0xef9e,0xef9e,
  0xef9e,0xef9e,0xef9e,0xef9e,0xef9e,0xef9e,0xef9e,0xef9e,0xef9e,0xef9e,0xef9e,0xef9e,0xef9e,0xef9e,0xef9e,0xef9e,
  0xef9e,0xef9e,0xef9e,0xef9e,0xef9e,0xef9e,0xef9e,0xef9e,0xef9e,0xef9e,0x9e3c,0x0bf9,0x9e5c,0xef9e,0xef9e,0xef9e,
  0xef9e,0xef9e,0xef9e,0xef9e,0xef9e,0xef9e,0xef9e,0xef9e,0xef9e,0xef9e,0xef9e,0xef9e,0xef9e,0xef9e,0xef9e,0xef9e,
  0xef9e,0xef9e,0xef9e,0xef9e,0xef7e,0xdf3d,0xe75d,0xef9e,0xef9e,0xef9e,0xef9e,0xef9e,0xad97,0x8cb3,0x94d4,0xef7e,
  0xef9e,0xef9e,0xef9e,0xef9e,0xef9e,0xef9e,0xef9e,0xef9e,0xef9e,0xef9e,0xef9e,0xef9e,0xef9e,0xef9e,0xef9e,0xef9e,
  0xef9e,0xef9e,0xef9e,0xef9e,0xef9e,0xef9e,0xef9e,0xef9e,0xef9e,0xef9e,0xef9e,0xef9e,0xef9e,0xef9e,0xef9e,0xef9e,
  0xef9e,0xef9e,0xef9e,0xef9e,0xef9e,0xef9e,0xef9e,0xef9e,0xef9e,0xef9e,0xef9e,0xef9e,0xef9e,0xef9e,0xef9e,0xef9e,
  0xef9e,0xef9e,0xef9e,0xef9e,0xef9e,0xef9e,0xef9e,0xef9e,0xef9e,0xef9e,0x9e3c,0x03f8,0x9e5c,0xef9e,0xef9e,0xef9e,
  0xef9e,0xef9e,0xef9e,0xef9e,0xe75d,0xe75d,0xe75d,0xe75d,0xe75d,0xe75d,0xe75d,0xe75d,0xe75d,0xe75d,0xef9e,0xef9e,
  0xef9e,0xef9e,0xef9e,0xef9e,0xef7e,0xdf3d,0xe75d,0xef9e,0xef9e,0xef9e,0xef9e,0xef9e,0xce9a,0xdf3d,0xef7e,0xef9e,
  0xef9e,0xef9e,0xef9e,0xef9e,0xef9e,0xef9e,0xef9e,0xef9e,0xef9e,0xef9e,0xef9e,0xef9e,0xef9e,0xef9e,0xef9e,0xef9e,
  0xef9e,0xef9e,0xef9e,0xef9e,0xef9e,0xef9e,0xef9e,0xef9e,0xef9e,0xef9e,0xef9e,0xef9e,0xef9e,0xef9e,0xef9e,0xef9e,
  0xef9e,0xef9e,0xef9e,0xef9e,0xef9e,0xef9e,0xef9e,0xef9e,0xef9e,0xef9e,0xef9e,0xef9e,0xef9e,0xef9e,0xef9e,0xef9e,
  0xef9e,0xef9e,0xef9e,0xef9e,0xef9e,0xef9e,0xef9e,0xef9e,0xef9e,0xef9e,0x9e3c,0x03f8,0x9e5c,0xef9e,0xef9e,0xef9e,
  0xef9e,0xef9e,0xef9e,0xef9e,0xef9e,0xef9e,0xef9e,0xef9e,0xef9e,0xef9e,0xef9e,0xef9e,0xef9e,0xef9e,0xef9e,0xef9e,
  0xef9e,0xef9e,0xef9e,0xef9e,0xef7e,0xdf3d,0xe75d,0xef9e,0xef9e,0xef9e,0xef9e,0xef9e,0xdf3d,0x9d35,0xa576,0xef9e,
  0xef9e,0xef9e,0xef9e,0xef9e,0xef9e,0xef9e,0xef9e,0xef9e,0xef9e,0xef9e,0xef9e,0xef9e,0xef9e,0xef9e,0xef9e,0xef9e,
  0xef9e,0xef9e,0xef9e,0xef9e,0xef9e,0xef9e,0xef9e,0xef9e,0xef9e,0xef9e,0xef9e,0xef9e,0xef9e,0xef9e,0xef9e,0xef9e,
  0xef9e,0xef9e,0xef9e,0xef9e,0xef9e,0xef9e,0xef9e,0xef9e,0xef9e,0xef9e,0xef9e,0xef9e,0xef9e,0xef9e,0xef9e,0xef9e,
  0xef9e,0xef9e,0xef9e,0xef9e,0xef9e,0xef9e,0xef9e,0xef9e,0xef9e,0xef9e,0x9e3c,0x0bf9,0x9e5c,0xef9e,0xef9e,0xef9e,
  0xef9e,0xef9e,0xef9e,0xef9e,0xef9e,0xef9e,0xef9e,0xef9e,0xef9e,0xef9e,0xef9e,0xef9e,0xef9e,0xef9e,0xef9e,0xef9e,
  0xef9e,0xef9e,0xef9e,0xef9e,0xef7e,0xdf3d,0xe75d,0xef9e,0xef9e,0xef9e,0xef9e,0xef9e,0xce9b,0xc65a,0xce7a,0xef9e,
  0xef9e,0xef9e,0xef9e,0xef9e,0xef9e,0xef9e,0xef9e,0xef9e,0xef9e,0xef9e,0xef9e,0xef7e,0xe73d,0xce9a,0xbe18,0xe75d,
  0xef9e,0xef9e,0xef9e,0xd6bb,0xb5b7,0xb5b7,0xb5b7,0xb5b7,0xb5b7,0xb5b7,0xb5b7,0xb5b7,0xb5b7,0xb5b7,0xb5b7,0xb5b7,
  0xb5b7,0xb5b7,0xb5b7,0xb5b7,0xb5b7,0xb5b7,0xb5b7,0xb5d7,0xdefc,0xef9e,0xef9e,0xef9e,0xef9e,0xef9e,0xef9e,0xef9e,
  0xef9e,0xef9e,0xef9e,0xef9e,0xef9e,0xef9e,0xef9e,0xef9e,0xef9e,0xef9e,0xcf1d,0x655b,0xcf1d,0xef9e,0xef9e,0xef9e,
  0xef9e,0xef9e,0xef9e,0xef9e,0xef9e,0xef9e,0xef9e,0xef9e,0xef9e,0xef9e,0xef9e,0xef9e,0xef9e,0xef9e,0xef9e,0xef9e,
  0xef9e,0xef9e,0xef9e,0xef9e,0xef7e,0xdf3d,0xe75d,0xef9e,0xef9e,0xef9e,0xef9e,0xef9e,0xbdf8,0x94f4,0xbe39,0xef9e,
  0xef9e,0xef9e,0xef9e,0xef9e,0xef9e,0xef9e,0xef9e,0xef9e,0xef9e,0xe75d,0xbdf8,0x7c10,0x39e8,0x10a3,0x10c3,0xc659,
  0xef9e,0xef9e,0xe75d,0x4a8a,0x0862,0x0862,0x0862,0x0862,0x0862,0x0862,0x0862,0x0862,0x0862,0x0862,0x0862,0x0862,
  0x0862,0x0862,0x0862,0x0862,0x0862,0x0862,0x0862,0x0882,0x634d,0xef7e,0xef9e,0xef9e,0xef9e,0xef9e,0xef9e,0xef9e,
  0xef9e,0xef9e,0xef9e,0xef9e,0xef9e,0xef9e,0xef9e,0xef9e,0xef9e,0xef9e,0xef9e,0xef9e,0xef9e,0xef9e,0xef9e,0xef9e,
  0xef9e,0xef9e,0xef9e,0xef9e,0xef9e,0xef9e,0xef9e,0xef9e,0xef9e,0xef9e,0xef9e,0xef9e,0xef9e,0xef9e,0xef9e,0xef9e,
  0xef9e,0xef9e,0xef9e,0xef9e,0xef7e,0xdf3d,0xe75d,0xef9e,0xef9e,0xef9e,0xef9e,0xef9e,0xad97,0xa556,0xb5d8,0xef9e,
  0xef9e,0xef9e,0xef9e,0xef9e,0xef9e,0xef9e,0xef9e,0xef7e,0xe73d,0x52cb,0x0862,0x0021,0x0021,0x0021,0x0862,0xbe18,
  0xef9e,0xef9e,0xe75d,0x3a08,0x0021,0x0021,0x0021,0x0021,0x0021,0x0021,0x0021,0x0021,0x0021,0x0021,0x0021,0x0021,
  0x0021,0x0021,0x0021,0x0021,0x0021,0x0021,0x0021,0x0021,0x52cb,0xef7e,0xef9e,0xef9e,0xef9e,0xef9e,0xef9e,0xef9e,
  0xef9e,0xef9e,0xef9e,0xef9e,0xef9e,0xef9e,0xef9e,0xef9e,0xef9e,0xef9e,0xef9e,0xef9e,0xef9e,0xef9e,0xef9e,0xef9e,
  0xef9e,0xef9e,0xef9e,0xef9e,0xef9e,0xef9e,0xef9e,0xef7e,0xdf1c,0xef9e,0xef9e,0xef9e,0xef9e,0xef9e,0xef9e,0xef9e,
  0xef9e,0xef9e,0xef9e,0xef9e,0xef7e,0xdf3d,0xe75d,0xef9e,0xef9e,0xef9e,0xef9e,0xef9e,0xef9e,0xef9e,0xef9e,0xef9e,
  0xef9e,0xef9e,0xef9e,0xef9e,0xef9e,0xef9e,0xef9e,0xc639,0x2966,0x0021,0x0021,0x0021,0x0021,0x0021,0x0862,0xbe18,
  0xef9e,0xef9e,0xe75d,0x3a08,0x0021,0x0021,0x0021,0x0021,0x0021,0x0021,0x0021,0x0021,0x0021,0x0021,0x0021,0x0021,
  0x0021,0x0021,0x0021,0x0021,0x0021,0x0021,0x0021,0x0021,0x52cb,0xef7e,0xef9e,0xef9e,0xef9e,0xef9e,0xef9e,0xef9e,
  0xef9e,0xef9e,0xef9e,0xef9e,0xef9e,0xef9e,0xef9e,0xef9e,0xef9e,0xef9e,0xdefc,0xa577,0xdefc,0xef9e,0xef9e,0xef9e,
  0xef9e,0xef9e,0xdefc,0xce9a,0xce9a,0xce9a,0xce9a,0xbdf8,0x2125,0xce7a,0xef9e,0xef9e,0xef9e,0xef9e,0xef9e,0xef9e,
  0xef9e,0xef9e,0xef9e,0xef9e,0xef7e,0xdf3d,0xe75d,0xef9e,0xef9e,0xef9e,0xef9e,0xef9e,0xef9e,0xef9e,0xef9e,0xef9e,
  0xef9e,0xef9e,0xef9e,0xef9e,0xef9e,0xef9e,0xce9a,0x31a7,0x0021,0x0021,0x0021,0x0021,0x0021,0x0021,0x0862,0xbe18,
  0xef9e,0xef9e,0xe75d,0x3a08,0x0021,0x0021,0x0021,0x0021,0x0021,0x0021,0x0021,0x0021,0x0021,0x0021,0x0021,0x0021,
  0x0021,0x0021,0x0021,0x0021,0x0021,0x0021,0x0021,0x0021,0x52cb,0xef7e,0xef9e,0xef9e,0xef9e,0xef9e,0xef9e,0xef9e,
  0xef9e,0xef9e,0xef9e,0xef9e,0xef9e,0xef9e,0xef9e,0xef9e,0xef9e,0xef9e,0xdefc,0xa577,0xdefc,0xef9e,0xef9e,0xef9e,
  0xef9e,0xef9e,0x5b0c,0x0882,0x0882,0x0882,0x0882,0x0862,0x0882,0x9d14,0xef9e,0xef9e,0xef9e,0xef9e,0xef9e,0xef9e,
  0xef9e,0xef9e,0xef9e,0xef9e,0xef7e,0xdf3d,0xe75d,0xef9e,0xef9e,0xef9e,0xef9e,0xef9e,0xef9e,0xef9e,0xef9e,0xef9e,
  0xef9e,0xef9e,0xef9e,0xef9e,0xef9e,0xef7e,0x52cb,0x0041,0x0021,0x0021,0x0021,0x0021,0x0021,0x0021,0x0862,0xbe18,
  0xef9e,0xef9e,0xe75d,0x3a08,0x0021,0x0021,0x0021,0x0021,0x0021,0x0021,0x0021,0x0021,0x0021,0x0021,0x0021,0x0021,
  0x0021,0x0021,0x0021,0x0021,0x0021,0x0021,0x0021,0x0021,0x52cb,0xef7e,0xef9e,0xef9e,0xef9e,0xef9e,0xef9e,0xef9e,
  0xef9e,0xef9e,0xef9e,0xef9e,0xef9e,0xef9e,0xef9e,0xef9e,0xef9e,0xef9e,0xef9e,0xef9e,0xef9e,0xef9e,0xef9e,0xef9e,
  0xef9e,0xef9e,0xc639,0xad76,0xad76,0xad76,0xad76,0xad76,0xad76,0xd6db,0xef9e,0xef9e,0xef9e,0xef9e,0xef9e,0xef9e,
  0xef9e,0xef9e,0xef9e,0xef9e,0xef7e,0xdf3d,0xe75d,0xef9e,0xef9e,0xef9e,0xef9e,0xef9e,0xef9e,0xef9e,0xef9e,0xef9e,
  0xef9e,0xef9e,0xef9e,0xef9e,0xef9e,0xd6db,0x10c3,0x0021,0x0021,0x0021,0x0021,0x0021,0x0021,0x0021,0x0862,0xbe18,
  0xef9e,0xef9e,0xe75d,0x3a08,0x0021,0x0021,0x0021,0x0021,0x0021,0x0021,0x0021,0x0021,0x0021,0x0021,0x0021,0x0021,
  0x0021,0x0021,0x0021,0x0021,0x0021,0x0021,0x0021,0x0021,0x52cb,0xef7e,0xef9e,0xef9e,0xef9e,0xef9e,0xef9e,0xef9e,
  0xef9e,0xef9e,0xef9e,0xef9e,0xef9e,0xef9e,0xef9e,0xef9e,0xef9e,0xef9e,0xef9e,0xef9e,0xef9e,0xef9e,0xef9e,0xef9e,
  0xef9e,0xef9e,0xef9e,0xef7e,0xe75d,0xef7e,0xef7e,0xe75d,0xef7e,0xef9e,0xef9e,0xef9e,0xef9e,0xef9e,0xef9e,0xef9e,
  0xef9e,0xef9e,0xef9e,0xef9e,0xef7e,0xdf3d,0xe75d,0xef9e,0xef9e,0xef9e,0xef9e,0xef9e,0xef9e,0xef9e,0xef9e,0xef9e,
  0xef9e,0xef9e,0xef9e,0xef9e,0xef9e,0x6b8e,0x0041,0x0021,0x0021,0x0021,0x0021,0x0021,0x0041,0x0882,0x2966,0xce9a,
  0xef9e,0xef9e,0xe75d,0x52ab,0x0041,0x0021,0x0021,0x0021,0x0021,0x0021,0x2986,0x31a7,0x31a7,0x31a7,0x31a7,0x31a7,
  0x31a7,0x31a7,0x10c3,0x0021,0x0021,0x0021,0x0021,0x0021,0x52cb,0xef7e,0xef9e,0xef9e,0xef9e,0xef9e,0xef9e,0xef9e,
  0xef9e,0xef9e,0xef9e,0xef9e,0xef9e,0xef9e,0xef9e,0xef9e,0xef9e,0xef9e,0xef9e,0xef9e,0xef9e,0xef9e,0xef9e,0xef9e,
  0xef9e,0xef9e,0xe75d,0x738e,0x31a7,0x8451,0x8c51,0x39e8,0xa535,0xef7e,0xef9e,0xef9e,0xef9e,0xef9e,0xef9e,0xef9e,
  0xef9e,0xef9e,0xef9e,0xef9e,0xef7e,0xdf3d,0xe75d,0xef9e,0xef9e,0xef9e,0xef9e,0xef9e,0xef9e,0xef9e,0xef9e,0xef9e,
  0xef9e,0xef9e,0xef9e,0xef9e,0xef9e,0x10a3,0x0021,0x0021,0x0021,0x0021,0x0021,0x0041,0x39e8,0xb5d7,0xe73d,0xef9e,
  0xef9e,0xef9e,0xef9e,0xdefc,0x4a8a,0x0041,0x0021,0x0021,0x0021,0x0041,0x7c10,0xe73d,0xe75d,0xe75d,0xe75d,0xe75d,
  0xe75d,0xe73d,0x7bf0,0x0041,0x0021,0x0021,0x0021,0x0021,0x52cb,0xef7e,0xef9e,0xef9e,0xef9e,0xef9e,0xef9e,0xef9e,
  0xef9e,0xef9e,0xef9e,0xef9e,0xef9e,0xef9e,0xef9e,0xef9e,0xef9e,0xef9e,0xef9e,0xef9e,0xef9e,0xef9e,0xef9e,0xef9e,
  0xef9e,0xef9e,0x7bf0,0x1904,0x632d,0x18e4,0x18e4,0x5aec,0x1904,0xbdf8,0xef9e,0xef9e,0xef9e,0xef9e,0xef9e,0xef9e,
  0xef9e,0xef9e,0xef9e,0xef9e,0xef7e,0xdf3d,0xe75d,0xef9e,0xef9e,0xef9e,0xef9e,0xef9e,0xef9e,0xef9e,0xef9e,0xef9e,
  0xef9e,0xef9e,0xef9e,0xef9e,0xd6db,0x0882,0x0021,0x0021,0x0021,0x0021,0x0021,0x5b0c,0xdf1c,0xef9e,0xef9e,0xef9e,
  0xef9e,0xef9e,0xef9e,0xef9e,0xe75d,0x3a08,0x0021,0x0021,0x0021,0x0021,0x0882,0xce7a,0xef9e,0xef9e,0xef9e,0xef9e,
  0xef9e,0xef9e,0x7c10,0x0041,0x0021,0x0021,0x0021,0x0021,0x52cb,0xef7e,0xef9e,0xef9e,0xef9e,0xef9e,0xef9e,0xef9e,
  0xef9e,0xef9e,0xef9e,0xef9e,0xef9e,0xef9e,0xef9e,0xef9e,0xef9e,0xef9e,0xef9e,0xef9e,0xef9e,0xef9e,0xef9e,0xef9e,
  0xef9e,0xef9e,0x5b0c,0x3a08,0xbe18,0x3a08,0x3a08,0xad96,0x2966,0xa535,0xef9e,0xef9e,0xef9e,0xef9e,0xdf1d,0xef9e,
  0xef9e,0xef9e,0xef9e,0xef9e,0xef7e,0xdf3d,0xe75d,0xef9e,0xef9e,0xef9e,0xef9e,0xef9e,0xef9e,0xef9e,0xef9e,0xef9e,
  0xef9e,0xef9e,0xef9e,0xef9e,0xc659,0x0862,0x0021,0x0021,0x0021,0x0021,0x0862,0xdf1c,0xef9e,0xef9e,0xef9e,0xef9e,
  0xef9e,0xef9e,0xef9e,0xef9e,0xef7e,0x8c92,0x0021,0x0021,0x0021,0x0021,0x0041,0x8c92,0xef9e,0xef9e,0xef9e,0xef9e,
  0xef9e,0xef9e,0x7c10,0x0041,0x0021,0x0021,0x0021,0x0021,0x52cb,0xef7e,0xef9e,0xef9e,0xef9e,0xef9e,0xef9e,0xef9e,
  0xef9e,0xef9e,0xef9e,0xef9e,0xef9e,0xef9e,0xef9e,0xef9e,0xef9e,0xef9e,0xef9e,0xef9e,0xef9e,0xef9e,0xef9e,0xef9e,
  0xef9e,0xef9e,0xb5b7,0x10c3,0x10a3,0x18e4,0x1904,0x10a3,0x2986,0xe73d,0xef9e,0xef9e,0x8cb4,0x8cb3,0x9d15,0xef7e,
  0xef9e,0xef9e,0xef9e,0xef9e,0xef7e,0xdf3d,0xe75d,0xef9e,0xef9e,0xef9e,0xef9e,0xef9e,0xef9e,0xef9e,0xef9e,0xef9e,
  0xef9e,0xef9e,0xef9e,0xef9e,0xc659,0x0862,0x0021,0x0021,0x0021,0x0021,0x18e4,0xe73d,0xef9e,0xef9e,0xef9e,0xef9e,
  0xef9e,0xef9e,0xef9e,0xef9e,0xef7e,0x9d14,0x0021,0x0021,0x0021,0x0021,0x0041,0x52ab,0xef9e,0xef9e,0xef9e,0xef9e,
  0xef9e,0xef9e,0x7c10,0x0041,0x0021,0x0021,0x0021,0x0021,0x52cb,0xef7e,0xef9e,0xef9e,0xef9e,0xef9e,0xef9e,0xef9e,
  0xef9e,0xef9e,0xef9e,0xef9e,0xef9e,0xef9e,0xef9e,0xef9e,0xef9e,0xef9e,0xef9e,0xef9e,0xef9e,0xef9e,0xef9e,0xef9e,
  0xef9e,0xef9e,0xe75d,0xc639,0xad76,0xce7a,0xce9a,0xb5b7,0xd6db,0xef9e,0xef9e,0xef9e,0xe75d,0xe73d,0xd6bb,0xef9e,
  0xef9e,0xef9e,0xef9e,0xef9e,0xef7e,0xdf3d,0xe75d,0xef9e,0xef9e,0xef9e,0xef9e,0xef9e,0xef9e,0xef9e,0xef9e,0xef9e,
  0xef9e,0xef9e,0xef9e,0xef9e,0xc659,0x0862,0x0021,0x0021,0x0021,0x0021,0x0041,0xce9a,0xef9e,0xef9e,0xef9e,0xef9e,
  0xef9e,0xef9e,0xef9e,0xef9e,0xef7e,0x73cf,0x0021,0x0021,0x0021,0x0021,0x0021,0x39e8,0xef7e,0xef9e,0xef9e,0xef9e,
  0xef9e,0xef9e,0x7c10,0x0041,0x0021,0x0021,0x0021,0x0021,0x52cb,0xef7e,0xef9e,0xef9e,0xef9e,0xef9e,0xef9e,0xef9e,
  0xef9e,0xef9e,0xef9e,0xef9e,0xef9e,0xef9e,0xef9e,0xef9e,0xef9e,0xef9e,0xef9e,0xef9e,0xef9e,0xef9e,0xef9e,0xef9e,
  0xef9e,0xef9e,0xc659,0x4a8a,0xe75d,0xef9e,0xef9e,0xef9e,0xef9e,0xef9e,0xef9e,0xef9e,0xb5f8,0xad76,0xbe39,0xef9e,
  0xef9e,0xef9e,0xef9e,0xef9e,0xef7e,0xdf3d,0xe75d,0xef9e,0xef9e,0xef9e,0xef9e,0xef9e,0xef9e,0xef9e,0xef9e,0xef9e,
  0xef9e,0xef9e,0xef9e,0xef9e,0xdefc,0x0882,0x0021,0x0021,0x0021,0x0021,0x0021,0x39e8,0xce9a,0xef7e,0xef9e,0xef9e,
  0xef9e,0xef9e,0xef9e,0xef7e,0xc659,0x2145,0x0021,0x0021,0x0021,0x0021,0x0021,0x39e8,0xef7e,0xef9e,0xef9e,0xef9e,
  0xef9e,0xef9e,0x7c10,0x0041,0x0021,0x0021,0x0021,0x0021,0x52cb,0xef7e,0xef9e,0xef9e,0xef9e,0xef9e,0xef9e,0xef9e,
  0xef9e,0xef9e,0xef9e,0xef9e,0xef9e,0xef9e,0xef9e,0xef9e,0xef9e,0xef9e,0xef9e,0xef9e,0xef9e,0xef9e,0xef9e,0xef9e,
  0xef9e,0xef9e,0xd6db,0x6b8e,0xdf1c,0xef7e,0xef9e,0xef9e,0xef9e,0xef9e,0xef9e,0xef9e,0xa556,0x8472,0xad97,0xef7e,
  0xef9e,0xef9e,0xef9e,0xef9e,0xef7e,0xdf3d,0xe75d,0xef9e,0xef9e,0xef9e,0xef9e,0xef9e,0xef9e,0xef9e,0xef9e,0xef9e,
  0xef9e,0xef9e,0xef9e,0xef9e,0xef9e,0x18e4,0x0021,0x0021,0x0021,0x0021,0x0021,0x0021,0x18e4,0x7c10,0xce9a,0xe73d,
  0xe73d,0xe73d,0xce7a,0x73cf,0x0882,0x0021,0x0021,0x0021,0x0021,0x0021,0x0041,0x4a8a,0xef7e,0xef9e,0xef9e,0xef9e,
  0xef9e,0xef9e,0x7c10,0x0041,0x0021,0x0021,0x0021,0x0021,0x52cb,0xef7e,0xef9e,0xef9e,0xef9e,0xef9e,0xef9e,0xef9e,
  0xef9e,0xef9e,0xef9e,0xef9e,0xef9e,0xef9e,0xef9e,0xef9e,0xef9e,0xef9e,0xef9e,0xef9e,0xef9e,0xef9e,0xef9e,0xef9e,
  0xef9e,0xef9e,0xef9e,0xef7e,0x5aec,0x6b8e,0xc639,0xef7e,0xef9e,0xef9e,0xef9e,0xef9e,0xd6fc,0xd6bb,0xdf1c,0xef9e,
  0xef9e,0xef9e,0xef9e,0xef9e,0xef7e,0xdf3d,0xe75d,0xef9e,0xef9e,0xef9e,0xef9e,0xef9e,0xef9e,0xef9e,0xef9e,0xef9e,
  0xef9e,0xef9e,0xef9e,0xef9e,0xef9e,0x7bf0,0x0041,0x0021,0x0021,0x0021,0x0021,0x0021,0x0021,0x0021,0x0021,0x0882,
  0x10c3,0x0882,0x0021,0x0021,0x0021,0x0021,0x0021,0x0021,0x0021,0x0021,0x0041,0x7bf0,0xef9e,0xef9e,0xef9e,0xef9e,
  0xef9e,0xef9e,0x7c10,0x0041,0x0021,0x0021,0x0021,0x0021,0x52cb,0xef7e,0xef9e,0xef9e,0xef9e,0xef9e,0xef9e,0xef9e,
  0xef9e,0xef9e,0xef9e,0xef9e,0xef9e,0xef9e,0xef9e,0xef9e,0xef9e,0xef9e,0xef9e,0xef9e,0xef9e,0xef9e,0xef9e,0xef9e,
  0xef9e,0xef9e,0xef9e,0xe75d,0x18e4,0x10c3,0x0862,0x3a08,0x94b3,0xdefc,0xef9e,0xef9e,0xadb7,0xadb7,0xc65a,0xef9e,
  0xef9e,0xef9e,0xef9e,0xef9e,0xef7e,0xdf3d,0xe75d,0xef9e,0xef9e,0xef9e,0xef9e,0xef9e,0xef9e,0xef9e,0xef9e,0xef9e,
  0xef9e,0xef9e,0xef9e,0xef9e,0xef9e,0xdefc,0x18e4,0x0021,0x0021,0x0021,0x0021,0x0021,0x0021,0x0021,0x0021,0x0021,
  0x0021,0x0021,0x0021,0x0021,0x0021,0x0021,0x0021,0x0021,0x0021,0x0021,0x0862,0xb5b7,0xef9e,0xef9e,0xef9e,0xef9e,
  0xef9e,0xef9e,0x7c10,0x0041,0x0021,0x0021,0x0021,0x0021,0x52cb,0xef7e,0xef9e,0xef9e,0xef9e,0xef9e,0xef9e,0xef9e,
  0xef9e,0xef9e,0xef9e,0xef9e,0xef9e,0xef9e,0xef9e,0xef9e,0xef9e,0xef9e,0xef9e,0xef9e,0xef9e,0xef9e,0xef9e,0xef9e,
  0xef9e,0xef9e,0xef7e,0xdf1c,0x10c3,0x8c92,0xb5d7,0x4a6a,0x1904,0xa535,0xef9e,0xef9e,0x8c93,0x7c32,0xa556,0xef7e,
  0xef9e,0xef9e,0xef9e,0xef9e,0xef7e,0xdf3d,0xe75d,0xef9e,0xef9e,0xef9e,0xef9e,0xef9e,0xef9e,0xef9e,0xef9e,0xef9e,
  0xef9e,0xef9e,0xef9e,0xef9e,0xef9e,0xef7e,0x632d,0x0041,0x0021,0x0021,0x0021,0x0021,0x0021,0x0021,0x0021,0x0021,
  0x0021,0x0021,0x0021,0x0021,0x0021,0x0021,0x0021,0x0021,0x0021,0x0021,0x2125,0xef7e,0xef9e,0xef9e,0xef9e,0xef9e,
  0xef9e,0xef9e,0x7c10,0x0041,0x0021,0x0021,0x0021,0x0021,0x52cb,0xef7e,0xef9e,0xef9e,0xef9e,0xef9e,0xef9e,0xef9e,
  0xef9e,0xef9e,0xef9e,0xef9e,0xef9e,0xef9e,0xef9e,0xef9e,0xef9e,0xef9e,0xef9e,0xef9e,0xef9e,0xef9e,0xef9e,0xef9e,
  0xef9e,0xef9e,0x7bf0,0x31c7,0x0862,0x2145,0x7bf0,0xe73d,0xce7a,0xdefc,0xef9e,0xef9e,0xe75e,0x8cb3,0xb5d8,0xef9e,
  0xef9e,0xef9e,0xef9e,0xef9e,0xef7e,0xdf3d,0xe75d,0xef9e,0xef9e,0xef9e,0xef9e,0xef9e,0xef9e,0xef9e,0xef9e,0xef9e,
  0xef9e,0xef9e,0xef9e,0xef9e,0xef9e,0xef9e,0xd6db,0x4229,0x0021,0x0021,0x0021,0x0021,0x0021,0x0021,0x0021,0x0021,
  0x0021,0x0021,0x0021,0x0021,0x0021,0x0021,0x0021,0x0021,0x0021,0x1904,0xc659,0xef9e,0xef9e,0xef9e,0xef9e,0xef9e,
  0xef9e,0xef9e,0x7c10,0x0041,0x0021,0x0021,0x0021,0x0021,0x52cb,0xef7e,0xef9e,0xef9e,0xef9e,0xef9e,0xef9e,0xef9e,
  0xef9e,0xef9e,0xef9e,0xef9e,0xef9e,0xef9e,0xef9e,0xef9e,0xef9e,0xef9e,0xef9e,0xef9e,0xef9e,0xef9e,0xef9e,0xef9e,
  0xef9e,0xef9e,0x9cf4,0x6b6e,0x2145,0x52ab,0x9d14,0xef7e,0xef9e,0xef9e,0xef9e,0xef9e,0xef9e,0xe75e,0xef7e,0xef9e,
  0xef9e,0xef9e,0xef9e,0xef9e,0xef7e,0xdf3d,0xe75d,0xef9e,0xef9e,0xef9e,0xef9e,0xef9e,0xef9e,0xef9e,0xef9e,0xef9e,
  0xef9e,0xef9e,0xef9e,0xef9e,0xef9e,0xef9e,0xef9e,0xce7a,0x39e8,0x0041,0x0021,0x0021,0x0021,0x0021,0x0021,0x0021,
  0x0021,0x0021,0x0021,0x0021,0x0021,0x0021,0x0021,0x0041,0x2145,0xa535,0xef7e,0xef9e,0xef9e,0xef9e,0xef9e,0xef9e,
  0xef9e,0xef9e,0x7c10,0x0041,0x0021,0x0021,0x0021,0x0021,0x52cb,0xef7e,0xef9e,0xef9e,0xef9e,0xef9e,0xef9e,0xef9e,
  0xef9e,0xef9e,0xef9e,0xef9e,0xef9e,0xef9e,0xef9e,0xef9e,0xef9e,0xef9e,0xef9e,0xef9e,0xef9e,0xef9e,0xef9e,0xef9e,
  0xef9e,0xef9e,0xef9e,0xef7e,0xe75d,0xef7e,0xef9e,0xef9e,0xef9e,0xef9e,0xef9e,0xef9e,0xef9e,0xef9e,0xef9e,0xef9e,
  0xef9e,0xef9e,0xef9e,0xef9e,0xef7e,0xdf3d,0xe75d,0xef9e,0xef9e,0xef9e,0xef9e,0xef9e,0xef9e,0xef9e,0xef9e,0xef9e,
  0xef9e,0xef9e,0xef9e,0xef9e,0xef9e,0xef9e,0xef9e,0xef9e,0xe75d,0x73af,0x0882,0x0041,0x0041,0x0021,0x0021,0x0021,
  0x0021,0x0021,0x0021,0x0021,0x0021,0x0041,0x0862,0x3a08,0xd6bb,0xef9e,0xef9e,0xef9e,0xef9e,0xef9e,0xef9e,0xef9e,
  0xef9e,0xef9e,0x8451,0x0882,0x0862,0x0862,0x0862,0x0862,0x5b0c,0xef7e,0xef9e,0xef9e,0xef9e,0xef9e,0xef9e,0xef9e,
  0xef9e,0xef9e,0xef9e,0xef9e,0xef9e,0xef9e,0xef9e,0xef9e,0xef9e,0xef9e,0xef9e,0xef9e,0xef9e,0xef9e,0xef9e,0xef9e,
  0xef9e,0xef9e,0xef7e,0xe77e,0xef7e,0xef7e,0xef9e,0xef9e,0xef9e,0xef9e,0xef9e,0xef9e,0xef9e,0xef9e,0xef9e,0xef9e,
  0xef9e,0xef9e,0xef9e,0xef9e,0xef7e,0xdf3d,0xe75d,0xef9e,0xef9e,0xef9e,0xef9e,0xef9e,0xef9e,0xef9e,0xef9e,0xef9e,
  0xef9e,0xef9e,0xef9e,0xef9e,0xef9e,0xef9e,0xef9e,0xef9e,0xef9e,0xef9e,0xce9a,0x94d3,0x52cb,0x2145,0x0862,0x0041,
  0x0041,0x0041,0x0862,0x2125,0x4a6a,0x8c72,0xc639,0xef7e,0xef9e,0xef9e,0xef9e,0xef9e,0xef9e,0xef9e,0xef9e,0xef9e,
  0xef9e,0xef9e,0xd6db,0xad76,0xad76,0xad76,0xad76,0xad76,0xce9a,0xef9e,0xef9e,0xef9e,0xef9e,0xef9e,0xef9e,0xef9e,
  0xef9e,0xef9e,0xef9e,0xef9e,0xef9e,0xef9e,0xef9e,0xef9e,0xef9e,0xef9e,0xef9e,0xef9e,0xef9e,0xef9e,0xef9e,0xef9e,
  0xef9e,0xef9e,0xbe39,0x8452,0x94f4,0xc65a,0xef9e,0xef9e,0xef9e,0xef9e,0xef9e,0xef9e,0xef9e,0xef9e,0xef9e,0xef9e,
  0xef9e,0xef9e,0xef9e,0xef9e,0xef7e,0xdf3d,0xe75d,0xef9e,0xef9e,0xef9e,0xef9e,0xef9e,0xef9e,0xef9e,0xef9e,0xef9e,
  0xef9e,0xef9e,0xef9e,0xef9e,0xef9e,0xef9e,0xef9e,0xef9e,0xef9e,0xef9e,0xef9e,0xef9e,0xef9e,0xef7e,0xdf1c,0xd6bb,
  0xce7a,0xd6bb,0xdf1c,0xef7e,0xef7e,0xef9e,0xef9e,0xef9e,0xef9e,0xef9e,0xef9e,0xef9e,0xef9e,0xef9e,0xef9e,0xef9e,
  0xef9e,0xef9e,0xef9e,0xef9e,0xef9e,0xef9e,0xef9e,0xef9e,0xef9e,0xef9e,0xef9e,0xef9e,0xef9e,0xef9e,0xef9e,0xef9e,
  0xef9e,0xef9e,0xef9e,0xef9e,0xef9e,0xef9e,0xef9e,0xef9e,0xef9e,0xef9e,0xef9e,0xef9e,0xef9e,0xef9e,0xef9e,0xef9e,
  0xef9e,0xef9e,0xb5d8,0xc67a,0xb5d8,0xef9e,0xef9e,0xef9e,0xef9e,0xef9e,0xef9e,0xef9e,0xef9e,0xef9e,0xef9e,0xef9e,
  0xef9e,0xef9e,0xef9e,0xef9e,0xef7e,0xdf3d,0xe75d,0xef9e,0xef9e,0xef9e,0xef9e,0xef9e,0xef9e,0xef9e,0xef9e,0xef9e,
  0xef9e,0xef9e,0xef9e,0xef9e,0xef9e,0xef9e,0xef9e,0xef9e,0xef9e,0xef9e,0xef9e,0xef9e,0xef9e,0xef9e,0xef9e,0xef9e,
  0xef9e,0xef9e,0xef9e,0xef9e,0xef9e,0xef9e,0xef9e,0xef9e,0xef9e,0xef9e,0xef9e,0xef9e,0xef9e,0xef9e,0xef9e,0xef9e,
  0xef9e,0xef9e,0xef9e,0xef9e,0xef9e,0xef9e,0xef9e,0xef9e,0xef9e,0xef9e,0xef9e,0xef9e,0xef9e,0xef9e,0xef9e,0xef9e,
  0xef9e,0xef9e,0xef9e,0xef9e,0xef9e,0xef9e,0xef9e,0xef9e,0xef9e,0xef9e,0xef9e,0xef9e,0xef9e,0xef9e,0xef9e,0xef9e,
  0xef9e,0xef9e,0xcebb,0xbe19,0x94f4,0xef9e,0xef9e,0xef9e,0xef9e,0xef9e,0xef9e,0xef9e,0xef9e,0xef9e,0xef9e,0xef9e,
  0xef9e,0xef9e,0xef9e,0xef9e,0xef7e,0xdf3d,0xe75d,0xef9e,0xef9e,0xef9e,0xef9e,0xef9e,0xef9e,0xef9e,0xef9e,0xef9e,
  0xef9e,0xef9e,0xef9e,0xef9e,0xef9e,0xef9e,0xef9e,0xef9e,0xef9e,0xef9e,0xef9e,0xef9e,0xef9e,0xef9e,0xef9e,0xef9e,
  0xef9e,0xef9e,0xef9e,0xef9e,0xef9e,0xef9e,0xef9e,0xef9e,0xef9e,0xef9e,0xef9e,0xef9e,0xef9e,0xef9e,0xef9e,0xef9e,
  0xef9e,0xef9e,0xef9e,0xef9e,0xef9e,0xef9e,0xef9e,0xef9e,0xef9e,0xef9e,0xef9e,0xef9e,0xef9e,0xef9e,0xef9e,0xef9e,
  0xef9e,0xef9e,0xef9e,0xef9e,0xef9e,0xef9e,0xef9e,0xef9e,0xef9e,0xef9e,0xef9e,0xef9e,0xef9e,0xef9e,0xef9e,0xef9e,
  0xef9e,0xef9e,0xc659,0xa576,0x8472,0xef9e,0xef9e,0xef9e,0xef9e,0xef9e,0xef9e,0xef9e,0xef9e,0xef9e,0xef9e,0xef9e,
  0xef9e,0xef9e,0xef9e,0xef9e,0xef7e,0xdf3d,0xe75d,0xef9e,0xef9e,0xef9e,0xef9e,0xef9e,0xef9e,0xef9e,0xef9e,0xef9e,
  0xef9e,0xef9e,0xef9e,0xef9e,0xef9e,0xef9e,0xef9e,0xef9e,0xef9e,0xef9e,0xef9e,0xef9e,0xef9e,0xef9e,0xef9e,0xef9e,
  0xef9e,0xef9e,0xef9e,0xef9e,0xef9e,0xef9e,0xef9e,0xef9e,0xef9e,0xef9e,0xef9e,0xef9e,0xef9e,0xef9e,0xef9e,0xef9e,
  0xef9e,0xef9e,0xef9e,0xef9e,0xef9e,0xef9e,0xef9e,0xef9e,0xef9e,0xef9e,0xef9e,0xef9e,0xef9e,0xef9e,0xef9e,0xef9e,
  0xef9e,0xef9e,0xef9e,0xef9e,0xef9e,0xef9e,0xef9e,0xef9e,0xef9e,0xef9e,0xef9e,0xef9e,0xef9e,0xef9e,0xef9e,0xef9e,
  0xef9e,0xef9e,0xb5f8,0x9d15,0x8452,0xef9e,0xef9e,0xef9e,0xef9e,0xef9e,0xef9e,0xef9e,0xef9e,0xef9e,0xef9e,0xef9e,
  0xef9e,0xef9e,0xef9e,0xef9e,0xef7e,0xdf3d,0xe75d,0xef9e,0xef9e,0xef9e,0xef9e,0xef9e,0xef9e,0xef9e,0xef9e,0xef9e,
  0xef9e,0xef9e,0xef9e,0xef9e,0xef9e,0xef9e,0xef9e,0xef9e,0xef9e,0xef9e,0xef9e,0xef9e,0xef9e,0xef9e,0xef9e,0xef9e,
  0xef9e,0xef9e,0xef9e,0xef9e,0xef9e,0xef9e,0xef9e,0xef9e,0xef9e,0xef9e,0xef9e,0xef9e,0xef9e,0xef9e,0xef9e,0xef9e,
  0xef9e,0xef9e,0xef9e,0xef9e,0xef9e,0xef9e,0xef9e,0xef9e,0xef9e,0xef9e,0xef9e,0xef9e,0xef9e,0xef9e,0xef9e,0xef9e,
  0xef9e,0xef9e,0xef9e,0xef9e,0xef9e,0xef9e,0xef9e,0xef9e,0xef9e,0xef9e,0xef9e,0xef9e,0xef9e,0xef9e,0xef9e,0xef9e,
  0xef9e,0xef9e,0xef7e,0xe75d,0xef7e,0xef9e,0xef9e,0xef9e,0xef9e,0xef9e,0xef9e,0xef9e,0xef9e,0xef9e,0xef9e,0xef9e,
  0xef9e,0xef9e,0xef9e,0xef9e,0xef7e,0xdf3d,0xe75d,0xef9e,0xef9e,0xef9e,0xef9e,0xef9e,0xef9e,0xef9e,0xef9e,0xef9e,
  0xef9e,0xef9e,0xef9e,0xef9e,0xef9e,0xef9e,0xef9e,0xef9e,0xef9e,0xef9e,0xef9e,0xef9e,0xef9e,0xef9e,0xef9e,0xef9e,
  0xef9e,0xef9e,0xef9e,0xef9e,0xef9e,0xef9e,0xef9e,0xef9e,0xef9e,0xef9e,0xef9e,0xef9e,0xef9e,0xef9e,0xef9e,0xef9e,
  0xef9e,0xef9e,0xef9e,0xef9e,0xef9e,0xef9e,0xef9e,0xef9e,0xef9e,0xef9e,0xef9e,0xef9e,0xef9e,0xef9e,0xef9e,0xef9e,
  0xef9e,0xef9e,0xef9e,0xef9e,0xef9e,0xef9e,0xef9e,0xef9e,0xef9e,0xef9e,0xef9e,0xef9e,0xef9e,0xef9e,0xef9e,0xef9e,
  0xef9e,0xef9e,0xef9e,0xef9e,0xef9e,0xef9e,0xef9e,0xef9e,0xef9e,0xef9e,0xef9e,0xef9e,0xef9e,0xef9e,0xef9e,0xef9e,
  0xef9e,0xef9e,0xef9e,0xef9e,0xef7e,0xdf3d,0xe75d,0xef9e,0xef9e,0xef9e,0xef9e,0xef9e,0xef9e,0xef9e,0xef9e,0xef9e,
  0xef9e,0xef9e,0xef9e,0xef9e,0xef9e,0xef9e,0xef9e,0xef9e,0xef9e,0xef9e,0xef9e,0xef9e,0xef9e,0xef9e,0xef9e,0xef9e,
  0xef9e,0xef9e,0xef9e,0xef9e,0xef9e,0xef9e,0xef9e,0xef9e,0xef9e,0xef9e,0xef9e,0xef9e,0xef9e,0xef9e,0xef9e,0xef9e,
  0xef9e,0xef9e,0xef9e,0xef9e,0xef9e,0xef9e,0xef9e,0xef9e,0xef9e,0xef9e,0xef9e,0xef9e,0xef9e,0xef9e,0xef9e,0xef9e,
  0xef9e,0xef9e,0xef9e,0xef9e,0xef9e,0xef9e,0xef9e,0xef9e,0xef9e,0xef9e,0xef9e,0xef9e,0xef9e,0xef9e,0xef9e,0xef9e,
  0xef9e,0xef9e,0xef9e,0xef9e,0xef9e,0xef9e,0xef9e,0xef9e,0xef9e,0xef9e,0xef9e,0xef9e,0xef9e,0xef9e,0xef9e,0xef9e,
  0xef9e,0xef9e,0xef9e,0xef9e,0xef7e,0xdf3d,0xe75d,0xef9e,0xef9e,0xef9e,0xef9e,0xef9e,0xef9e,0xef9e,0xef9e,0xef9e,
  0xef9e,0xef9e,0xef9e,0xef9e,0xef9e,0xef9e,0xef9e,0xef9e,0xef9e,0xef9e,0xef9e,0xef9e,0xef9e,0xef9e,0xef9e,0xef9e,
  0xef9e,0xef9e,0xef9e,0xef9e,0xef9e,0xef9e,0xef9e,0xef9e,0xef9e,0xef9e,0xef9e,0xef9e,0xef9e,0xef9e,0xef9e,0xef9e,
  0xef9e,0xef9e,0xef9e,0xef9e,0xef9e,0xef9e,0xef9e,0xef9e,0xef9e,0xef9e,0xef9e,0xef9e,0xef9e,0xef9e,0xef9e,0xef9e,
  0xef9e,0xef9e,0xef9e,0xef9e,0xef9e,0xef9e,0xef9e,0xef9e,0xef9e,0xef9e,0xef9e,0xef9e,0xef9e,0xef9e,0xef9e,0xef9e,
  0xef9e,0xef9e,0xef9e,0xef9e,0xef9e,0xef9e,0xef9e,0xef9e,0xef9e,0xef9e,0xef9e,0xef9e,0xef9e,0xef9e,0xef9e,0xef9e,
  0xef9e,0xef9e,0xef9e,0xef9e,0xef7e,0xdf3d,0xe75d,0xef9e,0xef9e,0xef9e,0xef9e,0xef9e,0xef9e,0xef9e,0xef9e,0xef9e,
  0xef9e,0xef9e,0xef9e,0xef9e,0xef9e,0xef9e,0xef9e,0xef9e,0xef9e,0xef9e,0xef9e,0xef9e,0xef9e,0xef9e,0xef9e,0xef9e,
  0xef9e,0xef9e,0xef9e,0xef9e,0xef9e,0xef9e,0xef9e,0xef9e,0xef9e,0xef9e,0xef9e,0xef9e,0xef9e,0xef9e,0xef9e,0xef9e,
  0xef9e,0xef9e,0xef9e,0xef9e,0xef9e,0xef9e,0xef9e,0xef9e,0xef9e,0xef9e,0xef9e,0xef9e,0xef9e,0xef9e,0xef9e,0xef9e,
  0xef9e,0xef9e,0xef9e,0xef9e,0xef9e,0xef9e,0xef9e,0xef9e,0xef9e,0xef9e,0xef9e,0xef9e,0xef9e,0xef9e,0xef9e,0xef9e,
  0xef9e,0xef9e,0xef9e,0xef9e,0xef7e,0xef7e,0xef7e,0xef7e,0xef7e,0xef7e,0xef7e,0xef7e,0xef7e,0xef7e,0xef9e,0xef9e,
  0xef9e,0xef9e,0xef9e,0xef9e,0xef7e,0xdf3d,0xe75d,0xef9e,0xef9e,0xef9e,0xef9e,0xef9e,0xef9e,0xef9e,0xef9e,0xef9e,
  0xef9e,0xef9e,0xef9e,0xef9e,0xef9e,0xef9e,0xef9e,0xef9e,0xef9e,0xef9e,0xef9e,0xef9e,0xef9e,0xef9e,0xef9e,0xef9e,
  0xef9e,0xef9e,0xef9e,0xef9e,0xef9e,0xef9e,0xef9e,0xef9e,0xef9e,0xef9e,0xef9e,0xef9e,0xef9e,0xef9e,0xef9e,0xef9e,
  0xef9e,0xef9e,0xef9e,0xef9e,0xef9e,0xef9e,0xef9e,0xef9e,0xef9e,0xef9e,0xef9e,0xef9e,0xef9e,0xef9e,0xef9e,0xef9e,
  0xef9e,0xef9e,0xef9e,0xef9e,0xef9e,0xef9e,0xef9e,0xef9e,0xef9e,0xef9e,0xef9e,0xef9e,0xef9e,0xef9e,0xef9e,0xef9e,
  0xef9e,0xef9e,0xef9e,0xef9e,0xef9e,0xef9e,0xef9e,0xef9e,0xef9e,0xef9e,0xef9e,0xef9e,0xef9e,0xef9e,0xef9e,0xef9e,
  0xef9e,0xef9e,0xef9e,0xef9e,0xef7e,0xdf3d,0xe75d,0xef9e,0xef9e,0xef9e,0xef9e,0xef9e,0xef9e,0xef9e,0xef9e,0xef9e,
  0xef9e,0xef9e,0xef9e,0xef9e,0xef9e,0xef9e,0xef9e,0xef9e,0xef9e,0xef9e,0xef9e,0xef9e,0xef9e,0xef9e,0xef9e,0xef9e,
  0xef9e,0xef9e,0xef9e,0xef9e,0xef9e,0xef9e,0xef9e,0xef9e,0xef9e,0xef9e,0xef9e,0xef9e,0xef9e,0xef9e,0xef9e,0xef9e,
  0xef9e,0xef9e,0xef9e,0xef9e,0xef9e,0xef9e,0xef9e,0xef9e,0xef9e,0xef9e,0xef9e,0xef9e,0xef9e,0xef9e,0xef9e,0xef9e,
  0xef9e,0xef9e,0xef9e,0xef9e,0xef9e,0xef9e,0xef9e,0xef9e,0xef9e,0xef9e,0xef9e,0xef9e,0xef9e,0xef9e,0xef9e,0xef9e,
  0xef9e,0xef9e,0xef9e,0xef9e,0xef9e,0xef9e,0xef9e,0xef9e,0xef9e,0xef9e,0xef9e,0xef9e,0xef9e,0xef9e,0xef9e,0xef9e,
  0xef9e,0xef9e,0xef9e,0xef9e,0xef7e,0xdf3d,0xe75d,0xef9e,0xef9e,0xef9e,0xef9e,0xef9e,0xef9e,0xef9e,0xef9e,0xef9e,
  0xef9e,0xef9e,0xef9e,0xef9e,0xef9e,0xef9e,0xef9e,0xef9e,0xef9e,0xef9e,0xef9e,0xef9e,0xef9e,0xef9e,0xef9e,0xef9e,
  0xef9e,0xef9e,0xef9e,0xef9e,0xef9e,0xef9e,0xef9e,0xef9e,0xef9e,0xef9e,0xef9e,0xef9e,0xef9e,0xef9e,0xef9e,0xef9e,
  0xef9e,0xef9e,0xef9e,0xef9e,0xef9e,0xef9e,0xef9e,0xef9e,0xef9e,0xef9e,0xef9e,0xef9e,0xef9e,0xef9e,0xef9e,0xef9e,
  0xef9e,0xef9e,0xef9e,0xef9e,0xef9e,0xef9e,0xef9e,0xef9e,0xef9e,0xef9e,0xef9e,0xef9e,0xef9e,0xef9e,0xef9e,0xef9e,
  0xef9e,0xef9e,0xef9e,0xef9e,0xef9e,0xef9e,0xef9e,0xef9e,0xef9e,0xef9e,0xef9e,0xef9e,0xef9e,0xef9e,0xef9e,0xef9e,
  0xef9e,0xef9e,0xef9e,0xef9e,0xef7e,0xdf3d,0xe75d,0xef9e,0xef9e,0xef9e,0xef9e,0xef9e,0xef9e,0xef9e,0xef9e,0xef9e,
  0xef9e,0xef9e,0xef9e,0xef9e,0xef9e,0xef9e,0xef9e,0xef9e,0xef9e,0xef9e,0xef9e,0xef9e,0xef9e,0xef9e,0xef9e,0xef9e,
  0xef9e,0xef9e,0xef9e,0xef9e,0xef9e,0xef9e,0xef9e,0xef9e,0xef9e,0xef9e,0xef9e,0xef9e,0xef9e,0xef9e,0xef9e,0xef9e,
  0xef9e,0xef9e,0xef9e,0xef9e,0xef9e,0xef9e,0xef9e,0xef9e,0xef9e,0xef9e,0xef9e,0xef9e,0xef9e,0xef9e,0xef9e,0xef9e,
  0xef9e,0xef9e,0xef9e,0xef9e,0xef9e,0xef9e,0xef9e,0xef9e,0xef9e,0xef9e,0xef9e,0xef9e,0xef9e,0xef9e,0xef9e,0xef9e,
  0xef9e,0xef9e,0xef9e,0xef9e,0xef9e,0xef9e,0xef9e,0xdf1c,0x7bf0,0xe75d,0xef9e,0xef9e,0xef9e,0xef9e,0xef9e,0xef9e,
  0xef9e,0xef9e,0xef9e,0xef9e,0xef7e,0xdf3d,0xe75d,0xef9e,0xef9e,0xef9e,0xef9e,0xef9e,0xef9e,0xef9e,0xef9e,0xef9e,
  0xef9e,0xef9e,0xef9e,0xef9e,0xef9e,0xef9e,0xef9e,0xef9e,0xef9e,0xef9e,0xef9e,0xef9e,0xef9e,0xef9e,0xef9e,0xef9e,
  0xef9e,0xef9e,0xef9e,0xef9e,0xef9e,0xef9e,0xef9e,0xef9e,0xef9e,0xef9e,0xef9e,0xef9e,0xef9e,0xef9e,0xef9e,0xef9e,
  0xef9e,0xef9e,0xef9e,0xef9e,0xef9e,0xef9e,0xef9e,0xef9e,0xef9e,0xef9e,0xef9e,0xef9e,0xef9e,0xef9e,0xef9e,0xef9e,
  0xef9e,0xef9e,0xef9e,0xef9e,0xef9e,0xef9e,0xef9e,0xef9e,0xef9e,0xef9e,0xef9e,0xef9e,0xef9e,0xef9e,0xef9e,0xef9e,
  0xef9e,0xef9e,0x94d3,0x632d,0x632d,0x632d,0x632d,0x5aec,0x10c3,0xad76,0xef9e,0xef9e,0xef9e,0xef9e,0xef9e,0xef9e,
  0xef9e,0xef9e,0xef9e,0xef9e,0xef7e,0xdf3d,0xe75d,0xef9e,0xef9e,0xef9e,0xef9e,0xef9e,0xef9e,0xef9e,0xef9e,0xef9e,
  0xef9e,0xef9e,0xef9e,0xef9e,0xef9e,0xef9e,0xef9e,0xef9e,0xef9e,0xef9e,0xef9e,0xef9e,0xef9e,0xef9e,0xef9e,0xef9e,
  0xef9e,0xef9e,0xef9e,0xef9e,0xef9e,0xef9e,0xef9e,0xef9e,0xef9e,0xef9e,0xef9e,0xef9e,0xef9e,0xef9e,0xef9e,0xef9e,
  0xef9e,0xef9e,0xef9e,0xef9e,0xef9e,0xef9e,0xef9e,0xef9e,0xef9e,0xef9e,0xef9e,0xef9e,0xef9e,0xef9e,0xef9e,0xef9e,
  0xef9e,0xef9e,0xef9e,0xef9e,0xef9e,0xef9e,0xef9e,0xef9e,0xef9e,0xef9e,0xef9e,0xef9e,0xef9e,0xef9e,0xef9e,0xef9e,
  0xef9e,0xef9e,0x7c10,0x3a08,0x3a08,0x3a08,0x3a08,0x3a08,0x4229,0xb5b7,0xef9e,0xef9e,0xef9e,0xef9e,0xef9e,0xef9e,
  0xef9e,0xef9e,0xef9e,0xef9e,0xef7e,0xdf3d,0xe75d,0xef9e,0xef9e,0xef9e,0xef9e,0xef9e,0xef9e,0xef9e,0xef9e,0xef9e,
  0xef9e,0xef9e,0xef9e,0xef9e,0xef9e,0xef9e,0xef9e,0xef9e,0xef9e,0xef9e,0xef9e,0xef9e,0xef9e,0xef9e,0xef9e,0xef9e,
  0xef9e,0xef9e,0xef9e,0xef9e,0xef9e,0xef9e,0xef9e,0xef9e,0xef9e,0xef9e,0xef9e,0xef9e,0xef9e,0xef9e,0xef9e,0xef9e,
  0xef9e,0xef9e,0xef9e,0xef9e,0xef9e,0xef9e,0xef9e,0xef9e,0xef9e,0xef9e,0xef9e,0xef9e,0xef9e,0xef9e,0xef9e,0xef9e,
  0xef9e,0xef9e,0xef9e,0xef9e,0xef9e,0xef9e,0xef9e,0xef9e,0xef9e,0xef9e,0xef9e,0xef9e,0xef9e,0xef9e,0xef9e,0xef9e,
  0xef9e,0xef9e,0xef7e,0xef7e,0xef7e,0xef7e,0xef7e,0xef7e,0xef7e,0xef9e,0xef9e,0xef9e,0xef9e,0xef9e,0xef9e,0xef9e,
  0xef9e,0xef9e,0xef9e,0xef9e,0xef7e,0xdf3d,0xe75d,0xef9e,0xef9e,0xef9e,0xef9e,0xef9e,0xef9e,0xef9e,0xef9e,0xef9e,
  0xef9e,0xef9e,0xef9e,0xef9e,0xef9e,0xef9e,0xef9e,0xef9e,0xef9e,0xef9e,0xef9e,0xef9e,0xef9e,0xef9e,0xef9e,0xef9e,
  0xef9e,0xef9e,0xef9e,0xef9e,0xef9e,0xef9e,0xef9e,0xef9e,0xef9e,0xef9e,0xef9e,0xef9e,0xef9e,0xef9e,0xef9e,0xef9e,
  0xef9e,0xef9e,0xef9e,0xef9e,0xef9e,0xef9e,0xef9e,0xef9e,0xef9e,0xef9e,0xef9e,0xef9e,0xef9e,0xef9e,0xef9e,0xef9e,
  0xef9e,0xef9e,0xef9e,0xef9e,0xef9e,0xef9e,0xef9e,0xef9e,0xef9e,0xef9e,0xef9e,0xef9e,0xef9e,0xef9e,0xef9e,0xef9e,
  0xef9e,0xef9e,0xef9e,0xef9e,0xef9e,0xef9e,0xef9e,0xef9e,0xef9e,0xef9e,0xef9e,0xef9e,0xef9e,0xef9e,0xef9e,0xef9e,
  0xef9e,0xef9e,0xef9e,0xef9e,0xef7e,0xdf3d,0xe75d,0xef9e,0xef9e,0xef9e,0xef9e,0xef9e,0xef9e,0xef9e,0xef9e,0xef9e,
  0xef9e,0xef9e,0xef9e,0xef9e,0xef9e,0xef9e,0xef9e,0xef9e,0xef9e,0xef9e,0xef9e,0xef9e,0xef9e,0xef9e,0xef9e,0xef9e,
  0xef9e,0xef9e,0xef9e,0xef9e,0xef9e,0xef9e,0xef9e,0xef9e,0xef9e,0xef9e,0xef9e,0xef9e,0xef9e,0xef9e,0xef9e,0xef9e,
  0xef9e,0xef9e,0xef9e,0xef9e,0xef9e,0xef9e,0xef9e,0xef9e,0xef9e,0xef9e,0xef9e,0xef9e,0xef9e,0xef9e,0xef9e,0xef9e,
  0xef9e,0xef9e,0xef9e,0xef9e,0xef9e,0xef9e,0xef9e,0xef9e,0xef9e,0xef9e,0xef9e,0xef9e,0xef9e,0xef9e,0xef9e,0xef9e,
  0xef9e,0xef9e,0xef9e,0xef9e,0xef9e,0xef9e,0xef9e,0xef9e,0xef9e,0xef9e,0xef9e,0xef9e,0xef9e,0xef9e,0xef9e,0xef9e,
  0xef9e,0xef9e,0xef9e,0xef9e,0xef7e,0xdf3d,0xe75d,0xef9e,0xef9e,0xef9e,0xef9e,0xef9e,0xef9e,0xef9e,0xef9e,0xef9e,
  0xef9e,0xef9e,0xef9e,0xef9e,0xef9e,0xef9e,0xef9e,0xef9e,0xef9e,0xef9e,0xef9e,0xef9e,0xef9e,0xef9e,0xef9e,0xef9e,
  0xef9e,0xef9e,0xef9e,0xef9e,0xef9e,0xef9e,0xef9e,0xef9e,0xef9e,0xef9e,0xef9e,0xef9e,0xef9e,0xef9e,0xef9e,0xef9e,
  0xef9e,0xef9e,0xef9e,0xef9e,0xef9e,0xef9e,0xef9e,0xef9e,0xef9e,0xef9e,0xef9e,0xef9e,0xef9e,0xef9e,0xef9e,0xef9e,
  0xef9e,0xef9e,0xef9e,0xef9e,0xef9e,0xef9e,0xef9e,0xef9e,0xef9e,0xef9e,0xef9e,0xef9e,0xef9e,0xef9e,0xef9e,0xef9e,
  0xef9e,0xef9e,0xad96,0xa555,0xe75d,0xef9e,0xdf1c,0x8431,0xce9a,0xef7e,0xef9e,0xef9e,0xef9e,0xef9e,0xef9e,0xef9e,
  0xef9e,0xef9e,0xef9e,0xef9e,0xef7e,0xdf3d,0xe75d,0xef9e,0xef9e,0xef9e,0xef9e,0xef9e,0xef9e,0xef9e,0xef9e,0xef9e,
  0xef9e,0xef9e,0xef9e,0xef9e,0xef9e,0xef9e,0xef9e,0xef9e,0xef9e,0xef9e,0xef9e,0xef9e,0xef9e,0xef9e,0xef9e,0xef9e,
  0xef9e,0xef9e,0xef9e,0xef9e,0xef9e,0xef9e,0xef9e,0xef9e,0xef9e,0xef9e,0xef9e,0xef9e,0xef9e,0xef9e,0xef9e,0xef9e,
  0xef9e,0xef9e,0xef9e,0xef9e,0xef9e,0xef9e,0xef9e,0xef9e,0xef9e,0xef9e,0xef9e,0xef9e,0xef9e,0xef9e,0xef9e,0xef9e,
  0xef9e,0xef9e,0xef9e,0xef9e,0xef9e,0xef9e,0xef9e,0xef9e,0xef9e,0xef9e,0xef9e,0xef9e,0xef9e,0xef9e,0xef9e,0xef9e,
  0xef9e,0xef9e,0x5aec,0x10a3,0x5aec,0xdefc,0xd6bb,0x31a7,0x2966,0xce9a,0xef9e,0xef9e,0xef9e,0xef9e,0xef9e,0xef9e,
  0xef9e,0xef9e,0xef9e,0xef9e,0xef7e,0xdf3d,0xe75d,0xef9e,0xef9e,0xef9e,0xef9e,0xef9e,0xef9e,0xef9e,0xef9e,0xef9e,
  0xef9e,0xef9e,0xef9e,0xef9e,0xef9e,0xef9e,0xef9e,0xef9e,0xef9e,0xef9e,0xef9e,0xef9e,0xef9e,0xef9e,0xef9e,0xef9e,
  0xef9e,0xef9e,0xef9e,0xef9e,0xef9e,0xef9e,0xef9e,0xef9e,0xef9e,0xef9e,0xef9e,0xef9e,0xef9e,0xef9e,0xef9e,0xef9e,
  0xef9e,0xef9e,0xef9e,0xef9e,0xef9e,0xef9e,0xef9e,0xef9e,0xef9e,0xef9e,0xef9e,0xef9e,0xef9e,0xef9e,0xef9e,0xef9e,
  0xef9e,0xef9e,0xef9e,0xef9e,0xef9e,0xef9e,0xef9e,0xef9e,0xef9e,0xef9e,0xef9e,0xef9e,0xef9e,0xef9e,0xef9e,0xef9e,
  0xef9e,0xef9e,0x52cb,0x2145,0x2966,0x4a4a,0xbdf8,0xce7a,0x2966,0x9d14,0xef9e,0xef9e,0xef9e,0xef9e,0xef9e,0xef9e,
  0xef9e,0xef9e,0xef9e,0xef9e,0xef7e,0xdf3d,0xe75d,0xef9e,0xef9e,0xef9e,0xef9e,0xef9e,0xef9e,0xef9e,0xef9e,0xef9e,
  0xef9e,0xef9e,0xef9e,0xef9e,0xef9e,0xef9e,0xef9e,0xef9e,0xef9e,0xef9e,0xef9e,0xef9e,0xef9e,0xef9e,0xef9e,0xef9e,
  0xef9e,0xef9e,0xef9e,0xef9e,0xef9e,0xef9e,0xef9e,0xef9e,0xef9e,0xef9e,0xef9e,0xef9e,0xef9e,0xef9e,0xef9e,0xef9e,
  0xef9e,0xef9e,0xef9e,0xef9e,0xef9e,0xef9e,0xef9e,0xef9e,0xef9e,0xef9e,0xef9e,0xef9e,0xef9e,0xef9e,0xef9e,0xef9e,
  0xef9e,0xef9e,0xef9e,0xef9e,0xef9e,0xef9e,0xef9e,0xef9e,0xef9e,0xef9e,0xef9e,0xef9e,0xef9e,0xef9e,0xef9e,0xef9e,
  0xef9e,0xef9e,0x52cb,0x52ab,0xdf1c,0x31a7,0x10c3,0x1904,0x18e4,0xce7a,0xef9e,0xef9e,0xef7e,0xef7e,0xef9e,0xef9e,
  0xef9e,0xef9e,0xef9e,0xef9e,0xef5d,0xdf1c,0xe73d,0xef7e,0xef9e,0xef9e,0xef9e,0xef9e,0xef9e,0xef9e,0xef9e,0xef9e,
  0xef9e,0xef9e,0xef9e,0xef9e,0xef9e,0xef9e,0xef9e,0xef9e,0xef9e,0xef9e,0xef9e,0xef9e,0xef9e,0xef9e,0xef9e,0xef9e,
  0xef9e,0xef9e,0xef9e,0xef9e,0xef9e,0xef9e,0xef9e,0xef9e,0xef9e,0xef9e,0xef9e,0xef9e,0xef9e,0xef9e,0xef9e,0xef9e,
  0xef9e,0xef9e,0xef9e,0xef9e,0xef9e,0xef9e,0xef9e,0xef9e,0xef9e,0xef9e,0xef9e,0xef9e,0xef9e,0xef9e,0xef9e,0xef9e,
  0xef9e,0xef9e,0xef9e,0xef9e,0xef9e,0xef9e,0xef9e,0xef9e,0xef9e,0xef9e,0xef9e,0xef9e,0xef9e,0xef9e,0xef9e,0xef9e,
  0xef9e,0xef9e,0x8c72,0x8451,0xef9e,0xdf1c,0x94d3,0x6b8e,0xb5b7,0xef7e,0xef9e,0xef9e,0x9d35,0xbe19,0xb5f8,0xef9e,
  0xef9e,0xef9e,0xef7d,0xe633,0xddf2,0xd5d2,0xddf2,0xde13,0xef3c,0xef9e,0xef9e,0xef9e,0xef9e,0xef9e,0xef9e,0xef9e,
  0xef9e,0xef9e,0xef9e,0xef9e,0xef9e,0xef9e,0xef9e,0xef9e,0xef9e,0xef9e,0xef9e,0xef9e,0xef9e,0xef9e,0xef9e,0xef9e,
  0xef9e,0xef9e,0xef9e,0xef9e,0xef9e,0xef9e,0xef9e,0xef9e,0xef9e,0xef9e,0xef9e,0xef9e,0xef9e,0xef9e,0xef9e,0xef9e,
  0xef9e,0xef9e,0xef9e,0xef9e,0xef9e,0xef9e,0xef9e,0xef9e,0xef9e,0xef9e,0xef9e,0xef9e,0xef9e,0xef9e,0xef9e,0xef9e,
  0xef9e,0xef9e,0xef9e,0xef9e,0xef9e,0xef9e,0xef9e,0xef9e,0xef9e,0xef9e,0xef9e,0xef9e,0xef9e,0xef9e,0xef9e,0xef9e,
  0xef9e,0xef9e,0xef7e,0xbe18,0xa535,0xc659,0xc659,0xa535,0xd6bb,0xef9e,0xef9e,0xef9e,0xa576,0xad97,0xc639,0xef9e,
  0xef9e,0xef9e,0xef9e,0xef9e,0xef7d,0xdf1c,0xe75d,0xef9e,0xef9e,0xef9e,0xef9e,0xef9e,0xef9e,0xef9e,0xef9e,0xef9e,
  0xef9e,0xef9e,0xef9e,0xef9e,0xef9e,0xef9e,0xef9e,0xef9e,0xef9e,0xef9e,0xef9e,0xef9e,0xef9e,0xef9e,0xef9e,0xef9e,
  0xef9e,0xef9e,0xef9e,0xef9e,0xef9e,0xef9e,0xef9e,0xef9e,0xef9e,0xef9e,0xef9e,0xef9e,0xef9e,0xef9e,0xef9e,0xef9e,
  0xef9e,0xef9e,0xef9e,0xef9e,0xef9e,0xef9e,0xef9e,0xef9e,0xef9e,0xef9e,0xef9e,0xef9e,0xef9e,0xef9e,0xef9e,0xef9e,
  0xef9e,0xef9e,0xef9e,0xef9e,0xef9e,0xef9e,0xef9e,0xef9e,0xef9e,0xef9e,0xef9e,0xef9e,0xef9e,0xef9e,0xef9e,0xef9e,
  0xef9e,0xef9e,0xa555,0x10a3,0x10a3,0x10a3,0x10a3,0x10a3,0x2145,0xdefc,0xef9e,0xef9e,0xb5f8,0xb5f8,0xce7a,0xef9e,
  0xef9e,0xef9e,0xef9e,0xef9e,0xef7e,0xdf3d,0xe75d,0xef9e,0xef9e,0xef9e,0xef9e,0xef9e,0xef9e,0xef9e,0xef9e,0xef9e,
  0xef9e,0xef9e,0xef9e,0xef9e,0xef9e,0xef9e,0xef9e,0xef9e,0xef9e,0xef9e,0xef9e,0xef9e,0xef9e,0xef9e,0xef9e,0xef9e,
  0xef9e,0xef9e,0xef9e,0xef9e,0xef9e,0xef9e,0xef9e,0xef9e,0xef9e,0xef9e,0xef9e,0xef9e,0xef9e,0xef9e,0xef9e,0xef9e,
  0xef9e,0xef9e,0xef9e,0xef9e,0xef9e,0xef9e,0xef9e,0xef9e,0xef9e,0xef9e,0xef9e,0xef9e,0xef9e,0xef9e,0xef9e,0xef9e,
  0xef9e,0xef9e,0xef9e,0xef9e,0xef9e,0xef9e,0xef9e,0xef9e,0xef9e,0xef9e,0xef9e,0xef9e,0xef9e,0xef9e,0xef9e,0xef9e,
  0xef9e,0xef9e,0x5aec,0x4229,0xbe18,0x3a08,0x3a08,0xb5d7,0x2966,0xa535,0xef9e,0xef9e,0x8cb4,0xbdf8,0xad97,0xef9e,
  0xef9e,0xef9e,0xef9e,0xef9e,0xef7e,0xdf3d,0xe75d,0xef9e,0xef9e,0xef9e,0xef9e,0xef9e,0xef9e,0xef9e,0xef9e,0xef9e,
  0xef9e,0xef9e,0xef9e,0xef9e,0xef9e,0xef9e,0xef9e,0xef9e,0xef9e,0xef9e,0xef9e,0xef9e,0xef9e,0xef9e,0xef9e,0xef9e,
  0xef9e,0xef9e,0xef9e,0xef9e,0xef9e,0xef9e,0xef9e,0xef9e,0xef9e,0xef9e,0xef9e,0xef9e,0xef9e,0xef9e,0xef9e,0xef9e,
  0xef9e,0xef9e,0xef9e,0xef9e,0xef9e,0xef9e,0xef9e,0xef9e,0xef9e,0xef9e,0xef9e,0xef9e,0xef9e,0xef9e,0xef9e,0xef9e,
  0xef9e,0xef9e,0xef9e,0xef9e,0xef9e,0xef9e,0xef9e,0xef9e,0xef9e,0xef9e,0xef9e,0xef9e,0xef9e,0xef9e,0xef9e,0xef9e,
  0xef9e,0xef9e,0x8451,0x2125,0x5b0c,0x2125,0x2125,0x4a8a,0x2125,0xbe18,0xef9e,0xef9e,0xc659,0xadb7,0xd6dc,0xef9e,
  0xef9e,0xef9e,0xef9e,0xef9e,0xef7e,0xdf3d,0xe75d,0xef9e,0xef9e,0xef9e,0xef9e,0xef9e,0xef9e,0xef9e,0xef9e,0xef9e,
  0xef9e,0xef9e,0xef9e,0xef9e,0xef9e,0xef9e,0xef9e,0xef9e,0xef9e,0xef9e,0xef9e,0xef9e,0xef9e,0xef9e,0xef9e,0xef9e,
  0xef9e,0xef9e,0xef9e,0xef9e,0xef9e,0xef9e,0xef9e,0xef9e,0xef9e,0xef9e,0xef9e,0xef9e,0xef9e,0xef9e,0xef9e,0xef9e,
  0xef9e,0xef9e,0xef9e,0xef9e,0xef9e,0xef9e,0xef9e,0xef9e,0xef9e,0xef9e,0xef9e,0xef9e,0xef9e,0xef9e,0xef9e,0xef9e,
  0xef9e,0xef9e,0xef9e,0xef9e,0xef9e,0xef9e,0xef9e,0xef9e,0xef9e,0xef9e,0xef9e,0xef9e,0xef9e,0xef9e,0xef9e,0xef9e,
  0xef9e,0xef9e,0xe75d,0x8451,0x3a08,0x9492,0x9d14,0x4a6a,0xb5b7,0xef7e,0xef9e,0xef9e,0x8cb3,0x94f4,0xb5b7,0xef9e,
  0xef9e,0xef9e,0xef9e,0xef9e,0xef7e,0xdf3d,0xe75d,0xef9e,0xef9e,0xef9e,0xef9e,0xef9e,0xef9e,0xef9e,0xef9e,0xef9e,
  0xef9e,0xef9e,0xef9e,0xef9e,0xef9e,0xef9e,0xef9e,0xef9e,0xef9e,0xef9e,0xef9e,0xef9e,0xef9e,0xef9e,0xef9e,0xef9e,
  0xef9e,0xef9e,0xef9e,0xef9e,0xef9e,0xef9e,0xef9e,0xef9e,0xef9e,0xef9e,0xef9e,0xef9e,0xef9e,0xef9e,0xef9e,0xef9e,
  0xef9e,0xef9e,0xef9e,0xef9e,0xef9e,0xef9e,0xef9e,0xef9e,0xef9e,0xef9e,0xef9e,0xef9e,0xef9e,0xef9e,0xef9e,0xef9e,
  0xef9e,0xef9e,0xef9e,0xef9e,0xef9e,0xef9e,0xef9e,0xef9e,0xef9e,0xef9e,0xef9e,0xef9e,0xef9e,0xef9e,0xef9e,0xef9e,
  0xef9e,0xef9e,0xef9e,0xef7e,0x5aec,0x6b8e,0xc639,0xef7e,0xef9e,0xef9e,0xef9e,0xef9e,0xa556,0xa556,0xbe39,0xef9e,
  0xef9e,0xef9e,0xef9e,0xef9e,0xef7e,0xdf3d,0xe75d,0xef9e,0xef9e,0xef9e,0xef9e,0xef9e,0xef9e,0xef9e,0xef9e,0xef9e,
  0xef9e,0xef9e,0xef9e,0xef9e,0xef9e,0xef9e,0xef9e,0xef9e,0xef9e,0xef9e,0xef9e,0xef9e,0xef9e,0xef9e,0xef9e,0xef9e,
  0xef9e,0xef9e,0xef9e,0xef9e,0xef9e,0xef9e,0xef9e,0xef9e,0xef9e,0xef9e,0xef9e,0xef9e,0xef9e,0xef9e,0xef9e,0xef9e,
  0xef9e,0xef9e,0xef9e,0xef9e,0xef9e,0xef9e,0xef9e,0xef9e,0xef9e,0xef9e,0xef9e,0xef9e,0xef9e,0xef9e,0xef9e,0xef9e,
  0xef9e,0xef9e,0xef9e,0xef9e,0xef9e,0xef9e,0xef9e,0xef9e,0xef9e,0xef9e,0xef9e,0xef9e,0xef9e,0xef9e,0xef9e,0xef9e,
  0xef9e,0xef9e,0xef9e,0xe75d,0x18e4,0x10c3,0x0862,0x3a08,0x94b3,0xdefc,0xef9e,0xef9e,0xef9e,0xef9e,0xef9e,0xef9e,
  0xef9e,0xef9e,0xef9e,0xef9e,0xef7e,0xdf3d,0xe75d,0xef9e,0xef9e,0xef9e,0xef9e,0xef9e,0xef9e,0xef9e,0xef9e,0xef9e,
  0xef9e,0xef9e,0xef9e,0xef9e,0xef9e,0xef9e,0xef9e,0xef9e,0xef9e,0xef9e,0xef9e,0xef9e,0xef9e,0xef9e,0xef9e,0xef9e,
  0xef9e,0xef9e,0xef9e,0xef9e,0xef9e,0xef9e,0xef9e,0xef9e,0xef9e,0xef9e,0xef9e,0xef9e,0xef9e,0xef9e,0xef9e,0xef9e,
  0xef9e,0xef9e,0xef9e,0xef9e,0xef9e,0xef9e,0xef9e,0xef9e,0xef9e,0xef9e,0xef9e,0xef9e,0xef9e,0xef9e,0xef9e,0xef9e,
  0xef9e,0xef9e,0xef9e,0xef9e,0xef9e,0xef9e,0xef9e,0xef9e,0xef9e,0xef9e,0xef9e,0xef9e,0xef9e,0xef9e,0xef9e,0xef9e,
  0xef9e,0xef9e,0xef7e,0xdf1c,0x10c3,0x8c92,0xb5d7,0x4a6a,0x1904,0xa535,0xef9e,0xef9e,0xef9e,0xef9e,0xef9e,0xef9e,
  0xef9e,0xef9e,0xef9e,0xef9e,0xef7e,0xdf3d,0xe75d,0xef9e,0xef9e,0xef9e,0xef9e,0xef9e,0xef9e,0xef9e,0xef9e,0xef9e,
  0xef9e,0xef9e,0xef9e,0xef9e,0xef9e,0xef9e,0xef9e,0xef9e,0xef9e,0xef9e,0xef9e,0xef9e,0xef9e,0xef9e,0xef9e,0xef9e,
  0xef9e,0xef9e,0xef9e,0xef9e,0xef9e,0xef9e,0xef9e,0xef9e,0xef9e,0xef9e,0xef9e,0xef9e,0xef9e,0xef9e,0xef9e,0xef9e,
  0xef9e,0xef9e,0xef9e,0xef9e,0xef9e,0xef9e,0xef9e,0xef9e,0xef9e,0xef9e,0xef9e,0xef9e,0xef9e,0xef9e,0xef9e,0xef9e,
  0xef9e,0xef9e,0xef9e,0xef9e,0xef9e,0xef9e,0xef9e,0xef9e,0xef9e,0xef9e,0xef9e,0xef9e,0xef9e,0xef9e,0xef9e,0xef9e,
  0xef9e,0xef9e,0x7bf0,0x31c7,0x0862,0x2145,0x7bf0,0xe73d,0xce7a,0xdefc,0xef9e,0xef9e,0xef9e,0xef9e,0xef9e,0xef9e,
  0xef9e,0xef9e,0xef9e,0xef9e,0xef7e,0xdf3d,0xe75d,0xef9e,0xef9e,0xef9e,0xef9e,0xef9e,0xef9e,0xef9e,0xef9e,0xef9e,
  0xef9e,0xef9e,0xef9e,0xef9e,0xef9e,0xef9e,0xef9e,0xef9e,0xef9e,0xef9e,0xef9e,0xef9e,0xef9e,0xef9e,0xef9e,0xef9e,
  0xef9e,0xef9e,0xef9e,0xef9e,0xef9e,0xef9e,0xef9e,0xef9e,0xef9e,0xef9e,0xef9e,0xef9e,0xef9e,0xef9e,0xef9e,0xef9e,
  0xef9e,0xef9e,0xef9e,0xef9e,0xef9e,0xef9e,0xef9e,0xef9e,0xef9e,0xef9e,0xef9e,0xef9e,0xef9e,0xef9e,0xef9e,0xef9e,
  0xef9e,0xef9e,0xef9e,0xef9e,0xef9e,0xef9e,0xef9e,0xef9e,0xef9e,0xef9e,0xef9e,0xef9e,0xef9e,0xef9e,0xef9e,0xef9e,
  0xef9e,0xef9e,0x9cf4,0x6b6e,0x2145,0x52ab,0x9d14,0xef7e,0xef9e,0xef9e,0xef9e,0xef9e,0xef9e,0xef9e,0xef9e,0xef9e,
  0xef9e,0xef9e,0xef9e,0xef9e,0xef7e,0xdf3d,0xe75d,0xef9e,0xef9e,0xef9e,0xef9e,0xef9e,0xef9e,0xef9e,0xef9e,0xef9e,
  0xef9e,0xef9e,0xef9e,0xef9e,0xef9e,0xef9e,0xef9e,0xef9e,0xef9e,0xef9e,0xef9e,0xef9e,0xef9e,0xef9e,0xef9e,0xef9e,
  0xef9e,0xef9e,0xef9e,0xef9e,0xef9e,0xef9e,0xef9e,0xef9e,0xef9e,0xef9e,0xef9e,0xef9e,0xef9e,0xef9e,0xef9e,0xef9e,
  0xef9e,0xef9e,0xef9e,0xef9e,0xef9e,0xef9e,0xef9e,0xef9e,0xef9e,0xef9e,0xef9e,0xef9e,0xef9e,0xef9e,0xef9e,0xef9e,
  0xef9e,0xef9e,0xef9e,0xef9e,0xef9e,0xef9e,0xef9e,0xef9e,0xef9e,0xef9e,0xef9e,0xef9e,0xef9e,0xef9e,0xef9e,0xef9e,
  0xef9e,0xef9e,0xef9e,0xef7e,0xe75d,0xef7e,0xef9e,0xef9e,0xef9e,0xef9e,0xef9e,0xef9e,0xef9e,0xef9e,0xef9e,0xef9e,
  0xef9e,0xef9e,0xef9e,0xef9e,0xef7e,0xdf3d,0xe75d,0xef9e,0xef9e,0xef9e,0xef9e,0xef9e,0xef9e,0xef9e,0xef9e,0xef9e,
  0xef9e,0xef9e,0xef9e,0xef9e,0xef9e,0xef9e,0xef9e,0xef9e,0xef9e,0xef9e,0xef9e,0xef9e,0xef9e,0xef9e,0xef9e,0xef9e,
  0xef9e,0xef9e,0xef9e,0xef9e,0xef9e,0xef9e,0xef9e,0xef9e,0xef9e,0xef9e,0xef9e,0xef9e,0xef9e,0xef9e,0xef9e,0xef9e,
  0xef9e,0xef9e,0xef9e,0xef9e,0xef9e,0xef9e,0xef9e,0xef9e,0xef9e,0xef9e,0xef9e,0xef9e,0xef9e,0xef9e,0xef9e,0xef9e,
  0xef9e,0xef9e,0xef9e,0xef9e,0xef9e,0xef9e,0xef9e,0xef9e,0xef9e,0xef9e,0xef9e,0xef9e,0xef9e,0xef9e,0xef9e,0xef9e,
  0xef9e,0xef9e,0xef7e,0xe77e,0xef7e,0xef7e,0xef9e,0xef9e,0xef9e,0xef9e,0xef9e,0xef9e,0xef9e,0xef9e,0xef9e,0xef9e,
  0xef9e,0xef9e,0xef9e,0xef9e,0xef7e,0xdf3d,0xe75d,0xef9e,0xef9e,0xef9e,0xef9e,0xef9e,0xef9e,0xef9e,0xef9e,0xef9e,
  0xef9e,0xef9e,0xef9e,0xef9e,0xef9e,0xef9e,0xef9e,0xef9e,0xef9e,0xef9e,0xef9e,0xef9e,0xef9e,0xef9e,0xef9e,0xef9e,
  0xef9e,0xef9e,0xef9e,0xef9e,0xef9e,0xef9e,0xef9e,0xef9e,0xef9e,0xef9e,0xef9e,0xef9e,0xef9e,0xef9e,0xef9e,0xef9e,
  0xef9e,0xef9e,0xef9e,0xef9e,0xef9e,0xef9e,0xef9e,0xef9e,0xef9e,0xef9e,0xef9e,0xef9e,0xef9e,0xef9e,0xef9e,0xef9e,
  0xef9e,0xef9e,0xef9e,0xef9e,0xef9e,0xef9e,0xef9e,0xef9e,0xef9e,0xef9e,0xef9e,0xef9e,0xef9e,0xef9e,0xef9e,0xef9e,
  0xef9e,0xef9e,0xbe39,0x8452,0x94f4,0xc65a,0xef9e,0xef9e,0xef9e,0xef9e,0xef9e,0xef9e,0xef9e,0xef9e,0xef9e,0xef9e,
  0xef9e,0xef9e,0xef9e,0xef9e,0xef7e,0xdf3d,0xe75d,0xef9e,0xef9e,0xef9e,0xef9e,0xef9e,0xef9e,0xef9e,0xef9e,0xef9e,
  0xef9e,0xef9e,0xef9e,0xef9e,0xef9e,0xef9e,0xef9e,0xef9e,0xef9e,0xef9e,0xef9e,0xef9e,0xef9e,0xef9e,0xef9e,0xef9e,
  0xef9e,0xef9e,0xef9e,0xef9e,0xef9e,0xef9e,0xef9e,0xef9e,0xef9e,0xef9e,0xef9e,0xef9e,0xef9e,0xef9e,0xef9e,0xef9e,
  0xef9e,0xef9e,0xef9e,0xef9e,0xef9e,0xef9e,0xef9e,0xef9e,0xef9e,0xef9e,0xef9e,0xef9e,0xef9e,0xef9e,0xef9e,0xef9e,
  0xef9e,0xef9e,0xef9e,0xef9e,0xef9e,0xef9e,0xef9e,0xef9e,0xef9e,0xef9e,0xef9e,0xef9e,0xef9e,0xef9e,0xef9e,0xef9e,
  0xef9e,0xef9e,0xb5d8,0xc67a,0xb5d8,0xef9e,0xef9e,0xef9e,0xef9e,0xef9e,0xef9e,0xef9e,0xef9e,0xef9e,0xef9e,0xef9e,
  0xef9e,0xef9e,0xef9e,0xef9e,0xef7e,0xdf3d,0xe75d,0xef9e,0xef9e,0xef9e,0xef9e,0xef9e,0xef9e,0xef9e,0xef9e,0xef9e,
  0xef9e,0xef9e,0xef9e,0xef9e,0xef9e,0xef9e,0xef9e,0xef9e,0xef9e,0xef9e,0xef9e,0xef9e,0xef9e,0xef9e,0xef9e,0xef9e,
  0xef9e,0xef9e,0xef9e,0xef9e,0xef9e,0xef9e,0xef9e,0xef9e,0xef9e,0xef9e,0xef9e,0xef9e,0xef9e,0xef9e,0xef9e,0xef9e,
  0xef9e,0xef9e,0xef9e,0xef9e,0xef9e,0xef9e,0xef9e,0xef9e,0xef9e,0xef9e,0xef9e,0xef9e,0xef9e,0xef9e,0xef9e,0xef9e,
  0xef9e,0xef9e,0xef9e,0xef9e,0xef9e,0xef9e,0xef9e,0xef9e,0xef9e,0xef9e,0xef9e,0xef9e,0xef9e,0xef9e,0xef9e,0xef9e,
  0xef9e,0xef9e,0xcebb,0xbe19,0x94f4,0xef9e,0xef9e,0xef9e,0xef9e,0xef9e,0xef9e,0xef9e,0xef9e,0xef9e,0xef9e,0xef9e,
  0xef9e,0xef9e,0xef9e,0xef9e,0xef7e,0xdf3d,0xe75d,0xef9e,0xef9e,0xef9e,0xef9e,0xef9e,0xef9e,0xef9e,0xef9e,0xef9e,
  0xef9e,0xef9e,0xef9e,0xef9e,0xef9e,0xef9e,0xef9e,0xef9e,0xef9e,0xef9e,0xef9e,0xef9e,0xef9e,0xef9e,0xef9e,0xef9e,
  0xef9e,0xef9e,0xef9e,0xef9e,0xef9e,0xef9e,0xef9e,0xef9e,0xef9e,0xef9e,0xef9e,0xef9e,0xef9e,0xef9e,0xef9e,0xef9e,
  0xef9e,0xef9e,0xef9e,0xef9e,0xef9e,0xef9e,0xef9e,0xef9e,0xef9e,0xef9e,0xef9e,0xef9e,0xef9e,0xef9e,0xef9e,0xef9e,
  0xef9e,0xef9e,0xef9e,0xef9e,0xef9e,0xef9e,0xef9e,0xef9e,0xef9e,0xef9e,0xef9e,0xef9e,0xef9e,0xef9e,0xef9e,0xef9e,
  0xef9e,0xef9e,0xc659,0xa576,0x8472,0xef9e,0xef9e,0xef9e,0xef9e,0xef9e,0xef9e,0xef9e,0xef9e,0xef9e,0xef9e,0xef9e,
  0xef9e,0xef9e,0xef9e,0xef9e,0xef9e,0xe75d,0xef9e,0xef9e,0xef9e,0xef9e,0xef9e,0xef9e,0xef9e,0xef9e,0xef9e,0xef9e,
  0xef9e,0xef9e,0xef9e,0xef9e,0xef9e,0xef9e,0xef9e,0xef9e,0xef9e,0xef9e,0xef9e,0xef9e,0xef9e,0xef9e,0xef9e,0xef9e,
  0xef9e,0xef9e,0xef9e,0xef9e,0xef9e,0xef9e,0xef9e,0xef9e,0xef9e,0xef9e,0xef9e,0xef9e,0xef9e,0xef9e,0xef9e,0xef9e,
  0xef9e,0xef9e,0xef9e,0xef9e,0xef9e,0xef9e,0xef9e,0xef9e,0xef9e,0xef9e,0xef9e,0xef9e,0xef9e,0xef9e,0xef9e,0xef9e,
  0xef9e,0xef9e,0xef9e,0xef9e,0xef9e,0xef9e,0xef9e,0xef9e,0xef9e,0xef9e,0xef9e,0xef9e,0xef9e,0xef9e,0xef9e,0xef9e,
  0xef9e,0xef9e,0xb5f8,0x9d15,0x8452,0xef9e,0xef9e,0xef9e,0xef9e,0xef9e,0xef9e,0xef9e,0xef9e,0xef9e,0xef9e,0xef9e,
  0xef9e,0xef9e,0xef9e,0xef9e,0xef9e,0xef9e,0xef9e,0xef9e,0xef9e,0xef9e,0xef9e,0xef9e,0xef9e,0xef9e,0xef9e,0xef9e,
  0xef9e,0xef9e,0xef9e,0xef9e,0xef9e,0xef9e,0xef9e,0xef9e,0xef9e,0xef9e,0xef9e,0xef9e,0xef9e,0xef9e,0xef9e,0xef9e,
  0xef9e,0xef9e,0xef9e,0xef9e,0xef9e,0xef9e,0xef9e,0xef9e,0xef9e,0xef9e,0xef9e,0xef9e,0xef9e,0xef9e,0xef9e,0xef9e,
  0xef9e,0xef9e,0xef9e,0xef9e,0xef9e,0xef9e,0xef9e,0xef9e,0xef9e,0xef9e,0xef9e,0xef9e,0xef9e,0xef9e,0xef9e,0xef9e,
  0xef9e,0xef9e,0xef9e,0xef9e,0xef9e,0xef9e,0xef9e,0xef9e,0xef9e,0xef9e,0xef9e,0xef9e,0xef9e,0xef9e,0xef9e,0xef9e,
  0xef9e,0xef9e,0xef7e,0xe75d,0xef7e,0xef9e,0xef9e,0xef9e,0xef9e,0xef9e,0xef9e,0xef9e,0xef9e,0xef9e,0xef9e,0xef9e,
  0xef9e,0xef9e,0xef9e,0xef9e,0xef9e,0xef9e,0xef9e,0xef9e,0xef9e,0xef9e,0xef9e,0xef9e,0xef9e,0xef9e,0xef9e,0xef9e,
  0xef9e,0xef9e,0xef9e,0xef9e,0xef9e,0xef9e,0xef9e,0xef9e,0xef9e,0xef9e,0xef9e,0xef9e,0xef9e,0xef9e,0xef9e,0xef9e,
  0xef9e,0xef9e,0xef9e,0xef9e,0xef9e,0xef9e,0xef9e,0xef9e,0xef9e,0xef9e,0xef9e,0xef9e,0xef9e,0xef9e,0xef9e,0xef9e,
  0xef9e,0xef9e,0xef9e,0xef9e,0xef9e,0xef9e,0xef9e,0xef9e,0xef9e,0xef9e,0xef9e,0xef9e,0xef9e,0xef9e,0xef9e,0xef9e,
  0xef9e,0xef9e,0xef9e,0xef9e,0xef9e,0xef9e,0xef9e,0xef9e,0xef9e,0xef9e,0xef9e,0xef9e,0xef9e,0xef9e,0xef9e,0xef9e,
  0xef9e,0xef9e,0xef9e,0xef9e,0xef9e,0xef9e,0xef9e,0xef9e,0xef9e,0xef9e,0xef9e,0xef9e,0xef9e,0xef9e,0xef9e,0xef9e,
  0xef9e,0xef9e,0xef9e,0xef9e,0xef9e,0xef9e,0xef9e,0xef9e,0xef9e,0xef9e,0xef9e,0xef9e,0xef9e,0xef9e,0xef9e,0xef9e,
  0xef9e,0xef9e,0xef9e,0xef9e,0xef9e,0xef9e,0xef9e,0xef9e,0xef9e,0xef9e,0xef9e,0xef9e,0xef9e,0xef9e,0xef9e,0xef9e,
  0xef9e,0xef9e,0xef9e,0xef9e,0xef9e,0xef9e,0xef9e,0xef9e,0xef9e,0xef9e,0xef9e,0xef9e,0xef9e,0xef9e,0xef9e,0xef9e,
  0xef9e,0xef9e,0xef9e,0xef9e,0xef9e,0xef9e,0xef9e,0xef9e,0xef9e,0xef9e,0xef9e,0xef9e,0xef9e,0xef9e,0xef9e,0xef9e,
  0xef9e,0xef9e,0xef9e,0xef9e,0xef9e,0xef9e,0xef9e,0xef9e,0xef9e,0xef9e,0xef9e,0xef9e,0xef9e,0xef9e,0xef9e,0xef9e,
  0xef9e,0xef9e,0xef9e,0xef9e,0xef9e,0xef9e,0xef9e,0xef9e,0xef9e,0xef9e,0xef9e,0xef9e,0xef9e,0xef9e,0xef9e,0xef9e,
  0xef9e,0xef9e,0xef9e,0xef9e,0xef9e,0xef9e,0xef9e,0xef9e,0xef9e,0xef9e,0xef9e,0xef9e,0xef9e,0xef9e,0xef9e,0xef9e,
  0xef9e,0xef9e,0xef9e,0xef9e,0xef9e,0xef9e,0xef9e,0xef9e,0xef9e,0xef9e,0xef9e,0xef9e,0xef9e,0xef9e,0xef9e,0xef9e,
  0xef9e,0xef9e,0xef9e,0xef9e,0xef9e,0xef9e,0xef9e,0xef9e,0xef9e,0xef9e,0xef9e,0xef9e,0xef9e,0xef9e,0xef9e,0xef9e,
  0xef9e,0xef9e,0xef9e,0xef9e,0xef9e,0xef9e,0xef9e,0xef9e,0xef9e,0xef9e,0xef9e,0xef9e,0xef9e,0xef9e,0xef9e,0xef9e,
  0xef9e,0xef9e,0xef9e,0xef9e,0xef9e,0xef9e,0xef9e,0xef9e,0xef9e,0xef9e,0xef9e,0xef9e,0xef9e,0xef9e,0xef9e,0xef9e,
  0xef9e,0xef9e,0xef9e,0xef9e,0xef9e,0xef9e,0xef9e,0xef9e,0xef9e,0xef9e,0xef9e,0xef9e,0xef9e,0xef9e,0xef9e,0xef9e,
  0xef9e,0xef9e,0xef9e,0xef9e,0xef9e,0xef9e,0xef9e,0xef9e,0xef9e,0xef9e,0xef9e,0xef9e,0xef9e,0xef9e,0xef9e,0xef9e,
  0xef9e,0xef9e,0xef9e,0xef9e,0xef9e,0xef9e,0xef9e,0xef9e,0xef9e,0xef9e,0xef9e,0xef9e,0xef9e,0xef9e,0xef9e,0xef9e,
  0xef9e,0xef9e,0xef9e,0xef9e,0xef9e,0xef9e,0xef9e,0xef9e,0xef9e,0xef9e,0xef9e,0xef9e,0xef9e,0xef9e,0xef9e,0xef9e,
  0xef9e,0xef9e,0xef9e,0xef9e,0xef9e,0xef9e,0xef9e,0xef9e,0xef9e,0xef9e,0xef9e,0xef9e,0xef9e,0xef9e,0xef9e,0xef9e,
  0xef9e,0xef9e,0xef9e,0xef9e,0xef9e,0xef9e,0xef9e,0xef9e,0xef9e,0xef9e,0xef9e,0xef9e,0xef9e,0xef9e,0xef9e,0xef9e,
  0xef9e,0xef9e,0xef9e,0xef9e,0xef9e,0xef9e,0xef9e,0xef9e,0xef9e,0xef9e,0xef9e,0xef9e,0xef9e,0xef9e,0xef9e,0xef9e,
  0xef9e,0xef9e,0xef9e,0xef9e,0xef9e,0xef9e,0xef9e,0xef9e,0xef9e,0xef9e,0xef9e,0xef9e,0xef9e,0xef9e,0xef9e,0xef9e,
  0xef9e,0xef9e,0xef9e,0xef9e,0xef9e,0xef9e,0xef9e,0xef9e,0xef9e,0xef9e,0xef9e,0xef9e,0xef9e,0xef9e,0xef9e,0xef9e,
  0xef9e,0xef9e,0xef9e,0xef9e,0xef9e,0xef9e,0xef9e,0xef9e,0xef9e,0xef9e,0xef9e,0xef9e,0xef9e,0xef9e,0xef9e,0xef9e,
  0xef9e,0xef9e,0xef9e,0xef9e,0xef9e,0xef9e,0xef9e,0xef9e,0xef9e,0xef9e,0xef9e,0xef9e,0xef9e,0xef9e,0xef9e,0xef9e,
  0xef9e,0xef9e,0xef9e,0xef9e,0xef9e,0xef9e,0xef9e,0xef9e,0xef9e,0xef9e,0xef9e,0xef9e,0xef9e,0xef9e,0xef9e,0xef9e,
  0xef9e,0xef9e,0xef9e,0xef9e,0xef9e,0xef9e,0xef9e,0xef9e,0xef9e,0xef9e,0xef9e,0xef9e,0xef9e,0xef9e,0xef9e,0xef9e,
  0xef9e,0xef9e,0xef9e,0xef9e,0xef9e,0xef9e,0xef9e,0xef9e,0xef9e,0xef9e,0xef9e,0xef9e,0xef9e,0xef9e,0xef9e,0xef9e,
  0xef9e,0xef9e,0xef9e,0xef9e,0xef9e,0xef9e,0xef9e,0xef9e,0xef9e,0xef9e,0xef9e,0xef9e,0xef9e,0xef9e,0xef9e,0xef9e,
  0xef9e,0xef9e,0xef9e,0xef9e,0xef9e,0xef9e,0xef9e,0xef9e,0xef9e,0xef9e,0xef9e,0xef9e,0xef9e,0xef9e,0xef9e,0xef9e,
  0xef9e,0xef9e,0xef9e,0xef9e,0xef9e,0xef9e,0xef9e,0xef9e,0xef9e,0xef9e,0xef9e,0xef9e,0xef9e,0xef9e,0xef9e,0xef9e,
  0xef9e,0xef9e,0xef9e,0xef9e,0xef9e,0xef9e,0xef9e,0xef9e,0xef9e,0xef9e,0xef9e,0xef9e,0xef9e,0xef9e,0xef9e,0xef9e,
  0xef9e,0xef9e,0xef9e,0xef9e,0xef9e,0xef9e,0xef9e,0xef9e,0xef9e,0xef9e,0xef9e,0xef9e,0xef9e,0xef9e,0xef9e,0xef9e,
  0xef9e,0xef9e,0xef9e,0xef9e,0xef9e,0xef9e,0xef9e,0xef9e,0xef9e,0xef9e,0xef9e,0xef9e,0xef9e,0xef9e,0xef9e,0xef9e,
  0xef9e,0xef9e,0xef9e,0xef9e,0xef9e,0xef9e,0xef9e,0xef9e,0xef9e,0xef9e,0xef9e,0xef9e,0xef9e,0xef9e,0xef9e,0xef9e,
  0xef9e,0xef9e,0xef9e,0xef9e,0xef9e,0xef9e,0xef9e,0xef9e,0xef9e,0xef9e,0xef9e,0xef9e,0xef9e,0xef9e,0xef9e,0xef9e,
  0xef9e,0xef9e,0xef9e,0xef9e,0xef9e,0xef9e,0xef9e,0xef9e,0xef9e,0xef9e,0xef9e,0xef9e,0xef9e,0xef9e,0xef9e,0xef9e,
  0xef9e,0xef9e,0xef9e,0xef9e,0xef9e,0xef9e,0xef9e,0xef9e,0xef9e,0xef9e,0xef9e,0xef9e,0xef9e,0xef9e,0xef9e,0xef9e,
};

static const uint16_t THUMB_CHRONO_DARK[144 * 96] PROGMEM = {
  0x0862,0x0862,0x0862,0x0862,0x0862,0x0862,0x0862,0x0862,0x0862,0x0862,0x0862,0x0862,0x0862,0x0862,0x0862,0x0862,
  0x0862,0x0862,0x0862,0x0862,0x0862,0x0862,0x0862,0x0862,0x0862,0x0862,0x0862,0x0862,0x0862,0x0862,0x0862,0x0862,
  0x0862,0x0862,0x0862,0x0862,0x0862,0x0862,0x0862,0x0862,0x0862,0x0862,0x0862,0x0862,0x0862,0x0862,0x0862,0x0862,
  0x0862,0x0862,0x0862,0x0862,0x0862,0x0862,0x0862,0x0862,0x0862,0x0862,0x0862,0x0862,0x0862,0x0862,0x0862,0x0862,
  0x0862,0x0862,0x0862,0x0862,0x0862,0x0862,0x0862,0x0862,0x0862,0x0862,0x0862,0x0862,0x0862,0x0862,0x0862,0x0862,
  0x0862,0x0862,0x0862,0x0862,0x0862,0x0862,0x0862,0x0862,0x0862,0x0862,0x0862,0x0862,0x0862,0x0862,0x0862,0x0862,
  0x0862,0x0862,0x0862,0x0862,0x0862,0x0862,0x0862,0x0862,0x0862,0x0862,0x0862,0x0862,0x0862,0x0862,0x0862,0x0862,
  0x0862,0x0862,0x0862,0x0862,0x0862,0x0862,0x0862,0x0862,0x0862,0x0862,0x0862,0x0862,0x0862,0x0862,0x0862,0x0862,
  0x0862,0x0862,0x0862,0x0862,0x0862,0x0862,0x0862,0x0862,0x0862,0x0862,0x0862,0x0862,0x0862,0x0862,0x0862,0x0862,
  0x0862,0x0862,0x0862,0x0862,0x0862,0x0862,0x0862,0x0862,0x0862,0x0862,0x0862,0x0862,0x0862,0x0862,0x0862,0x0862,
  0x0862,0x0862,0x0862,0x0862,0x0862,0x0862,0x0862,0x0862,0x0862,0x0862,0x0862,0x0862,0x0862,0x0862,0x0862,0x0862,
  0x0862,0x0862,0x0862,0x0862,0x0862,0x0862,0x0862,0x0862,0x0862,0x0862,0x0862,0x0862,0x0862,0x0862,0x0862,0x0862,
  0x0862,0x0862,0x0862,0x0862,0x0862,0x0862,0x0862,0x0862,0x0862,0x0862,0x0862,0x0862,0x0862,0x0862,0x0862,0x0862,
  0x0862,0x0862,0x0862,0x0862,0x0862,0x0862,0x0862,0x0862,0x0862,0x0862,0x0862,0x0862,0x0862,0x0862,0x0862,0x0862,
  0x0862,0x0862,0x0862,0x0862,0x0862,0x0862,0x0862,0x0862,0x0862,0x0862,0x0862,0x0862,0x0862,0x0862,0x0862,0x0862,
  0x0862,0x0862,0x0862,0x0862,0x0862,0x0862,0x0862,0x0862,0x0862,0x0862,0x0862,0x0862,0x0862,0x0862,0x0862,0x0862,
  0x0862,0x0862,0x0862,0x0862,0x0862,0x0862,0x0862,0x0862,0x0862,0x0862,0x0862,0x0862,0x0862,0x0862,0x0862,0x0862,
  0x0862,0x0862,0x0862,0x0862,0x0862,0x0862,0x0862,0x0862,0x0862,0x0862,0x0862,0x0862,0x0862,0x0862,0x0862,0x0862,
  0x0862,0x0862,0x0862,0x0862,0x0862,0x0862,0x0862,0x0862,0x0862,0x0862,0x0862,0x0862,0x0862,0x0862,0x0862,0x0862,
  0x0862,0x0862,0x0862,0x0862,0x0862,0x0862,0x0862,0x0862,0x0862,0x0862,0x0862,0x0862,0x0862,0x0862,0x0862,0x0862,
  0x0862,0x0862,0x0862,0x0862,0x0862,0x0862,0x0862,0x0862,0x0862,0x0862,0x0862,0x0862,0x0862,0x0862,0x0862,0x0862,
  0x0862,0x0862,0x0862,0x0862,0x0862,0x0862,0x0862,0x0862,0x0862,0x0862,0x0862,0x0862,0x0862,0x0862,0x0862,0x0862,
  0x0862,0x0862,0x0862,0x0862,0x0862,0x0862,0x0862,0x0862,0x0862,0x0862,0x0862,0x0862,0x0862,0x0862,0x0862,0x0862,
  0x0862,0x0862,0x0862,0x0862,0x0862,0x0862,0x0862,0x0862,0x0862,0x0862,0x0862,0x0862,0x0862,0x0862,0x0862,0x0862,
  0x0862,0x0862,0x0862,0x0862,0x0862,0x0862,0x0862,0x0862,0x0862,0x0862,0x0882,0x0862,0x0862,0x0862,0x0862,0x0882,
  0x0882,0x0862,0x0862,0x0862,0x0862,0x0862,0x0862,0x0862,0x0862,0x0862,0x0862,0x0862,0x0862,0x0862,0x0862,0x0862,
  0x0862,0x0862,0x0862,0x0862,0x0862,0x0862,0x0862,0x0862,0x0862,0x0862,0x0862,0x0862,0x0862,0x0862,0x0862,0x0862,
  0x0862,0x0862,0x0862,0x0862,0x0862,0x0862,0x0862,0x0862,0x0862,0x0862,0x0862,0x0862,0x0862,0x0862,0x0862,0x0862,
  0x0862,0x0862,0x0862,0x0862,0x0862,0x0882,0x10c3,0x10a3,0x0882,0x0862,0x0862,0x0862,0x0862,0x0862,0x0862,0x0882,
  0x0862,0x0862,0x0862,0x0862,0x0862,0x0862,0x0862,0x0862,0x0862,0x0862,0x0862,0x0862,0x0862,0x0862,0x0862,0x0862,
  0x0862,0x0862,0x0862,0x0862,0x0862,0x0862,0x0862,0x0862,0x0862,0x5aec,0x8451,0x2125,0x0862,0x0862,0x2166,0x426a,
  0x636e,0x10a3,0x0862,0x0862,0x0862,0x0862,0x0862,0x0862,0x0862,0x0862,0x0862,0x0862,0x0862,0x0862,0x0862,0x0862,
  0x0862,0x0862,0x0862,0x0862,0x0862,0x0862,0x0862,0x0862,0x0862,0x0862,0x0862,0x0862,0x0862,0x0862,0x0862,0x0862,
  0x0862,0x0862,0x0862,0x0862,0x0862,0x0862,0x0862,0x0862,0x0862,0x0862,0x0862,0x0862,0x0862,0x0862,0x0862,0x0862,
  0x0862,0x0862,0x0862,0x0862,0x0862,0x52cb,0xdf1c,0xad76,0x5b0c,0x10c3,0x0862,0x0862,0x0862,0x0862,0x3a09,0x52ec,
  0x3a29,0x0882,0x0862,0x0862,0x0862,0x0862,0x0862,0x0862,0x0862,0x0862,0x0862,0x0862,0x0862,0x0862,0x0862,0x0862,
  0x0862,0x0862,0x0862,0x10a3,0x8c92,0x5b0c,0x2966,0x0862,0x0882,0x8431,0xe75d,0x31a7,0x0862,0x0862,0x2146,0x426a,
  0x634e,0x10a3,0x0862,0x0862,0x0862,0x0862,0x0862,0x0862,0x0862,0x0862,0x0862,0x0862,0x0862,0x0862,0x0862,0x0862,
  0x0862,0x0862,0x0862,0x0862,0x0862,0x0862,0x0862,0x0862,0x0862,0x0862,0x0862,0x0862,0x0862,0x0862,0x0862,0x0862,
  0x0862,0x0862,0x0862,0x0862,0x0862,0x0862,0x0862,0x0862,0x0862,0x0862,0x0862,0x0862,0x0862,0x0862,0x0862,0x0862,
  0x0862,0x0862,0x0862,0x0862,0x0862,0x5b0c,0xf7bf,0xce9a,0xef9e,0xdf1c,0x6b6e,0x0882,0x0862,0x0862,0x426a,0x52cc,
  0x31c8,0x0862,0x0862,0x0862,0x0862,0x0862,0x0862,0x0862,0x0862,0x0862,0x0862,0x0862,0x0862,0x0862,0x0862,0x0862,
  0x0862,0x0862,0x0862,0x0882,0xd6bb,0xef7e,0xef7e,0xc639,0x5aec,0x4a6a,0xe75d,0x31a7,0x0862,0x0862,0x10c3,0x10c3,
  0x08a3,0x0862,0x0862,0x0862,0x0862,0x0862,0x0862,0x0862,0x0862,0x0862,0x0862,0x0862,0x0862,0x0862,0x0862,0x0862,
  0x0862,0x0862,0x0862,0x0862,0x0862,0x0862,0x0862,0x0862,0x0862,0x0862,0x0862,0x0862,0x0862,0x0862,0x0862,0x0862,
  0x0862,0x0862,0x0862,0x0862,0x0862,0x0862,0x0862,0x0862,0x0862,0x0862,0x0862,0x0862,0x0862,0x0862,0x0862,0x0862,
  0x0862,0x0862,0x0862,0x10a3,0x31a7,0x7bf0,0xf7bf,0x3a08,0x4229,0xb5b7,0x94b3,0x0882,0x0862,0x0862,0x3a08,0x3a09,
  0x2966,0x0862,0x0862,0x0862,0x0862,0x0862,0x0862,0x0862,0x0862,0x0862,0x0862,0x0862,0x0862,0x0862,0x0862,0x0862,
  0x0862,0x0862,0x0862,0x0862,0x2125,0x4a6a,0x8451,0xce7a,0xe73d,0xdf1c,0xef7e,0x31a7,0x0862,0x0862,0x2146,0x52cc,
  0x530d,0x10c3,0x0862,0x0862,0x0862,0x0862,0x0862,0x0862,0x0862,0x0862,0x0862,0x0862,0x0862,0x0862,0x0862,0x0862,
  0x0862,0x0862,0x0862,0x0862,0x0862,0x0862,0x0862,0x0862,0x0862,0x0862,0x0862,0x0862,0x0862,0x0862,0x0862,0x0862,
  0x0862,0x0862,0x0862,0x0862,0x0862,0x0862,0x0862,0x0862,0x0862,0x0862,0x0862,0x0862,0x0862,0x0862,0x0862,0x0862,
  0x0862,0x0862,0x0862,0x10c3,0xd6db,0xef7e,0xf7bf,0xdf1c,0x0882,0x10a3,0x18e4,0x0862,0x0862,0x0862,0x29a7,0x29a7,
  0x1925,0x0862,0x0862,0x0862,0x0862,0x0862,0x0862,0x0862,0x0862,0x0862,0x0862,0x0862,0x0862,0x0862,0x0862,0x0862,
  0x0862,0x0862,0x0862,0x0862,0x0862,0x0862,0x2986,0x2125,0x52cb,0x94d3,0xa555,0x2145,0x0862,0x0862,0x31c7,0x426a,
  0x2166,0x0882,0x0862,0x0862,0x0862,0x0862,0x0862,0x0862,0x0862,0x0862,0x0862,0x0862,0x0862,0x0862,0x0862,0x0862,
  0x0862,0x0862,0x0862,0x0862,0x0862,0x0862,0x0862,0x0862,0x0862,0x0862,0x0862,0x0862,0x0862,0x0862,0x0862,0x0862,
  0x0862,0x0862,0x0862,0x0862,0x0862,0x0862,0x0862,0x0862,0x0862,0x0862,0x0862,0x0862,0x0862,0x0862,0x0862,0x0862,
  0x0862,0x0862,0x0862,0x10a3,0x52ab,0x7bf0,0xbdf8,0x52ab,0x0882,0x0882,0x0862,0x0862,0x0862,0x0862,0x5b4e,0x426a,
  0x426a,0x0862,0x0862,0x0862,0x0862,0x0862,0x0862,0x0862,0x0862,0x0862,0x0862,0x0862,0x0862,0x0862,0x0862,0x0862,
  0x0862,0x0862,0x0862,0x0862,0x0862,0x0862,0xe73d,0xc659,0x52cb,0x10c3,0x10a3,0x0862,0x0862,0x0862,0x31e8,0x1904,
  0x31c7,0x10e4,0x0862,0x0862,0x0862,0x0862,0x0862,0x0862,0x0862,0x0862,0x0862,0x0862,0x0862,0x0862,0x0862,0x0862,
  0x0862,0x0862,0x0862,0x0862,0x0862,0x0862,0x0862,0x0862,0x0862,0x0862,0x0862,0x0862,0x0862,0x0862,0x0862,0x0862,
  0x0862,0x0862,0x0862,0x0862,0x0862,0x0862,0x0862,0x0862,0x0862,0x0862,0x0862,0x0862,0x0862,0x0862,0x0862,0x0862,
  0x0862,0x0862,0x0862,0x10a3,0x8431,0x2966,0x10a3,0x0862,0x634d,0x6b6e,0x10c3,0x0862,0x0862,0x0862,0x4aab,0x636e,
  0x31c7,0x0862,0x0862,0x0862,0x0862,0x0862,0x0862,0x0862,0x0862,0x0862,0x0862,0x0862,0x0862,0x0862,0x0862,0x0862,
  0x0862,0x0862,0x0862,0x0862,0x0862,0x0882,0xf7bf,0xdefc,0xef9e,0xd6db,0x9d14,0x1904,0x0862,0x0862,0x31e8,0x530d,
  0x5b2d,0x10a3,0x0862,0x0862,0x0862,0x0862,0x0862,0x0862,0x0862,0x0862,0x0862,0x0862,0x0862,0x0862,0x0862,0x0862,
  0x0862,0x0862,0x0862,0x0862,0x0862,0x0862,0x0862,0x0862,0x0862,0x0862,0x0862,0x0862,0x0862,0x0862,0x0862,0x0862,
  0x0862,0x0862,0x0862,0x0862,0x0862,0x0862,0x0862,0x0862,0x0862,0x0862,0x0862,0x0862,0x0862,0x0862,0x0862,0x0862,
  0x0862,0x0862,0x0862,0x1904,0xef7e,0xd6bb,0x4a6a,0x0882,0x9cf4,0xef9e,0x73cf,0x0862,0x0862,0x0862,0x4a8b,0x4aab,
  0x31c8,0x0862,0x0862,0x0862,0x0862,0x0862,0x0862,0x0862,0x0862,0x0862,0x0862,0x0862,0x0862,0x0862,0x0862,0x0862,
  0x0862,0x0862,0x0862,0x0862,0x31a7,0x3a08,0xf7df,0x4a6a,0x5b0c,0x9d14,0xce9a,0x31a7,0x0862,0x0862,0x10a3,0x0862,
  0x0882,0x0882,0x0862,0x0862,0x0862,0x0862,0x0862,0x0862,0x0862,0x0862,0x0862,0x0862,0x0862,0x0862,0x0862,0x0862,
  0x0862,0x0862,0x0862,0x0862,0x0862,0x0862,0x0862,0x0862,0x0862,0x0862,0x0862,0x0862,0x0862,0x0862,0x0862,0x0862,
  0x0862,0x0862,0x0862,0x0862,0x0862,0x0862,0x0862,0x0862,0x0862,0x0862,0x0862,0x0862,0x0862,0x0862,0x0862,0x0862,
  0x0862,0x0862,0x0862,0x1904,0xe73d,0xbdf8,0xef7e,0x73cf,0x2145,0xb5b7,0x9d14,0x10a3,0x0862,0x0862,0x424a,0x31e8,
  0x31e8,0x0882,0x0862,0x0862,0x0862,0x0862,0x0862,0x0862,0x0862,0x0862,0x0862,0x0862,0x0862,0x0862,0x0862,0x0862,
  0x0862,0x0862,0x0862,0x10a3,0xdefc,0xef9e,0xf7df,0xef9e,0x5aec,0x0882,0x10a3,0x0862,0x0862,0x0862,0x0862,0x0862,
  0x0862,0x0862,0x0862,0x0862,0x0862,0x0862,0x0862,0x0862,0x0862,0x0862,0x0862,0x0862,0x0862,0x0862,0x0862,0x0862,
  0x0862,0x0862,0x0862,0x0862,0x0862,0x0862,0x0862,0x0862,0x0862,0x0862,0x0862,0x0862,0x0862,0x0862,0x0862,0x0862,
  0x0862,0x0862,0x0862,0x0862,0x0862,0x0862,0x0862,0x0862,0x0862,0x0862,0x0862,0x0862,0x0862,0x0862,0x0862,0x0862,
  0x0862,0x0862,0x0862,0x1904,0xdf1c,0x2966,0x9d14,0xef7e,0xe75d,0xef9e,0x8431,0x0882,0x0862,0x0862,0x0862,0x0862,
  0x0862,0x0862,0x0862,0x0862,0x0862,0x0862,0x0862,0x0862,0x0862,0x0862,0x0862,0x0862,0x0862,0x0862,0x0862,0x0862,
  0x0862,0x0862,0x0862,0x0882,0x4a8a,0x5aec,0xd6bb,0x5aec,0x2145,0x0862,0x0862,0x0862,0x0862,0x0862,0x0862,0x0862,
  0x0862,0x0862,0x0862,0x0862,0x0862,0x0862,0x0862,0x0862,0x0862,0x0862,0x0862,0x0862,0x0862,0x0862,0x0862,0x0862,
  0x0862,0x0862,0x0862,0x0862,0x0862,0x0862,0x0862,0x0862,0x0862,0x0862,0x0862,0x0862,0x0862,0x0862,0x0862,0x0862,
  0x0862,0x0862,0x0862,0x0862,0x0862,0x0862,0x0862,0x0862,0x0862,0x0862,0x0862,0x0862,0x0862,0x0862,0x0862,0x0862,
  0x0862,0x0862,0x0862,0x10c3,0xa555,0x10c3,0x10a3,0x52ab,0x8c92,0x7c10,0x2125,0x0862,0x0862,0x0862,0x0862,0x0862,
  0x0862,0x0862,0x0862,0x0862,0x0862,0x0862,0x0862,0x0862,0x0862,0x0862,0x0862,0x0862,0x0862,0x0862,0x0862,0x0862,
  0x0862,0x0862,0x0862,0x0862,0x0862,0x0862,0x10c3,0x0882,0x0862,0x0862,0x0862,0x0862,0x0862,0x0862,0x0862,0x0862,
  0x0862,0x0862,0x0862,0x0862,0x0862,0x0862,0x0862,0x0862,0x0862,0x0862,0x0862,0x0862,0x0862,0x0862,0x0862,0x0862,
  0x0862,0x0862,0x0862,0x0862,0x0862,0x0862,0x0862,0x0862,0x0862,0x0862,0x0862,0x0862,0x0862,0x0862,0x0862,0x0862,
  0x0862,0x0862,0x0862,0x0862,0x0862,0x0862,0x0862,0x0862,0x0862,0x0862,0x0862,0x0862,0x0862,0x0862,0x0862,0x0862,
  0x0862,0x0862,0x0862,0x0882,0x3a08,0x2986,0x0882,0x3a08,0x2986,0x0882,0x0862,0x0862,0x0862,0x0862,0x0862,0x0862,
  0x0862,0x0862,0x0862,0x0862,0x0862,0x0862,0x0862,0x0862,0x0862,0x0862,0x0862,0x0862,0x0862,0x0862,0x0862,0x0862,
  0x0862,0x0862,0x0862,0x0862,0x10a3,0x10c4,0x10c3,0x0882,0x0862,0x0862,0x0862,0x0862,0x0862,0x0862,0x0862,0x0862,
  0x0862,0x0862,0x0862,0x0862,0x0862,0x0862,0x0862,0x0862,0x0862,0x0862,0x0862,0x0862,0x0862,0x0862,0x0862,0x0862,
  0x0862,0x0862,0x0862,0x0862,0x0862,0x0862,0x0862,0x0862,0x0862,0x0862,0x0862,0x0862,0x0862,0x0862,0x0862,0x0862,
  0x0862,0x0862,0x0862,0x0862,0x0862,0x0862,0x0862,0x0862,0x0862,0x0862,0x0862,0x0862,0x0862,0x0862,0x0862,0x0862,
  0x0862,0x0862,0x0862,0x0882,0xbdf8,0x9cf4,0x10a3,0xbe18,0x94d3,0x0882,0x0862,0x0862,0x0862,0x0862,0x0862,0x0862,
  0x0862,0x0862,0x0862,0x0862,0x0862,0x0862,0x0862,0x0862,0x0862,0x0862,0x0862,0x0862,0x0862,0x0862,0x0862,0x0862,
  0x0862,0x0862,0x0862,0x0862,0x31c8,0x6bb0,0x424a,0x18e4,0x0862,0x0862,0x0862,0x0862,0x0862,0x0862,0x0862,0x0862,
  0x0862,0x0862,0x0862,0x0862,0x0862,0x0862,0x0862,0x0862,0x0862,0x0862,0x0862,0x0862,0x0862,0x0862,0x0862,0x0862,
  0x0862,0x0862,0x0862,0x0862,0x0862,0x0862,0x0862,0x0862,0x0862,0x0862,0x0862,0x0862,0x0862,0x0862,0x0862,0x0862,
  0x0862,0x0862,0x0862,0x0862,0x0862,0x0862,0x0862,0x0862,0x0862,0x0862,0x0862,0x0862,0x0862,0x0862,0x0862,0x0862,
  0x0862,0x0862,0x0862,0x0862,0x3a08,0x2986,0x0882,0x3a08,0x2986,0x0862,0x0862,0x0862,0x0862,0x0862,0x0862,0x0862,
  0x0862,0x0862,0x0862,0x0862,0x0862,0x0862,0x0862,0x0862,0x0862,0x0862,0x0862,0x0862,0x0862,0x0862,0x0862,0x0862,
  0x0862,0x0862,0x0862,0x0882,0x4aab,0x29a7,0x29a7,0x0862,0x0862,0x0862,0x0862,0x0862,0x0862,0x0862,0x0862,0x0862,
  0x0862,0x0862,0x0862,0x0862,0x0862,0x0862,0x0862,0x0862,0x0862,0x0862,0x0862,0x0862,0x0862,0x0862,0x0862,0x0862,
  0x0862,0x0862,0x0862,0x0862,0x0862,0x0862,0x0862,0x0862,0x0862,0x0862,0x0862,0x0862,0x0862,0x0862,0x0862,0x0862,
  0x0862,0x0862,0x0862,0x0862,0x0862,0x0862,0x0862,0x0862,0x0862,0x0862,0x0862,0x0862,0x0862,0x0862,0x0862,0x0862,
  0x0862,0x0862,0x0862,0x0862,0x0862,0x0862,0x0862,0x0862,0x0862,0x0862,0x0862,0x0862,0x0862,0x0862,0x0862,0x0862,
  0x0862,0x0862,0x0862,0x0862,0x0862,0x0862,0x0862,0x0862,0x0862,0x0862,0x0862,0x0862,0x0862,0x0862,0x0862,0x0862,
  0x0862,0x0862,0x0862,0x0862,0x2146,0x2966,0x424a,0x0862,0x0862,0x0862,0x0862,0x0862,0x0862,0x0862,0x0862,0x0862,
  0x0862,0x0862,0x0862,0x0862,0x0862,0x0862,0x0862,0x0862,0x0862,0x0862,0x0862,0x0862,0x0862,0x0862,0x0862,0x0862,
  0x0862,0x0862,0x0862,0x0862,0x0862,0x0862,0x0862,0x0862,0x0862,0x0862,0x0862,0x0862,0x0862,0x0862,0x0862,0x0862,
  0x0862,0x0862,0x0862,0x0862,0x0862,0x0862,0x0862,0x0862,0x0862,0x0862,0x0862,0x0862,0x0862,0x0862,0x0862,0x0862,
  0x0862,0x0862,0x0862,0x0862,0x0862,0x0862,0x0862,0x0862,0x10a3,0xad96,0x4249,0x0862,0x0862,0x0862,0x0862,0x0862,
  0x0862,0x0862,0x0862,0x0862,0x0862,0x0862,0x0862,0x0862,0x0862,0x0862,0x0862,0x0862,0x0862,0x0862,0x0862,0x0862,
  0x0862,0x0862,0x0862,0x0862,0x31c8,0x31e8,0x426a,0x0862,0x0862,0x0862,0x0862,0x0862,0x0862,0x0862,0x0862,0x0862,
  0x0862,0x0862,0x0862,0x0862,0x0862,0x0862,0x0862,0x0862,0x0862,0x0862,0x0862,0x0862,0x0862,0x0862,0x0862,0x0862,
  0x0862,0x0862,0x0862,0x0862,0x0862,0x0862,0x0862,0x0862,0x0862,0x0862,0x0862,0x0862,0x0862,0x0862,0x0862,0x0862,
  0x0862,0x0862,0x0862,0x0862,0x0862,0x0862,0x0862,0x0862,0x0862,0x0862,0x0862,0x0862,0x0862,0x0862,0x0862,0x0862,
  0x0862,0x0862,0x0862,0x10c3,0x9d14,0xa555,0xa555,0xa555,0xa555,0xef9e,0x94d3,0x0882,0x0862,0x0862,0x0862,0x0862,
  0x0862,0x0862,0x0862,0x0862,0x0862,0x0862,0x0862,0x0862,0x0862,0x0862,0x0862,0x0862,0x0862,0x0862,0x0862,0x0862,
  0x0862,0x0862,0x0862,0x0862,0x4a8b,0x426a,0x31e8,0x0862,0x0862,0x0862,0x0862,0x0862,0x0862,0x0862,0x0862,0x0862,
  0x0862,0x0862,0x0862,0x0862,0x0862,0x0862,0x0862,0x0862,0x0862,0x0862,0x0862,0x0862,0x0862,0x0862,0x0862,0x0862,
  0x0862,0x0862,0x0862,0x0862,0x0862,0x0862,0x0862,0x0862,0x0862,0x0862,0x0862,0x0862,0x0862,0x0862,0x0862,0x0862,
  0x0862,0x0862,0x0862,0x0862,0x0862,0x0862,0x0862,0x0862,0x0862,0x0862,0x0862,0x0862,0x0862,0x0862,0x0862,0x0862,
  0x0862,0x0862,0x0862,0x10c3,0xbdf8,0xc639,0xc639,0xc639,0xc639,0xc639,0x7c10,0x0882,0x0862,0x0862,0x0862,0x0862,
  0x0862,0x0862,0x0862,0x0862,0x0862,0x0862,0x0862,0x0862,0x0862,0x0862,0x0862,0x0862,0x0862,0x0862,0x0862,0x0862,
  0x0862,0x0862,0x0862,0x0862,0x4a8b,0x52ec,0x2146,0x0862,0x0862,0x0862,0x0862,0x0862,0x0862,0x0862,0x0862,0x0862,
  0x0862,0x0862,0x0862,0x0862,0x0862,0x0862,0x0862,0x0862,0x0862,0x0862,0x0862,0x0862,0x0862,0x0862,0x0862,0x0862,
  0x0862,0x0862,0x0862,0x0862,0x0862,0x0862,0x0862,0x0862,0x0862,0x0862,0x0862,0x0862,0x0862,0x0862,0x0862,0x0862,
  0x0862,0x0862,0x0862,0x0862,0x0862,0x0862,0x0862,0x0862,0x0862,0x0862,0x0862,0x0862,0x0862,0x0862,0x0862,0x0862,
  0x0862,0x0862,0x0862,0x0862,0x10a3,0x10a3,0x10a3,0x10a3,0x10c3,0x10a3,0x0882,0x0862,0x0862,0x0862,0x0862,0x0862,
  0x0862,0x0862,0x0862,0x0862,0x0862,0x0862,0x0862,0x0862,0x0862,0x0862,0x0862,0x0862,0x0862,0x0862,0x0862,0x0862,
  0x0862,0x0862,0x0862,0x0862,0x0882,0x10c3,0x2986,0x1905,0x0862,0x0862,0x0862,0x0862,0x0862,0x0862,0x0862,0x0862,
  0x0862,0x0862,0x0862,0x0862,0x0862,0x0862,0x0862,0x0862,0x0862,0x0862,0x0862,0x0862,0x0862,0x0862,0x0862,0x0862,
  0x0862,0x0862,0x0862,0x0862,0x0862,0x0862,0x0862,0x0862,0x0862,0x0862,0x0862,0x0862,0x0862,0x0862,0x0862,0x0862,
  0x0862,0x0862,0x0862,0x0862,0x0862,0x0862,0x0862,0x0862,0x0862,0x0862,0x0862,0x0862,0x0862,0x0862,0x0862,0x0862,
  0x0862,0x0862,0x0862,0x0862,0x1904,0x52cb,0x4a6a,0x18e4,0x4a6a,0x39e8,0x0882,0x0862,0x0862,0x0862,0x0862,0x0862,
  0x0862,0x0862,0x0862,0x0862,0x0862,0x0862,0x0862,0x0862,0x0862,0x0862,0x0862,0x0862,0x0862,0x0862,0x0862,0x0862,
  0x0862,0x0862,0x0862,0x0862,0x3a29,0x424a,0x5b4e,0x2146,0x0862,0x0862,0x0862,0x0862,0x0862,0x0862,0x0862,0x0862,
  0x0862,0x0862,0x0862,0x0862,0x0862,0x0862,0x0862,0x0862,0x0862,0x0862,0x0862,0x0862,0x0862,0x0862,0x0862,0x0862,
  0x0862,0x0862,0x0862,0x0862,0x0862,0x0862,0x0862,0x0862,0x0862,0x0862,0x0862,0x0862,0x0862,0x0862,0x0862,0x0862,
  0x0862,0x0862,0x0862,0x0862,0x0862,0x0862,0x0862,0x0862,0x0862,0x0862,0x0862,0x0862,0x0862,0x0862,0x0862,0x0862,
  0x0862,0x0862,0x0862,0x10a3,0xbe18,0xef9e,0xefbf,0xdf1c,0xef9e,0xef9e,0x5b0c,0x0862,0x0862,0x0862,0x0862,0x0862,
  0x0862,0x0862,0x0862,0x0862,0x0862,0x0862,0x0862,0x0862,0x0862,0x0862,0x0862,0x0862,0x0862,0x0862,0x0862,0x0862,
  0x0862,0x0862,0x0862,0x0862,0x5b2d,0x5b4e,0x31c7,0x0862,0x0862,0x0862,0x0862,0x0862,0x0862,0x0862,0x0862,0x0862,
  0x0862,0x0862,0x0862,0x0862,0x0862,0x0862,0x0862,0x0862,0x0862,0x0862,0x0862,0x0862,0x0862,0x0862,0x0862,0x0862,
  0x0862,0x0862,0x0862,0x0862,0x0862,0x0862,0x0862,0x0862,0x0862,0x0862,0x0862,0x0862,0x0862,0x0862,0x0862,0x0862,
  0x0862,0x0862,0x0862,0x0862,0x0862,0x0862,0x0862,0x0862,0x0862,0x0862,0x0862,0x0862,0x0862,0x0862,0x0862,0x0862,
  0x0862,0x0862,0x0862,0x18e4,0xe73d,0x4a8a,0x52cb,0xf7bf,0x4a6a,0xb5b7,0x9d14,0x0882,0x0862,0x0862,0x0862,0x0862,
  0x0862,0x0862,0x0862,0x0862,0x0862,0x0862,0x0862,0x0862,0x0862,0x0862,0x0862,0x0862,0x0862,0x0862,0x0862,0x0862,
  0x0862,0x0862,0x0862,0x0862,0x0862,0x0882,0x0862,0x0862,0x0862,0x0862,0x0862,0x0862,0x0862,0x0862,0x0862,0x0862,
  0x0862,0x0862,0x0862,0x0862,0x0862,0x0862,0x0862,0x0862,0x0862,0x0862,0x0862,0x0862,0x0862,0x0862,0x0862,0x0862,
  0x0862,0x0862,0x0862,0x0862,0x0862,0x0862,0x0862,0x0862,0x0862,0x0862,0x0862,0x0862,0x0862,0x0862,0x0862,0x0862,
  0x0862,0x0862,0x0862,0x0862,0x0862,0x0862,0x0862,0x0862,0x0862,0x0862,0x0862,0x0862,0x0862,0x0862,0x0862,0x0862,
  0x0862,0x0862,0x0862,0x10c3,0xdefc,0xbe18,0xc639,0xf7bf,0xbe18,0xe73d,0x8c72,0x0882,0x0862,0x0862,0x0862,0x0862,
  0x0862,0x0862,0x0862,0x0862,0x0862,0x0862,0x0862,0x0862,0x0862,0x0862,0x0862,0x0862,0x0862,0x0862,0x0862,0x0862,
  0x0862,0x0862,0x0862,0x0862,0x0862,0x0862,0x0862,0x0862,0x0862,0x0862,0x0862,0x0862,0x0862,0x0862,0x0862,0x0862,
  0x0862,0x0862,0x0862,0x0862,0x0862,0x0862,0x0862,0x0862,0x0862,0x0862,0x0862,0x0862,0x0862,0x0862,0x0862,0x0862,
  0x0862,0x0862,0x0862,0x0862,0x0862,0x0862,0x0862,0x0862,0x0862,0x0862,0x0862,0x0862,0x0862,0x0862,0x0862,0x0862,
  0x0862,0x0862,0x0862,0x0862,0x0862,0x0862,0x0862,0x0862,0x0862,0x0862,0x0862,0x0862,0x0862,0x0862,0x0862,0x0862,
  0x0862,0x0862,0x0862,0x0882,0x6b8e,0xbdf8,0xb5d7,0x7c10,0xb5d7,0xad76,0x2986,0x0862,0x0862,0x0862,0x0862,0x0862,
  0x0862,0x0862,0x0862,0x0862,0x0862,0x0862,0x0862,0x0862,0x0862,0x0862,0x0862,0x0862,0x0862,0x0862,0x0862,0x0862,
  0x0862,0x0862,0x0862,0x0862,0x0862,0x0862,0x0862,0x0862,0x0862,0x0862,0x0862,0x0862,0x0862,0x0862,0x0862,0x0862,
  0x0862,0x0862,0x0862,0x0862,0x0862,0x0862,0x0862,0x0862,0x0862,0x0862,0x0862,0x0862,0x0862,0x0862,0x0862,0x0862,
  0x0862,0x0862,0x0862,0x0862,0x0862,0x0862,0x0862,0x0862,0x0862,0x0862,0x0862,0x0862,0x0862,0x0862,0x0862,0x0862,
  0x0862,0x0862,0x0862,0x0862,0x0862,0x0862,0x0862,0x0862,0x0862,0x0862,0x0862,0x0862,0x0862,0x0862,0x0862,0x0862,
  0x0862,0x0862,0x0862,0x0862,0x0862,0x0882,0x0882,0x0862,0x0882,0x0862,0x0862,0x0862,0x0862,0x0862,0x0862,0x0862,
  0x0862,0x0862,0x0862,0x0862,0x0862,0x0862,0x0862,0x0862,0x0862,0x0862,0x0862,0x0862,0x0862,0x0862,0x0862,0x0862,
  0x0862,0x0862,0x0862,0x0862,0x0862,0x0862,0x0862,0x0862,0x0862,0x0862,0x0862,0x0862,0x0862,0x0862,0x0862,0x0862,
  0x0862,0x0862,0x0862,0x0862,0x0862,0x0862,0x0862,0x0862,0x0862,0x0862,0x0862,0x0862,0x0862,0x0862,0x0862,0x0862,
  0x0862,0x0862,0x0862,0x10a3,0x18e4,0x1925,0x2166,0x2987,0x2987,0x29a7,0x29a7,0x31a7,0x31c8,0x31c8,0x31c8,0x31e8,
  0x31c8,0x2986,0x2125,0x10c3,0x0862,0x0862,0x0862,0x0862,0x0862,0x0862,0x0862,0x0862,0x0862,0x0862,0x0862,0x0862,
  0x0862,0x0862,0x0862,0x0862,0x0862,0x0862,0x0862,0x0862,0x0862,0x0862,0x0862,0x0862,0x0862,0x0862,0x0862,0x0862,
  0x0862,0x0862,0x0862,0x0862,0x0862,0x0862,0x0862,0x0862,0x0862,0x0862,0x0862,0x0862,0x0862,0x0862,0x0862,0x0862,
  0x0862,0x0862,0x0862,0x0862,0x0862,0x0862,0x0862,0x0862,0x0862,0x0862,0x0862,0x0862,0x0862,0x0862,0x0862,0x0862,
  0x0862,0x0862,0x0862,0x0862,0x0862,0x0862,0x0862,0x0862,0x0862,0x0862,0x0862,0x0862,0x0862,0x0862,0x0862,0x10c3,
  0x1905,0x2966,0x31c8,0x3a09,0x3a09,0x3a09,0x3a09,0x3a09,0x3a09,0x3a09,0x3a09,0x3a09,0x3a29,0x424a,0x426a,0x4a8b,
  0x4aab,0x52cc,0x52ec,0x5b0d,0x52ec,0x424a,0x29a7,0x1925,0x0882,0x0862,0x0862,0x0862,0x0862,0x0862,0x0862,0x0862,
  0x0862,0x0862,0x0862,0x0862,0x0862,0x0862,0x0862,0x0862,0x0862,0x0862,0x0862,0x0862,0x0862,0x0862,0x0862,0x0862,
  0x0862,0x0862,0x0862,0x0862,0x0862,0x0862,0x0862,0x0862,0x0862,0x0862,0x0862,0x0862,0x0862,0x0862,0x0862,0x0862,
  0x0862,0x0862,0x0862,0x0862,0x0862,0x0862,0x0862,0x0862,0x0862,0x0862,0x0862,0x0862,0x0862,0x0862,0x0862,0x0862,
  0x0862,0x0862,0x0862,0x0862,0x0862,0x0862,0x0862,0x0862,0x0862,0x0862,0x0862,0x0862,0x0882,0x2145,0x31e8,0x31e9,
  0x39e9,0x3a09,0x3a09,0x3a09,0x31e9,0x31e8,0x31e8,0x2987,0x2166,0x2146,0x2145,0x2145,0x2146,0x2966,0x29a7,0x31e8,
  0x4a8b,0x4aab,0x52cc,0x5b0d,0x5b2d,0x634e,0x636e,0x6b6f,0x636e,0x4229,0x10a3,0x0882,0x0862,0x0862,0x0862,0x0862,
  0x0862,0x0862,0x0862,0x0862,0x0862,0x0862,0x0862,0x0862,0x0862,0x0862,0x0862,0x0862,0x0862,0x0862,0x0862,0x0862,
  0x0862,0x0862,0x0862,0x0862,0x0862,0x0862,0x0862,0x0862,0x0862,0x0862,0x0862,0x0862,0x0862,0x0862,0x0862,0x0862,
  0x0862,0x0862,0x0862,0x0862,0x0862,0x0862,0x0862,0x0862,0x0862,0x0862,0x0862,0x0862,0x0862,0x0862,0x0862,0x0862,
  0x0862,0x0862,0x0862,0x0862,0x0862,0x0862,0x0862,0x0862,0x0862,0x0862,0x1905,0x2987,0x31e8,0x3a09,0x3a09,0x31e9,
  0x31e8,0x2987,0x2125,0x1904,0x18e4,0x10c3,0x10c3,0x10c3,0x10c4,0x10c4,0x10c4,0x10c4,0x10c4,0x10c4,0x10c4,0x10c3,
  0x10c3,0x10e4,0x1905,0x2146,0x31a7,0x4a6a,0x632e,0x6b8f,0x73b0,0x73d0,0x73d0,0x632d,0x39e8,0x0882,0x0862,0x0862,
  0x0862,0x0862,0x0862,0x0862,0x0862,0x0862,0x0862,0x0862,0x0862,0x0862,0x0862,0x0862,0x0862,0x0862,0x0862,0x0862,
  0x0862,0x0862,0x0862,0x0862,0x0862,0x0862,0x0862,0x0862,0x0862,0x0862,0x0862,0x0862,0x0862,0x0862,0x0862,0x0862,
  0x0862,0x0862,0x0862,0x0862,0x0862,0x0862,0x0862,0x0862,0x0862,0x0862,0x0862,0x0862,0x0862,0x0862,0x0862,0x0862,
  0x0862,0x0862,0x0862,0x0862,0x0862,0x0862,0x0862,0x0883,0x1904,0x31c8,0x31e9,0x3a09,0x31e9,0x31c8,0x2987,0x1905,
  0x10c3,0x10c3,0x10a3,0x10c3,0x10c3,0x10c3,0x10c3,0x10a3,0x10a3,0x10a3,0x10a3,0x10a3,0x10a3,0x18e4,0x10a3,0x10a3,
  0x10c3,0x10c3,0x10c3,0x10c3,0x10c3,0x10c3,0x18e4,0x31a7,0x4aab,0x636e,0x73f0,0x7c31,0x7c32,0x73af,0x3a08,0x18e4,
  0x0862,0x0862,0x0862,0x0862,0x0862,0x0862,0x0862,0x0862,0x0862,0x0862,0x0862,0x0862,0x0862,0x0862,0x0862,0x0862,
  0x0862,0x0862,0x0862,0x0862,0x0862,0x0862,0x0862,0x0862,0x0862,0x0862,0x0862,0x0862,0x0862,0x0862,0x0862,0x0862,
  0x0862,0x0862,0x0862,0x0862,0x0862,0x0862,0x0862,0x0862,0x0862,0x0862,0x0862,0x0862,0x0862,0x0862,0x0862,0x0862,
  0x0862,0x0862,0x0862,0x0862,0x0862,0x0862,0x10e4,0x31c8,0x3a09,0x3a09,0x31e9,0x31c8,0x18e4,0x10a3,0x10a3,0x10e4,
  0x10c4,0x10a3,0x10a3,0x10a3,0x10c3,0x10a3,0x18e4,0x10c4,0x10a3,0x1904,0x10e4,0x18e4,0x1925,0x4aab,0x10a3,0x1904,
  0x10a3,0x1904,0x10a3,0x10a3,0x10a3,0x10a3,0x10c4,0x10c4,0x10a3,0x10c3,0x2986,0x6baf,0x8432,0x8472,0x8c93,0x8432,
  0x31a7,0x0882,0x0862,0x0862,0x0862,0x0862,0x0862,0x0862,0x0862,0x0862,0x0862,0x0862,0x0862,0x0862,0x0862,0x0862,
  0x0862,0x0862,0x0862,0x0862,0x0862,0x0862,0x0862,0x0862,0x0862,0x0862,0x0862,0x0862,0x0862,0x0862,0x0862,0x0862,
  0x0862,0x0862,0x0862,0x0862,0x0862,0x0862,0x0862,0x0862,0x0862,0x0862,0x0862,0x0862,0x0862,0x0862,0x0862,0x0862,
  0x0862,0x0862,0x0862,0x0862,0x10c3,0x2987,0x3a09,0x3a09,0x31e9,0x2987,0x18e4,0x10a3,0x10c3,0x10a3,0x10a3,0x10a3,
  0x10e4,0x10a3,0x2966,0x5b0c,0x2986,0x10a3,0x10c3,0x2125,0x10a3,0x18e4,0x10c3,0x18e4,0x2166,0x4a8b,0x10a3,0x1904,
  0x10a3,0x2146,0x10a3,0x2125,0x10a3,0x1904,0x10a3,0x10a3,0x10a3,0x10a3,0x10c3,0x10c3,0x29a7,0x632d,0x8c93,0x94b4,
  0x94d4,0x73d0,0x2986,0x0862,0x0862,0x0862,0x0862,0x0862,0x0862,0x0862,0x0862,0x0862,0x0862,0x0862,0x0862,0x0862,
  0x0862,0x0862,0x0862,0x0862,0x0862,0x0862,0x0862,0x0862,0x0862,0x0862,0x0862,0x0862,0x0862,0x0862,0x0862,0x0862,
  0x0862,0x0862,0x0862,0x0862,0x0862,0x0862,0x0862,0x0862,0x0862,0x0862,0x0862,0x0862,0x0862,0x0862,0x0862,0x0862,
  0x0862,0x0862,0x0882,0x2145,0x31e8,0x3a09,0x3a09,0x29a7,0x18e4,0x10a3,0x10c3,0x10c3,0x10a3,0x10a3,0x18e4,0x10a3,
  0x18e4,0x3a08,0xe75d,0xe79f,0x5b0c,0x10c4,0x10a3,0x10a3,0x10a3,0x10a3,0x10a3,0x10a3,0x2987,0x426a,0x10a3,0x10a3,
  0x10a3,0x10c3,0x10a3,0x1905,0x10a3,0x1905,0x634d,0x4249,0x1904,0x10c3,0x10a3,0x10c3,0x10c3,0x10c3,0x2987,0x73af,
  0x94f4,0x9d15,0x9cf5,0x52cc,0x10c3,0x0862,0x0862,0x0862,0x0862,0x0862,0x0862,0x0862,0x0862,0x0862,0x0862,0x0862,
  0x0862,0x0862,0x0862,0x0862,0x0862,0x0862,0x0862,0x0862,0x0862,0x0862,0x0862,0x0862,0x0862,0x0862,0x0862,0x0862,
  0x0862,0x0862,0x0862,0x0862,0x0862,0x0862,0x0862,0x0862,0x0862,0x0862,0x0862,0x0862,0x0862,0x0862,0x0862,0x0862,
  0x0862,0x0883,0x31c8,0x3a09,0x3a09,0x31c8,0x1904,0x10a3,0x10c4,0x10a3,0x10a3,0x10a3,0x10a3,0x1904,0x10c3,0x2125,
  0x10a3,0x1904,0xce9b,0xaf3f,0x8c92,0x10c3,0x10a3,0x10a3,0x10a3,0x10a3,0x10a3,0x10a3,0x1904,0x2146,0x10a3,0x10a3,
  0x10a3,0x10a3,0x10a3,0x10a3,0x10a3,0x2145,0xdf7e,0xe75d,0x4a8a,0x2145,0x10a3,0x10c4,0x10a3,0x10a3,0x10c4,0x10c3,
  0x31c8,0x8cb3,0xa536,0xa556,0x8452,0x1904,0x0862,0x0862,0x0862,0x0862,0x0862,0x0862,0x0862,0x0862,0x0862,0x0862,
  0x0862,0x0862,0x0862,0x0862,0x0862,0x0862,0x0862,0x0862,0x0862,0x0862,0x0862,0x0862,0x0862,0x0862,0x0862,0x0862,
  0x0862,0x0862,0x0862,0x0862,0x0862,0x0862,0x0862,0x0862,0x0862,0x0862,0x0862,0x0862,0x0862,0x0862,0x0862,0x0862,
  0x1904,0x31c8,0x3a09,0x31e9,0x2166,0x10c3,0x10c3,0x10a3,0x18e4,0x1904,0x10c3,0x1925,0x10a3,0x18e4,0x10a3,0x10a3,
  0x10a3,0x10c3,0x7c10,0x9f1f,0xb5d7,0x18e4,0x10a3,0x10a3,0x10a3,0x10a3,0x10a3,0x10a3,0x10a3,0x10a3,0x10a3,0x10a3,
  0x10a3,0x10a3,0x10a3,0x10a3,0x10c3,0x6baf,0xbf5f,0xe73d,0x2986,0x10c3,0x10a3,0x18e4,0x10a3,0x18e4,0x10a3,0x10c3,
  0x10c4,0x2145,0x634e,0xa556,0xad77,0x9cf4,0x424a,0x0882,0x0862,0x0862,0x0862,0x0862,0x0862,0x0862,0x0862,0x0862,
  0x0862,0x0862,0x0862,0x0862,0x0862,0x0862,0x0862,0x0862,0x0862,0x0862,0x0862,0x0862,0x0862,0x0862,0x0862,0x0862,
  0x0862,0x0862,0x0862,0x0862,0x0862,0x0862,0x0862,0x0862,0x0862,0x0862,0x0862,0x0862,0x0862,0x0862,0x0862,0x1905,
  0x31e8,0x3a09,0x31c8,0x2125,0x10a3,0x10c3,0x10a3,0x10a3,0x1904,0x5b4e,0x18e4,0x10e4,0x10a3,0x10a3,0x10a3,0x10a3,
  0x10a3,0x10a3,0x29a7,0xaf3f,0xbebb,0x18e4,0x10a3,0x10a3,0x10a3,0x10a3,0x10a3,0x10a3,0x10a3,0x10a3,0x10a3,0x10a3,
  0x10a3,0x10a3,0x10a3,0x10a3,0x18e4,0xadb7,0xa73f,0x8cb3,0x10c3,0x10a3,0x10c3,0x10a3,0x18e4,0x10a3,0x10c3,0x10c3,
  0x10a3,0x10c3,0x10c4,0x52ab,0x9d15,0xad97,0xad97,0x52ab,0x0882,0x0862,0x0862,0x0862,0x0862,0x0862,0x0862,0x0862,
  0x0862,0x0862,0x0862,0x0862,0x0862,0x0862,0x0862,0x0862,0x0862,0x0862,0x0862,0x0862,0x0862,0x0862,0x0862,0x0862,
  0x0862,0x0862,0x0862,0x0862,0x0862,0x0862,0x0862,0x0862,0x0862,0x0862,0x0862,0x0862,0x0862,0x0862,0x2145,0x31e9,
  0x3a09,0x31c8,0x10c3,0x10a3,0x10a3,0x10a3,0x10a3,0x2145,0x10a3,0x39e8,0x31c7,0x10a3,0x10a3,0x10a3,0x10a3,0x10a3,
  0x10a3,0x10a3,0x18e4,0xbebc,0xaf3f,0x1925,0x10a3,0x10a3,0x10a3,0x10a3,0x10a3,0x10a3,0x10a3,0x10a3,0x10a3,0x10a3,
  0x10a3,0x10a3,0x10a3,0x10a3,0x1904,0xbedc,0xbf3f,0x2166,0x10a3,0x10a3,0x10a3,0x10a3,0x10a3,0x10a3,0x2145,0x10c3,
  0x1905,0x18e4,0x10c3,0x10a3,0x2966,0x9cf5,0xb5d8,0xb5f8,0x636e,0x0882,0x0862,0x0862,0x0862,0x0862,0x0862,0x0862,
  0x0862,0x0862,0x0862,0x0862,0x0862,0x0862,0x0862,0x0862,0x0862,0x0862,0x0862,0x0862,0x0862,0x0862,0x0862,0x0862,
  0x0862,0x0862,0x0862,0x0862,0x0862,0x0862,0x0862,0x0862,0x0862,0x0862,0x0862,0x0862,0x0862,0x2166,0x31e9,0x3a09,
  0x29a7,0x10c3,0x10c3,0x10a3,0x10a3,0x18e4,0x10a3,0x10c3,0x10a3,0x10c3,0x4249,0x10c3,0x10a3,0x10a3,0x10a3,0x10a3,
  0x10a3,0x10a3,0x18e4,0xb5f8,0xaf5f,0x632d,0x10c3,0x10a3,0x10a3,0x10a3,0x10a3,0x10a3,0x10a3,0x10a3,0x10a3,0x10a3,
  0x10a3,0x10a3,0x10a3,0x10a3,0x4aab,0x9f1f,0xc659,0x18e4,0x10a3,0x10a3,0x10a3,0x10a3,0x10a3,0x10a3,0x10a3,0x2125,
  0x5b4e,0x10c3,0x10a3,0x10a3,0x10c3,0x2145,0x94b3,0xbe19,0xbe19,0x7bf0,0x10c3,0x0862,0x0862,0x0862,0x0862,0x0862,
  0x0862,0x0862,0x0862,0x0862,0x0862,0x0862,0x0862,0x0862,0x0862,0x0862,0x0862,0x0862,0x0862,0x0862,0x0862,0x0862,
  0x0862,0x0862,0x0862,0x0862,0x0862,0x0862,0x0862,0x0862,0x0862,0x0862,0x0862,0x0862,0x2145,0x3a09,0x3a09,0x2987,
  0x10a3,0x10c3,0x10a3,0x10a3,0x10c3,0x10a3,0x1905,0x10a3,0x10a3,0x10a3,0x10a3,0x10a3,0x10a3,0x10a3,0x10a3,0x10a3,
  0x10a3,0x10a3,0x10c3,0x8c92,0xef7e,0x94b3,0x10c3,0x10a3,0x10a3,0x10a3,0x10a3,0x10a3,0x10a3,0x10a3,0x10a3,0x10a3,
  0x10a3,0x10a3,0x10a3,0x18e4,0xb5f8,0xc75f,0x8c92,0x10c3,0x10a3,0x10a3,0x10a3,0x10a3,0x10a3,0x10a3,0x10c3,0x4a8b,
  0x1905,0x10c3,0x1925,0x10a3,0x10a3,0x10c3,0x10e4,0x8452,0xc63a,0xc63a,0x6b6e,0x10a3,0x0862,0x0862,0x0862,0x0862,
  0x0862,0x0862,0x0862,0x0862,0x0862,0x0862,0x0862,0x0862,0x0862,0x0862,0x0862,0x0862,0x0862,0x0862,0x0862,0x0862,
  0x0862,0x0862,0x0862,0x0862,0x0862,0x0862,0x0862,0x0862,0x0862,0x0862,0x0862,0x2125,0x3a09,0x3a09,0x2966,0x10a3,
  0x10e4,0x10a3,0x10a3,0x10a3,0x2125,0x10a3,0x10a3,0x10a3,0x10a3,0x10a3,0x10a3,0x10a3,0x10a3,0x10a3,0x10a3,0x10a3,
  0x10a3,0x10a3,0x10a3,0x2125,0x2125,0x10c3,0x10a3,0x10a3,0x10a3,0x10a3,0x10a3,0x10a3,0x10a3,0x10a3,0x10a3,0x10a3,
  0x10a3,0x10a3,0x10a3,0x2125,0xbdf8,0xe75d,0x39e8,0x10a3,0x10a3,0x10a3,0x10a3,0x10a3,0x10a3,0x10a3,0x18e4,0x31c8,
  0x10a3,0x10c3,0x10a3,0x10a3,0x18e4,0x10a3,0x18e4,0x10c4,0x7c11,0xbe19,0xbdf9,0x6b6e,0x0882,0x0862,0x0862,0x0862,
  0x0862,0x0862,0x0862,0x0862,0x0862,0x0862,0x0862,0x0862,0x0862,0x0862,0x0862,0x0862,0x0862,0x0862,0x0862,0x0862,
  0x0862,0x0862,0x0862,0x0862,0x0862,0x0862,0x0862,0x0862,0x0862,0x0862,0x1904,0x31e8,0x3a09,0x2987,0x10c3,0x10c3,
  0x10a3,0x10c3,0x1925,0x10c4,0x10a3,0x10a3,0x10a3,0x10a3,0x10a3,0x10a3,0x10a3,0x10a3,0x10a3,0x10a3,0x10a3,0x10a3,
  0x10a3,0x10a3,0x10a3,0x10a3,0x10a3,0x10a3,0x10a3,0x10a3,0x10a3,0x10a3,0x10a3,0x10a3,0x10a3,0x10a3,0x10a3,0x10a3,
  0x10a3,0x10a3,0x10a3,0x10a3,0x18e4,0x31c7,0x10a3,0x10a3,0x10a3,0x10a3,0x10a3,0x10a3,0x10a3,0x10a3,0x10a3,0x10a3,
  0x10a3,0x10a3,0x10a3,0x1904,0x10a3,0x10c3,0x10a3,0x10c3,0x2125,0x94b3,0xbdf9,0xb5b8,0x5aec,0x0862,0x0862,0x0862,
  0x0862,0x0862,0x0862,0x0862,0x0862,0x0862,0x0862,0x0862,0x0862,0x0862,0x0862,0x0862,0x0862,0x0862,0x0862,0x0862,
  0x0862,0x0862,0x0862,0x0862,0x0862,0x0862,0x0862,0x0862,0x0862,0x10c3,0x31e8,0x3a09,0x29a7,0x10a3,0x10c3,0x10a3,
  0x18e4,0x8c92,0x8c92,0x18e4,0x10a3,0x10a3,0x10a3,0x10a3,0x10a3,0x10a3,0x10a3,0x10a3,0x10a3,0x10a3,0x10a3,0x10a3,
  0x10a3,0x10a3,0x10a3,0x10a3,0x18e4,0x18e4,0x2125,0x2986,0x10a3,0x10a3,0x10a3,0x10a3,0x10a3,0x10a3,0x10a3,0x10a3,
  0x10a3,0x2986,0x2125,0x1904,0x31c7,0x10a3,0x10a3,0x10a3,0x10a3,0x10a3,0x10a3,0x10a3,0x10a3,0x10a3,0x10a3,0x10a3,
  0x10a3,0x10a3,0x10a3,0x10a3,0x10c3,0x1904,0x10a3,0x10a3,0x10c3,0x18e4,0x94b3,0xb5d8,0xb5b7,0x39e8,0x0862,0x0862,
  0x0862,0x0862,0x0862,0x0862,0x0862,0x0862,0x0862,0x0862,0x0862,0x0862,0x0862,0x0862,0x0862,0x0862,0x0862,0x0862,
  0x0862,0x0862,0x0862,0x0862,0x0862,0x0862,0x0862,0x0862,0x0882,0x31a8,0x3a09,0x31c8,0x10a3,0x10c4,0x10a3,0x10a3,
  0x5b2c,0xd75e,0xb73f,0x8c92,0x18e4,0x10a3,0x10a3,0x10a3,0x10a3,0x10a3,0x10a3,0x10a3,0x10a3,0x10a3,0x10a3,0x10a3,
  0x10a3,0x10a3,0x10a3,0x10a3,0xa535,0xa555,0xad76,0x8451,0x10a3,0x10a3,0x10a3,0x10a3,0x10a3,0x10a3,0x10a3,0x10a3,
  0x10a3,0x73af,0x9d14,0x31c7,0x9d14,0x2986,0x10a3,0x10a3,0x10a3,0x10a3,0x10a3,0x10a3,0x10a3,0x10a3,0x10a3,0x10a3,
  0x10a3,0x10a3,0x10a3,0x10a3,0x10a3,0x10a3,0x18e4,0x18e4,0x10a3,0x10c4,0x2125,0xa556,0xb5d8,0x9d15,0x10c3,0x0862,
  0x0862,0x0862,0x0862,0x0862,0x0862,0x0862,0x0862,0x0862,0x0862,0x0862,0x0862,0x0862,0x0862,0x0862,0x0862,0x0862,
  0x0862,0x0862,0x0862,0x0862,0x0862,0x0862,0x0862,0x0862,0x2166,0x3a09,0x31e9,0x1904,0x10c3,0x10a3,0x10a3,0x10a3,
  0x10c3,0x8c92,0xb73f,0xb73f,0x8451,0x10c3,0x10a3,0x10a3,0x10a3,0x10a3,0x10a3,0x10a3,0x10a3,0x10a3,0x10a3,0x10a3,
  0x10a3,0x10a3,0x10a3,0x10a3,0x5b0c,0x8431,0x7c30,0x39e8,0x10a3,0x10a3,0x10a3,0x10a3,0x10a3,0x10a3,0x10a3,0x10a3,
  0x10a3,0x6b8e,0x5aec,0x8cb2,0xa535,0x2145,0x10a3,0x10a3,0x10a3,0x10a3,0x10a3,0x10a3,0x10a3,0x10a3,0x10a3,0x10a3,
  0x10a3,0x10a3,0x10a3,0x10a3,0x10a3,0x10a3,0x1925,0x52cb,0x10a3,0x10a3,0x10c3,0x4229,0xad97,0xadb7,0x73d0,0x0882,
  0x0862,0x0862,0x0862,0x0862,0x0862,0x0862,0x0862,0x0862,0x0862,0x0862,0x0862,0x0862,0x0862,0x0862,0x0862,0x0862,
  0x0862,0x0862,0x0862,0x0862,0x0862,0x0862,0x0862,0x10e4,0x31e8,0x31e9,0x2146,0x10a3,0x10a3,0x10a3,0x10a3,0x10a3,
  0x10a3,0x10c3,0x8c72,0xaf3f,0xbf3f,0x8451,0x10c3,0x10a3,0x10a3,0x10a3,0x10a3,0x10a3,0x10a3,0x10a3,0x10a3,0x10a3,
  0x10a3,0x10a3,0x10a3,0x10a3,0xa535,0x634d,0x6b8e,0x7c10,0x10a3,0x10a3,0x10a3,0x10a3,0x10a3,0x10a3,0x10a3,0x10a3,
  0x10a3,0x31a7,0x6b6e,0x73af,0x632d,0x10c3,0x10a3,0x10a3,0x10a3,0x10a3,0x10a3,0x10a3,0x10a3,0x10a3,0x10a3,0x10a3,
  0x10a3,0x10a3,0x10a3,0x10a3,0x10a3,0x31c7,0xbe39,0xe77e,0x632d,0x10c3,0x10a3,0x10c3,0x632d,0xad97,0xad77,0x4229,
  0x0862,0x0862,0x0862,0x0862,0x0862,0x0862,0x0862,0x0862,0x0862,0x0862,0x0862,0x0862,0x0862,0x0862,0x0862,0x0862,
  0x0862,0x0862,0x0862,0x0862,0x0862,0x0862,0x0882,0x31e8,0x3a09,0x29a7,0x10a3,0x10a3,0x10a3,0x10a3,0x10a3,0x10a3,
  0x10a3,0x10a3,0x10c3,0x8472,0xb71e,0xb71e,0x8431,0x10c3,0x10a3,0x10a3,0x10a3,0x10a3,0x10a3,0x10a3,0x10a3,0x10a3,
  0x10a3,0x10a3,0x10a3,0x10a3,0x9d14,0xb5d7,0xb5f7,0x634d,0x10a3,0x10a3,0x10a3,0x10a3,0x10a3,0x10a3,0x10a3,0x10a3,
  0x10a3,0x6b8e,0x52ab,0x39e8,0x7c10,0x31a7,0x10a3,0x10a3,0x10a3,0x10a3,0x10a3,0x10a3,0x10a3,0x10a3,0x10a3,0x10a3,
  0x10a3,0x10a3,0x10a3,0x10a3,0x3a08,0xd6fc,0x76bf,0xdf7e,0x5b0c,0x2145,0x10a3,0x10c3,0x18e4,0x8432,0xad77,0x9d35,
  0x2125,0x0862,0x0862,0x0862,0x0862,0x0862,0x0862,0x0862,0x0862,0x0862,0x0862,0x0862,0x0862,0x0862,0x0862,0x0862,
  0x0862,0x0862,0x0862,0x0862,0x0862,0x0862,0x2125,0x3a09,0x31e8,0x18e4,0x10c4,0x10a3,0x10a3,0x10a3,0x10a3,0x10a3,
  0x10a3,0x10a3,0x10a3,0x18e4,0x8451,0xd75e,0xd6bb,0x2125,0x10a3,0x10a3,0x10a3,0x10a3,0x10a3,0x10a3,0x10a3,0x10a3,
  0x10a3,0x10a3,0x10a3,0x10a3,0x1904,0x2966,0x2966,0x10c3,0x10a3,0x10a3,0x10a3,0x10a3,0x10a3,0x10a3,0x10a3,0x10a3,
  0x10a3,0x31c7,0x8471,0x8c72,0x8451,0x1904,0x10a3,0x10a3,0x10a3,0x10a3,0x10a3,0x10a3,0x10a3,0x10a3,0x10a3,0x10a3,
  0x10a3,0x10a3,0x10c3,0x5b2d,0xbebc,0x9eff,0xcedc,0x4a6a,0x18e4,0x10c3,0x10a3,0x10a3,0x10e4,0x31a7,0xa536,0xa556,
  0x5b0d,0x0882,0x0862,0x0862,0x0862,0x0862,0x0862,0x0862,0x0862,0x0862,0x0862,0x0862,0x0862,0x0862,0x0862,0x0862,
  0x0862,0x0862,0x0862,0x0862,0x0862,0x10a3,0x31e8,0x3a09,0x2146,0x10a3,0x10a3,0x10a3,0x10a3,0x10a3,0x10a3,0x10a3,
  0x10a3,0x10a3,0x10a3,0x10a3,0x18e4,0x6b8e,0x31a7,0x10a3,0x10a3,0x10a3,0x10a3,0x10a3,0x10a3,0x10a3,0x10a3,0x10a3,
  0x10a3,0x10a3,0x10a3,0x10a3,0x10a3,0x10a3,0x10a3,0x10a3,0x10a3,0x10a3,0x10a3,0x10a3,0x10a3,0x10a3,0x10a3,0x10a3,
  0x10a3,0x10a3,0x18e4,0x18e4,0x10c3,0x10a3,0x10a3,0x10a3,0x10a3,0x10a3,0x10a3,0x10a3,0x10a3,0x10a3,0x10a3,0x10a3,
  0x10a3,0x10c3,0x73cf,0xc73e,0xa6fe,0xadd7,0x2966,0x10a3,0x10a3,0x10a3,0x1905,0x10c3,0x10a3,0x10c3,0x632d,0xa536,
  0x94f4,0x2986,0x0862,0x0862,0x0862,0x0862,0x0862,0x0862,0x0862,0x0862,0x0862,0x0862,0x0862,0x0862,0x0862,0x0862,
  0x0862,0x0862,0x0862,0x0862,0x0862,0x2966,0x3a09,0x31e8,0x10c3,0x10c3,0x10a3,0x10a3,0x10a3,0x10a3,0x10a3,0x10a3,
  0x10a3,0x10a3,0x10a3,0x10a3,0x10a3,0x10a3,0x10a3,0x10a3,0x10c3,0x10c3,0x10c3,0x10a3,0x10a3,0x10a3,0x10a3,0x10a3,
  0x10a3,0x10a3,0x10a3,0x10a3,0x10a3,0x10a3,0x10a3,0x10a3,0x10a3,0x10a3,0x10a3,0x10a3,0x10a3,0x10a3,0x10a3,0x10a3,
  0x10a3,0x10a3,0x10a3,0x10a3,0x10a3,0x10a3,0x10a3,0x10a3,0x10a3,0x10a3,0x10a3,0x10a3,0x10a3,0x10a3,0x10a3,0x10a3,
  0x10a3,0x2986,0xe75d,0xdf7e,0x94d3,0x1904,0x10a3,0x10a3,0x10a3,0x10a3,0x10a3,0x10a3,0x10a3,0x10c3,0x2125,0x9cf5,
  0x9d15,0x73af,0x0882,0x0862,0x0862,0x0862,0x0862,0x0862,0x0862,0x0862,0x0862,0x0862,0x0862,0x0862,0x0862,0x0862,
  0x0862,0x0862,0x0862,0x0862,0x0882,0x31e8,0x3a09,0x1925,0x10c3,0x10a3,0x10a3,0x10a3,0x10a3,0x10a3,0x10a3,0x10a3,
  0x10a3,0x10a3,0x10a3,0x10a3,0x10a3,0x10a3,0x10a3,0x10a3,0x73af,0x94d3,0x94b3,0x4a6a,0x10a3,0x10a3,0x10a3,0x10a3,
  0x10a3,0x10a3,0x10a3,0x10a3,0x10a3,0x10a3,0x10a3,0x10a3,0x10a3,0x10a3,0x10a3,0x10a3,0x10a3,0x10a3,0x10a3,0x10a3,
  0x10a3,0x10a3,0x10a3,0x10a3,0x10a3,0x10a3,0x10a3,0x10a3,0x10a3,0x10a3,0x10a3,0x10a3,0x10c3,0x5aec,0x2145,0x2125,
  0x39e8,0x10a3,0x52cb,0x632d,0x18e4,0x10a3,0x10a3,0x10a3,0x10a3,0x10a3,0x10c3,0x1925,0x10a3,0x10a3,0x10c3,0x4a8a,
  0x9cf5,0x8cb3,0x1904,0x0862,0x0862,0x0862,0x0862,0x0862,0x0862,0x0862,0x0862,0x0862,0x0862,0x0862,0x0862,0x0862,
  0x0862,0x0862,0x0862,0x0862,0x2166,0x3a09,0x31c8,0x10a3,0x10c3,0x10a3,0x10a3,0x10a3,0x10a3,0x10a3,0x10a3,0x10a3,
  0x10a3,0x10a3,0x10a3,0x10a3,0x10a3,0x10a3,0x10a3,0x10a3,0x9d14,0x4a8a,0x52cb,0x8431,0x10a3,0x10a3,0x10a3,0x10a3,
  0x10a3,0x10a3,0x10a3,0x10a3,0x10a3,0x10a3,0x10a3,0x10a3,0x10a3,0x10a3,0x10a3,0x10a3,0x10a3,0x10a3,0x10a3,0x10a3,
  0x10a3,0x10a3,0x10a3,0x10a3,0x10a3,0x10a3,0x10a3,0x10a3,0x10a3,0x10a3,0x10a3,0x10a3,0x31a7,0x94b3,0x5b0c,0x8cb2,
  0x6b8e,0x10a3,0x10a3,0x10a3,0x10a3,0x10a3,0x10a3,0x10a3,0x10a3,0x10a3,0x10a3,0x10a3,0x10c3,0x10c3,0x10c3,0x10c4,
  0x8452,0x94f4,0x6b6e,0x0862,0x0862,0x0862,0x0862,0x0862,0x0862,0x0862,0x0862,0x0862,0x0862,0x0862,0x0862,0x0862,
  0x0862,0x0862,0x0862,0x10a3,0x31e8,0x3a09,0x2146,0x10a3,0x10a3,0x10a3,0x10a3,0x10a3,0x10a3,0x10a3,0x10a3,0x10a3,
  0x10a3,0x10a3,0x10a3,0x10a3,0x10a3,0x10a3,0x10a3,0x10a3,0x632d,0x94d3,0x94d3,0x31c7,0x10a3,0x10a3,0x10a3,0x10a3,
  0x10a3,0x10a3,0x10a3,0x10a3,0x10a3,0x10a3,0x10a3,0x10a3,0x10a3,0x10a3,0x10a3,0x10a3,0x10a3,0x10a3,0x10a3,0x10a3,
  0x10a3,0x10a3,0x10a3,0x10a3,0x10a3,0x10a3,0x10a3,0x10a3,0x10a3,0x10a3,0x10a3,0x10a3,0x18e4,0x9d14,0x9d14,0x5aec,
  0x632d,0x10a3,0x10a3,0x10a3,0x10a3,0x10a3,0x10a3,0x10a3,0x10a3,0x10a3,0x10a3,0x10e4,0x1905,0x10a3,0x10a3,0x10a3,
  0x5aec,0x94d4,0x8c93,0x2125,0x0862,0x0862,0x0862,0x0862,0x0862,0x0862,0x0862,0x0862,0x0862,0x0862,0x0862,0x0862,
  0x0862,0x0862,0x0862,0x1925,0x3a09,0x31e8,0x10c3,0x10c4,0x10a3,0x10a3,0x10a3,0x10a3,0x10a3,0x10a3,0x10a3,0x10a3,
  0x10a3,0x10a3,0x10a3,0x10a3,0x10a3,0x10a3,0x10a3,0x10a3,0x10c3,0x10c3,0x10c3,0x10a3,0x10a3,0x10a3,0x10a3,0x10a3,
  0x10a3,0x10a3,0x10a3,0x10a3,0x10a3,0x10a3,0x10a3,0x10a3,0x10a3,0x10a3,0x10a3,0x10a3,0x10a3,0x10a3,0x10a3,0x10a3,
  0x10a3,0x10a3,0x10a3,0x10a3,0x10a3,0x10a3,0x10a3,0x10a3,0x10a3,0x10a3,0x10a3,0x10a3,0x1904,0x8451,0x94d3,0x8c92,
  0x31c7,0x10a3,0x10a3,0x10a3,0x10a3,0x10a3,0x10a3,0x10a3,0x10a3,0x10a3,0x10a3,0x10a3,0x10e4,0x3a29,0x2166,0x10c4,
  0x2125,0x8472,0x8cb3,0x4a6a,0x0862,0x0862,0x0862,0x0862,0x0862,0x0862,0x0862,0x0862,0x0862,0x0862,0x0862,0x0862,
  0x0862,0x0862,0x0862,0x29a7,0x3a09,0x2966,0x10a3,0x10a3,0x10a3,0x10a3,0x10a3,0x10a3,0x10a3,0x10a3,0x10a3,0x10a3,
  0x10a3,0x10a3,0x10a3,0x10a3,0x10a3,0x10a3,0x10a3,0x10a3,0x10a3,0x10a3,0x10a3,0x10a3,0x10a3,0x10a3,0x10a3,0x10a3,
  0x10a3,0x10a3,0x10a3,0x10a3,0x10a3,0x10a3,0x10a3,0x10a3,0x10a3,0x10a3,0x10a3,0x10a3,0x10a3,0x10a3,0x10a3,0x10a3,
  0x10a3,0x10a3,0x10a3,0x10a3,0x10a3,0x10a3,0x10a3,0x10a3,0x10a3,0x10a3,0x10a3,0x10a3,0x2986,0x8c92,0x52cb,0x634d,
  0x6b6e,0x10a3,0x10a3,0x10a3,0x10a3,0x10a3,0x10a3,0x10a3,0x10a3,0x10a3,0x10e4,0x2a09,0x430d,0x3209,0x10c3,0x10a3,
  0x10c3,0x5b0d,0x8c93,0x73d0,0x0882,0x0862,0x0862,0x0862,0x0862,0x0862,0x0862,0x0862,0x0862,0x0862,0x0862,0x0862,
  0x0862,0x0862,0x10c3,0x31e8,0x39e9,0x1904,0x10c3,0x10a3,0x10a3,0x10a3,0x10a3,0x10a3,0x10a3,0x10a3,0x10a3,0x10a3,
  0x10a3,0x10a3,0x10a3,0x10a3,0x10a3,0x10a3,0x10a3,0x10a3,0x10a3,0x10a3,0x10a3,0x10a3,0x10a3,0x10a3,0x10a3,0x10a3,
  0x10a3,0x10a3,0x10a3,0x10a3,0x10a3,0x10a3,0x10a3,0x10a3,0x10a3,0x10a3,0x10a3,0x10a3,0x10a3,0x10a3,0x10a3,0x10a3,
  0x10a3,0x10a3,0x10a3,0x10a3,0x10a3,0x10a3,0x10a3,0x10a3,0x10a3,0x10a3,0x10a3,0x10a3,0x10c3,0x7c10,0x9d14,0x94b3,
  0x2125,0x10a3,0x10a3,0x10a3,0x10a3,0x10a3,0x10a3,0x10c3,0x10c3,0x126c,0x126c,0x10e4,0x10c3,0x10a3,0x18e4,0x10a3,
  0x10c3,0x31c8,0x8c73,0x8c73,0x2146,0x0862,0x0862,0x0862,0x0862,0x0862,0x0862,0x0862,0x0862,0x0862,0x0862,0x0862,
  0x0862,0x0862,0x2146,0x3a09,0x31e9,0x10c3,0x10c3,0x10a3,0x10a3,0x10a3,0x10a3,0x10a3,0x10a3,0x10a3,0x10a3,0x10a3,
  0x10a3,0x10a3,0x10a3,0x10a3,0x0882,0x0882,0x0882,0x0882,0x0882,0x0882,0x0882,0x0882,0x0882,0x0882,0x0882,0x0882,
  0x0882,0x10a3,0x10a3,0x10a3,0x10a3,0x10a3,0x10a3,0x10a3,0x10a3,0x10a3,0x10a3,0x10a3,0x10a3,0x10a3,0x10a3,0x10a3,
  0x10a3,0x10a3,0x10a3,0x10a3,0x10a3,0x10a3,0x10a3,0x10a3,0x10a3,0x10a3,0x10a3,0x10a3,0x10a3,0x10a3,0x10a3,0x10a3,
  0x10a3,0x10a3,0x10a3,0x10a3,0x10a3,0x10c3,0x11c9,0x1350,0x124b,0x1125,0x10a3,0x10a3,0x10a3,0x10e4,0x10c4,0x10a3,
  0x10c3,0x1905,0x8432,0x8472,0x52ab,0x0862,0x0862,0x0862,0x0862,0x0862,0x0862,0x0862,0x0862,0x0862,0x0862,0x0862,
  0x0862,0x0862,0x31a7,0x3a29,0x29a7,0x10a3,0x10a3,0x10a3,0x10a3,0x10a3,0x10a3,0x10a3,0x10a3,0x10a3,0x10a3,0x10a3,
  0x10a3,0x10a3,0x10a3,0x0862,0x0862,0x0862,0x0862,0x0862,0x0862,0x0862,0x0862,0x0862,0x0862,0x0862,0x0862,0x0862,
  0x0862,0x0882,0x10a3,0x10a3,0x10a3,0x10a3,0x10a3,0x10a3,0x10a3,0x10a3,0x10a3,0x10a3,0x10a3,0x10a3,0x10a3,0x10a3,
  0x10a3,0x10a3,0x10a3,0x10a3,0x10a3,0x10a3,0x10a3,0x10a3,0x10a3,0x10a3,0x10a3,0x10a3,0x10a3,0x10a3,0x10a3,0x10a3,
  0x10a3,0x10a3,0x10a3,0x1146,0x12ad,0x1bb3,0x12ce,0x10c4,0x10a3,0x10a3,0x10a3,0x10a3,0x10a3,0x10a3,0x1904,0x18e4,
  0x10a3,0x10e4,0x5b0d,0x8452,0x636e,0x0882,0x0862,0x0862,0x0862,0x0862,0x0862,0x0862,0x0862,0x0862,0x0862,0x0862,
  0x0862,0x0882,0x3a09,0x3a29,0x1905,0x10c3,0x10a3,0x10a3,0x10a3,0x10a3,0x10a3,0x10a3,0x10a3,0x10a3,0x10a3,0x10a3,
  0x10a3,0x10a3,0x10a3,0x0862,0x0862,0x0862,0x0862,0x0862,0x0862,0x0862,0x0862,0x0862,0x0862,0x0862,0x0862,0x0862,
  0x0862,0x0862,0x10c3,0x10a3,0x10a3,0x10a3,0x10a3,0x10a3,0x10a3,0x10a3,0x10a3,0x10a3,0x10a3,0x10a3,0x10a3,0x10a3,
  0x10a3,0x10a3,0x10a3,0x10a3,0x10a3,0x10a3,0x10a3,0x10a3,0x10a3,0x10a3,0x10a3,0x10a3,0x10a3,0x10a3,0x10a3,0x10a3,
  0x10c3,0x1167,0x1c14,0x1d5b,0x120a,0x10c3,0x10a3,0x10a3,0x10a3,0x10a3,0x10a3,0x10a3,0x10a3,0x10a3,0x10a3,0x10a3,
  0x10a3,0x10c4,0x2987,0x8452,0x73f0,0x0882,0x0862,0x0862,0x0862,0x0862,0x0862,0x0862,0x0862,0x0862,0x0862,0x0862,
  0x0862,0x10c4,0x424a,0x3a29,0x10c3,0x10c3,0x10a3,0x10a3,0x10a3,0x10a3,0x10a3,0x10a3,0x10a3,0x10a3,0x10a3,0x10a3,
  0x10a3,0x10a3,0x10a3,0x0862,0x0862,0x0862,0x0862,0x0862,0x0862,0x0862,0x0862,0x0862,0x0862,0x0862,0x0862,0x0862,
  0x0862,0x0862,0x10e4,0x10a3,0x10a3,0x10a3,0x10a3,0x10a3,0x10a3,0x10a3,0x10a3,0x10a3,0x10a3,0x10a3,0x10a3,0x10a3,
  0x10a3,0x10a3,0x10a3,0x10a3,0x4aab,0x3a29,0x424a,0x10a3,0x10a3,0x10a3,0x10a3,0x10a3,0x10a3,0x10c3,0x1126,0x130f,
  0x1c97,0x1c35,0x124b,0x10e4,0x10a3,0x10a3,0x10a3,0x10a3,0x10a3,0x10a3,0x10a3,0x10a3,0x10a3,0x10a3,0x10c3,0x2145,
  0x10c3,0x10c3,0x10c4,0x7bf1,0x7c11,0x2125,0x0862,0x0862,0x0862,0x0862,0x0862,0x0862,0x0862,0x0862,0x0862,0x0862,
  0x0862,0x2987,0x426a,0x3a09,0x10a3,0x10a3,0x10a3,0x10a3,0x10a3,0x10a3,0x10a3,0x10a3,0x10a3,0x10a3,0x10a3,0x10a3,
  0x10a3,0x10a3,0x10a3,0x0862,0x0862,0x0862,0x10c3,0x2145,0x10a3,0x0862,0x0862,0x0862,0x0862,0x0862,0x10a3,0x10a3,
  0x0862,0x0862,0x10e4,0x10a3,0x10a3,0x10a3,0x10a3,0x10a3,0x10a3,0x10a3,0x10a3,0x10a3,0x10a3,0x10a3,0x10a3,0x10a3,
  0x10a3,0x10a3,0x10a3,0x10c3,0x52ec,0x3a09,0x424a,0x10a3,0x10a3,0x10a3,0x10a3,0x10e4,0x11e9,0x1b71,0x1d1a,0x1c76,
  0x126c,0x10e4,0x10a3,0x10a3,0x10a3,0x10a3,0x10a3,0x10a3,0x10a3,0x10a3,0x10a3,0x10a3,0x10a3,0x10a3,0x10c3,0x10a3,
  0x10a3,0x10a3,0x10c3,0x636e,0x7c11,0x424a,0x0862,0x0862,0x0862,0x0862,0x0862,0x0862,0x0862,0x0862,0x0862,0x0862,
  0x0862,0x424a,0x4a8b,0x31e8,0x10a3,0x10a3,0x10a3,0x10a3,0x10a3,0x10a3,0x10a3,0x10a3,0x10a3,0x10a3,0x10a3,0x10a3,
  0x10a3,0x10a3,0x10a3,0x0862,0x0882,0x31c7,0xc659,0xe73d,0x52ab,0x0862,0x0862,0x0862,0x0862,0x0862,0xce7a,0xce7a,
  0x2986,0x0862,0x10e4,0x10a3,0x10a3,0x10a3,0x10a3,0x10a3,0x10a3,0x10a3,0x10a3,0x10a3,0x10a3,0x10a3,0x10a3,0x10a3,
  0x10a3,0x10a3,0x10a3,0x10a3,0x10c3,0x10c3,0x10c3,0x10a3,0x10c3,0x10e4,0x122b,0x1d1a,0x1ddd,0x1cf9,0x11a8,0x10c4,
  0x10a3,0x10a3,0x10a3,0x10a3,0x10a3,0x10a3,0x10a3,0x10a3,0x10a3,0x10a3,0x10a3,0x10a3,0x10a3,0x10a3,0x10a3,0x10c3,
  0x1904,0x10a3,0x10c3,0x52cc,0x73f1,0x634e,0x0882,0x0862,0x0862,0x0862,0x0862,0x0862,0x0862,0x0862,0x0862,0x0862,
  0x0882,0x4a8b,0x4a8b,0x29a7,0x10c3,0x10a3,0x10a3,0x10a3,0x10a3,0x10a3,0x10a3,0x10a3,0x10a3,0x10a3,0x10a3,0x10a3,
  0x10a3,0x10a3,0x10a3,0x0862,0x31a7,0xd6db,0xf7df,0xf7bf,0x52cb,0x0882,0x10a3,0x4249,0x0882,0x0882,0xef9e,0xef9e,
  0x39e8,0x0862,0x10e4,0x10a3,0x10a3,0x10a3,0x10a3,0x10a3,0x10a3,0x10a3,0x10a3,0x10a3,0x10a3,0x10a3,0x10a3,0x10a3,
  0x10a3,0x10a3,0x10a3,0x10a3,0x426a,0x4acc,0x426a,0x11a8,0x1bd3,0x1d5b,0x261e,0x1c35,0x11e9,0x10a3,0x10a3,0x10a3,
  0x10a3,0x10a3,0x10a3,0x10a3,0x10a3,0x10a3,0x10a3,0x10a3,0x10a3,0x10a3,0x10a3,0x10a3,0x10a3,0x10c3,0x18e4,0x3a08,
  0x1925,0x10a3,0x10c4,0x4a6a,0x73d0,0x6b8f,0x10a3,0x0862,0x0862,0x0862,0x18e4,0x424a,0x18e4,0x0862,0x0862,0x0862,
  0x10c3,0x4aab,0x4aab,0x2966,0x10e4,0x10a3,0x10a3,0x10a3,0x10a3,0x10a3,0x10a3,0x10a3,0x10a3,0x10a3,0x10a3,0x10a3,
  0x10a3,0x10a3,0x10a3,0x0862,0x8c72,0xf7bf,0xef7e,0x9d14,0x31a7,0x0882,0x8c92,0xe75d,0x73cf,0x10a3,0xef9e,0xef9e,
  0x39e8,0x0862,0x10e4,0x10a3,0x10a3,0x10a3,0x10a3,0x10a3,0x10a3,0x10a3,0x10a3,0x10a3,0x10a3,0x10a3,0x10a3,0x10a3,
  0x10a3,0x10a3,0x10a3,0x10c3,0x536f,0x22ee,0x1cb8,0x261f,0x1dbc,0x1c14,0x1188,0x10a3,0x10a3,0x10a3,0x10a3,0x10a3,
  0x10a3,0x10a3,0x10a3,0xad96,0x73cf,0x39e8,0x10a3,0x10a3,0x1904,0x4a8a,0x632d,0x8451,0xa556,0xb65a,0xc73e,0xe79e,
  0x52ab,0x10a3,0x18e4,0x31c8,0x73d0,0x6b8f,0x10c4,0x0862,0x0862,0x0862,0x18e4,0x424a,0x18e4,0x0862,0x0862,0x0862,
  0x18e4,0x52cc,0x52ac,0x2125,0x10e4,0x10a3,0x10a3,0x10a3,0x10a3,0x10a3,0x10a3,0x10a3,0x52ec,0x530d,0x3a29,0x10a3,
  0x10a3,0x10a3,0x10a3,0x0862,0xa535,0xf7bf,0x8451,0x0882,0x0862,0x0882,0xa555,0xf7df,0xef9e,0x7bf0,0xf7bf,0xef9e,
  0x39e8,0x0862,0x10e4,0x10a3,0x10a3,0x10a3,0x10a3,0x10a3,0x10a3,0x10a3,0x10a3,0x10a3,0x10a3,0x10a3,0x10a3,0x10a3,
  0x10a3,0x10c3,0x1146,0x1bd3,0x25fe,0x261e,0x25de,0x1bf4,0x1126,0x10c3,0x10a3,0x10a3,0x10a3,0x10a3,0x10a3,0x10a3,
  0x10a3,0x10a3,0x39e8,0xc639,0x52cb,0x6b6e,0x10a3,0x10a3,0x3a08,0xe75d,0xa71f,0x76bf,0x86df,0xa71f,0xc75f,0xef7e,
  0x5b0c,0x10a3,0x18e4,0x2966,0x6baf,0x6b8f,0x1904,0x0862,0x0862,0x0862,0x0862,0x0862,0x0862,0x0862,0x0862,0x0862,
  0x1925,0x52cc,0x52cc,0x18e4,0x10c4,0x10a3,0x10a3,0x10a3,0x10a3,0x10a3,0x10a3,0x10a3,0x4aab,0x4aab,0x3a08,0x10a3,
  0x10a3,0x10a3,0x10a3,0x0862,0x94d3,0xf7bf,0xd6db,0x632d,0x4a8a,0x73af,0xdefc,0xf7bf,0xf7bf,0xef9e,0xf7df,0xef9e,
  0x39e8,0x0862,0x10e4,0x10a3,0x10a3,0x10a3,0x10a3,0x10a3,0x10a3,0x10a3,0x18e4,0x18e4,0x10c3,0x10a3,0x10a3,0x1105,
  0x12cd,0x1c97,0x1dbd,0x25fe,0x25dd,0x44d7,0x436f,0x10e4,0x10a3,0x10a3,0x10a3,0x10a3,0x10a3,0x10a3,0x10a3,0x10a3,
  0x10a3,0x10a3,0x4a6a,0xa555,0x634d,0x2145,0x10a3,0x10a3,0x2966,0xc639,0xa576,0x8492,0x6baf,0x52ec,0x4a6a,0x4229,
  0x2987,0x10c4,0x10e4,0x18e4,0x6b8f,0x6b8f,0x2125,0x0862,0x0862,0x0862,0x0862,0x0862,0x0862,0x0862,0x0862,0x0862,
  0x2125,0x52ec,0x52cc,0x10c4,0x10c4,0x10a3,0x10a3,0x10a3,0x10a3,0x10a3,0x10a3,0x10a3,0x31c7,0x2166,0x2145,0x10a3,
  0x10a3,0x10a3,0x10a3,0x0862,0x4a6a,0xe75d,0xf7df,0xf7bf,0xef9e,0xf7bf,0xef9e,0x9d14,0xad76,0xf7bf,0xf7df,0xef9e,
  0x39e8,0x0862,0x10e4,0x10a3,0x10a3,0x10a3,0x10a3,0x10a3,0x10a3,0x39e8,0x73f0,0x8452,0x73af,0x3a6a,0x1b30,0x1d5b,
  0x261e,0x261e,0x1d5b,0x1bb2,0x328b,0x52ec,0x426a,0x10a3,0x10a3,0x10a3,0x10a3,0x10a3,0x10a3,0x10a3,0x10a3,0x10a3,
  0x10a3,0x10a3,0x6b6e,0x94b2,0x94b3,0x8431,0x10c3,0x10a3,0x10a3,0x18e4,0x18e4,0x10c3,0x10a3,0x10a3,0x10a3,0x10c3,
  0x10c3,0x10a3,0x10c4,0x10c3,0x636e,0x636e,0x2145,0x0862,0x0862,0x0862,0x0946,0x13d3,0x0946,0x0862,0x0862,0x0862,
  0x2146,0x5b0d,0x52ec,0x10c3,0x10c4,0x10a3,0x10a3,0x10a3,0x10a3,0x10a3,0x10a3,0x10a3,0x426a,0x5b4e,0x4a8b,0x10a3,
  0x10a3,0x10a3,0x10a3,0x0862,0x0882,0x5b0c,0xe75d,0xef9e,0xef9e,0xef9e,0xad76,0x18e4,0x10a3,0xa535,0xef9e,0xe75d,
  0x31c7,0x0862,0x10e4,0x10a3,0x10a3,0x10a3,0x10a3,0x10a3,0x10c3,0x7c11,0x3a4a,0x3a4a,0x3a4a,0x7473,0x2e1e,0x261f,
  0x1ddd,0x1330,0x1104,0x10c3,0x10c3,0x10c3,0x10c3,0x10a3,0x10a3,0x10a3,0x10a3,0x10a3,0x10a3,0x10a3,0x10a3,0x10a3,
  0x10a3,0x10a3,0x7bf0,0x73af,0x73af,0x8471,0x10c3,0x10a3,0x10a3,0x10a3,0x10a3,0x10a3,0x10a3,0x10a3,0x10a3,0x10a3,
  0x10a3,0x10a3,0x10c4,0x10a3,0x634e,0x634e,0x2146,0x0862,0x0862,0x0862,0x126c,0x261e,0x126c,0x0862,0x0862,0x0862,
  0x2966,0x5b2d,0x5b0d,0x10c3,0x10c3,0x10a3,0x10a3,0x10a3,0x10a3,0x10a3,0x10a3,0x10a3,0x4aab,0x6baf,0x426a,0x10a3,
  0x10a3,0x10a3,0x10a3,0x0862,0x0862,0x0862,0x2125,0x4229,0x4249,0x31a7,0x10a3,0x0862,0x0862,0x10a3,0x3a08,0x3a08,
  0x10c3,0x0862,0x10e4,0x10a3,0x10a3,0x10a3,0x10a3,0x10c3,0x426a,0x5b0d,0x3391,0x259c,0x3370,0x530d,0x5d38,0x12ee,
  0x1125,0x10a3,0x10a3,0x10a3,0x10a3,0x31a7,0x10a3,0x10a3,0x10a3,0x10a3,0x10a3,0x10a3,0x10a3,0x10a3,0x10a3,0x10a3,
  0x10a3,0x10a3,0x2125,0x4249,0x4249,0x2986,0x10a3,0x10a3,0x10a3,0x10a3,0x10a3,0x10a3,0x10a3,0x10a3,0x10a3,0x10c3,
  0x1904,0x10c3,0x10c3,0x10a3,0x634e,0x634e,0x2166,0x0862,0x0862,0x0862,0x128c,0x261f,0x126c,0x0862,0x0862,0x0862,
  0x2966,0x632e,0x5b2d,0x10c3,0x10c3,0x10a3,0x10a3,0x10a3,0x10a3,0x10a3,0x10a3,0x10a3,0x29a7,0x18e4,0x10a3,0x10a3,
  0x10a3,0x10a3,0x10a3,0x0862,0x0862,0x0862,0x0862,0x0882,0x0862,0x10a3,0x10a3,0x10a3,0x10a3,0x10a3,0x10c3,0x10a3,
  0x0862,0x0862,0x10e4,0x10a3,0x10a3,0x10a3,0x1125,0x1aad,0x4cd7,0x5b0d,0x3391,0x259c,0x3371,0x52ed,0x52cc,0x10a3,
  0x10a3,0x10a3,0x10a3,0x10a3,0x10a3,0x2145,0x10a3,0x10a3,0x10a3,0x10a3,0x10a3,0x10a3,0x10a3,0x10a3,0x10a3,0x10a3,
  0x10a3,0x10a3,0x10a3,0x10a3,0x10a3,0x10a3,0x10a3,0x10a3,0x10a3,0x10a3,0x10a3,0x10a3,0x10a3,0x10a3,0x10a3,0x10c3,
  0x1904,0x10c3,0x10c3,0x10a3,0x5b2d,0x5b2e,0x2146,0x0862,0x0862,0x0862,0x128c,0x261f,0x126c,0x0862,0x0862,0x0862,
  0x2966,0x634e,0x632e,0x10c4,0x10c4,0x10a3,0x10a3,0x10a3,0x10a3,0x10a3,0x10a3,0x10a3,0x2966,0x5b2d,0x3a08,0x10a3,
  0x10a3,0x10a3,0x10a3,0x0862,0x0862,0x2145,0xa535,0xad96,0x2125,0xd6db,0xdf1c,0xdf1c,0xdf1c,0xdf1c,0xdf1c,0xd6db,
  0x31a7,0x0862,0x10e4,0x10a3,0x10c4,0x130f,0x1dbd,0x261e,0x261e,0x7c93,0x3a4a,0x3a4a,0x3a4a,0x73d0,0x18e4,0x10a3,
  0x10a3,0x10a3,0x10a3,0x10a3,0x2145,0x2166,0x2145,0x10a3,0x10a3,0x10a3,0x10a3,0x10a3,0x10a3,0x10a3,0x10a3,0x10a3,
  0x10a3,0x10a3,0x10a3,0x10a3,0x10a3,0x10a3,0x10a3,0x10a3,0x10a3,0x10a3,0x10a3,0x10a3,0x10a3,0x10a3,0x10a3,0x10a3,
  0x10a3,0x10a3,0x10c4,0x10a3,0x5b0d,0x5b0d,0x2125,0x0862,0x0862,0x0862,0x126c,0x261e,0x126c,0x0862,0x0862,0x0862,
  0x2146,0x636e,0x634e,0x18e4,0x10c4,0x10a3,0x10a3,0x10a3,0x10a3,0x10a3,0x10a3,0x10a3,0x29a7,0x31c7,0x2986,0x10a3,
  0x10a3,0x10a3,0x10a3,0x0862,0x2966,0xce7a,0xf7be,0xc639,0x2145,0xef7e,0xf7df,0xf7df,0xf7df,0xf7df,0xf7df,0xef9e,
  0x39e8,0x0862,0x10e4,0x0882,0x0967,0x1ddd,0x25fe,0x1d1a,0x12ee,0x3a4a,0x73f0,0x8452,0x73af,0x39e8,0x10a3,0x10a3,
  0x10a3,0x10a3,0x10a3,0x10a3,0x3a09,0x5b2e,0x4a8b,0x10a3,0x10a3,0x10a3,0x10a3,0x10a3,0x10a3,0x10a3,0x10a3,0x10a3,
  0x10a3,0x10a3,0x10a3,0x10a3,0x10a3,0x10a3,0x10a3,0x10a3,0x10a3,0x10a3,0x10a3,0x10a3,0x10a3,0x10a3,0x10a3,0x10c3,
  0x10c3,0x10a3,0x10c4,0x10c3,0x52ed,0x5aed,0x1925,0x0862,0x0862,0x0862,0x0946,0x13d3,0x0946,0x0862,0x0862,0x0862,
  0x2145,0x6b6f,0x636e,0x1904,0x10c4,0x10a3,0x10a3,0x10a3,0x10a3,0x10a3,0x10a3,0x10a3,0x424a,0x5b4e,0x31a7,0x10a3,
  0x10a3,0x10a3,0x10a3,0x0862,0x8431,0xf7bf,0xef7e,0x94b3,0x1904,0xce9a,0xf7bf,0xdefc,0xad96,0xad96,0xf7bf,0xef9e,
  0x39e8,0x0862,0x10e4,0x0882,0x0882,0x1c35,0x128d,0x10e4,0x10a3,0x10a3,0x18e4,0x18e4,0x10c3,0x10a3,0x10a3,0x10a3,
  0x10a3,0x10a3,0x10a3,0x10a3,0x3a09,0x31e8,0x3a08,0x10a3,0x10a3,0x10a3,0x10a3,0x10a3,0x10a3,0x10a3,0x10a3,0x10a3,
  0x10a3,0x10a3,0x10a3,0x10a3,0x10a3,0x10a3,0x10a3,0x10a3,0x10a3,0x10a3,0x10a3,0x10a3,0x10a3,0x10a3,0x10a3,0x10c3,
  0x1925,0x10c4,0x10e4,0x10e4,0x52ec,0x52cc,0x1904,0x0862,0x0862,0x0862,0x0862,0x0862,0x0862,0x0862,0x0862,0x0862,
  0x2125,0x6b8f,0x6b8f,0x2966,0x10e4,0x10a3,0x10a3,0x10a3,0x10a3,0x10a3,0x10a3,0x10a3,0x4a8b,0x4aab,0x31e8,0x10a3,
  0x10a3,0x10a3,0x10a3,0x0862,0xa535,0xf7bf,0x94b3,0x10a3,0x0862,0x2966,0xef9e,0xc639,0x10a3,0x10a3,0xef9e,0xef9e,
  0x39e8,0x0862,0x10e4,0x10a3,0x0882,0x10a3,0x10a3,0x10a3,0x10a3,0x10a3,0x10a3,0x10a3,0x10a3,0x10a3,0x10a3,0x10a3,
  0x10a3,0x10a3,0x10a3,0x10a3,0x18e4,0x2966,0x1905,0x10a3,0x10a3,0x10a3,0x10a3,0x10a3,0x10a3,0x10a3,0x10a3,0x10a3,
  0x10a3,0x10a3,0x10a3,0x10a3,0x10a3,0x10a3,0x10a3,0x10a3,0x10a3,0x10a3,0x10a3,0x10a3,0x10a3,0x1905,0x3a08,0x2125,
  0x10c3,0x10a3,0x10e4,0x2125,0x52cc,0x52ac,0x18e4,0x0862,0x0862,0x0862,0x0862,0x0862,0x0862,0x0862,0x0862,0x0862,
  0x18e4,0x6b8f,0x6baf,0x31c8,0x10e4,0x10a3,0x10a3,0x10a3,0x10a3,0x10a3,0x10a3,0x10a3,0x10a3,0x10a3,0x10a3,0x10a3,
  0x10a3,0x10a3,0x10a3,0x0862,0x9cf4,0xf7bf,0xce7a,0x4249,0x31c7,0x8c92,0xf7bf,0xc659,0x10a3,0x0882,0xef9e,0xef9e,
  0x39e8,0x0862,0x10e4,0x10a3,0x10a3,0x10a3,0x10a3,0x10a3,0x10a3,0x10a3,0x10a3,0x10a3,0x10a3,0x10a3,0x10a3,0x10a3,
  0x10a3,0x10a3,0x10a3,0x10c3,0x636e,0x31c8,0x4a8b,0x10c3,0x10a3,0x10a3,0x10a3,0x10a3,0x10a3,0x10a3,0x10a3,0x10a3,
  0x10a3,0x10a3,0x10a3,0x10a3,0x10a3,0x10a3,0x10a3,0x10a3,0x10a3,0x10a3,0x10a3,0x10a3,0x10a3,0x10c4,0x2987,0x31e8,
  0x3a29,0x1904,0x10e4,0x2166,0x4aac,0x4a8b,0x10a3,0x0862,0x0862,0x0862,0x18e4,0x424a,0x18e4,0x0862,0x0862,0x0862,
  0x10a3,0x6baf,0x73d0,0x424a,0x10c3,0x10a3,0x10a3,0x10a3,0x10a3,0x10a3,0x10a3,0x10a3,0x10a3,0x10a3,0x10a3,0x10a3,
  0x10a3,0x10a3,0x10a3,0x0862,0x5b0c,0xef9e,0xf7df,0xf7bf,0xf7bf,0xf7df,0xf7df,0xb5b7,0x0882,0x0882,0xef9e,0xef9e,
  0x39e8,0x0862,0x10e4,0x10a3,0x10a3,0x10a3,0x10a3,0x10a3,0x10a3,0x10a3,0x10a3,0x10a3,0x10a3,0x10a3,0x10a3,0x10a3,
  0x10a3,0x10a3,0x10a3,0x10a3,0x29a7,0x4a8b,0x31c8,0x10a3,0x10a3,0x10a3,0x10a3,0x10a3,0x10a3,0x10a3,0x10a3,0x10a3,
  0x10a3,0x10a3,0x10a3,0x10a3,0x10a3,0x10a3,0x10a3,0x10a3,0x10a3,0x10a3,0x10a3,0x10a3,0x10a3,0x10a3,0x10a3,0x1904,
  0x10c3,0x10a3,0x10c4,0x29a7,0x4aab,0x426b,0x0882,0x0862,0x0862,0x0862,0x18e4,0x424a,0x18e4,0x0862,0x0862,0x0862,
  0x0862,0x6b8f,0x73f1,0x52cc,0x10a3,0x10a3,0x10a3,0x10a3,0x10a3,0x10a3,0x10a3,0x10a3,0x10a3,0x10a3,0x10a3,0x10a3,
  0x10a3,0x10a3,0x10a3,0x0862,0x10a3,0x8c72,0xef9e,0xf7df,0xf7df,0xf7bf,0xdefc,0x31c7,0x0862,0x0882,0xe75d,0xe75d,
  0x31c7,0x0862,0x10e4,0x10a3,0x10a3,0x10a3,0x10a3,0x10a3,0x10a3,0x10a3,0x10a3,0x10a3,0x10a3,0x10a3,0x10a3,0x10a3,
  0x10a3,0x10a3,0x10a3,0x10a3,0x2145,0x2986,0x2146,0x10a3,0x10a3,0x10a3,0x10a3,0x10a3,0x10a3,0x10a3,0x10a3,0x10a3,
  0x10c3,0x2145,0x4249,0x4229,0x1904,0x10a3,0x10a3,0x10a3,0x10a3,0x10a3,0x10a3,0x10a3,0x10a3,0x10a3,0x10a3,0x10a3,
  0x1904,0x10a3,0x10a3,0x31c8,0x4a8b,0x3a29,0x0862,0x0862,0x0862,0x0862,0x0862,0x0862,0x0862,0x0862,0x0862,0x0862,
  0x0862,0x4a6a,0x7bf1,0x634e,0x10c3,0x10a3,0x10a3,0x10a3,0x10a3,0x10a3,0x10a3,0x10a3,0x10a3,0x10a3,0x10a3,0x10a3,
  0x10a3,0x10a3,0x10a3,0x0862,0x0862,0x10c3,0x3a08,0x5aec,0x632d,0x4a8a,0x2125,0x0882,0x0862,0x0862,0x39e8,0x39e8,
  0x10a3,0x0862,0x10e4,0x10a3,0x10a3,0x10a3,0x10a3,0x10a3,0x10a3,0x10a3,0x10a3,0x10a3,0x10a3,0x10a3,0x10a3,0x10a3,
  0x10a3,0x10a3,0x10a3,0x10a3,0x3a08,0x636e,0x3a29,0x10a3,0x10a3,0x10a3,0x10a3,0x10a3,0x10a3,0x10a3,0x10a3,0x10a3,
  0x52eb,0x52cb,0x94d3,0x8c72,0x31a7,0x10a3,0x10a3,0x10a3,0x10a3,0x10a3,0x10a3,0x10a3,0x10a3,0x10a3,0x10c3,0x10a3,
  0x10a3,0x10a3,0x10a3,0x3a09,0x426a,0x2986,0x0862,0x0862,0x0862,0x0862,0x0862,0x0862,0x0862,0x0862,0x0862,0x0862,
  0x0862,0x2125,0x7bf1,0x73d0,0x18e4,0x10c3,0x10a3,0x10a3,0x10a3,0x10a3,0x10a3,0x10a3,0x10a3,0x10a3,0x10a3,0x10a3,
  0x10a3,0x10a3,0x10a3,0x0862,0x0862,0x0862,0x0862,0x0862,0x0862,0x0862,0x0862,0x0862,0x0862,0x0862,0x0862,0x0862,
  0x0862,0x0862,0x10e4,0x10a3,0x10a3,0x10a3,0x10a3,0x10a3,0x10a3,0x10a3,0x10a3,0x10a3,0x10a3,0x10a3,0x10a3,0x10a3,
  0x10a3,0x10a3,0x10a3,0x10a3,0x4acc,0x52cc,0x4249,0x10a3,0x10a3,0x10a3,0x10a3,0x10a3,0x10a3,0x10a3,0x10a3,0x10a3,
  0x4229,0x94b3,0x7c10,0x5b0c,0x2986,0x10a3,0x10a3,0x10a3,0x10a3,0x10a3,0x10a3,0x10a3,0x10a3,0x10a3,0x10c3,0x2145,
  0x10c3,0x10c3,0x10a3,0x3a29,0x424a,0x10c3,0x0862,0x0862,0x0862,0x0862,0x0862,0x0862,0x0862,0x0862,0x0862,0x0862,
  0x0862,0x10a3,0x73d0,0x7c31,0x31a7,0x10c3,0x10a3,0x10a3,0x10a3,0x10a3,0x10a3,0x10a3,0x10a3,0x10a3,0x10a3,0x10a3,
  0x10a3,0x10a3,0x10a3,0x0862,0x0862,0x0862,0x0862,0x0862,0x0862,0x0862,0x0862,0x0862,0x0862,0x0862,0x0862,0x0862,
  0x0862,0x0862,0x10c3,0x10a3,0x10a3,0x10a3,0x10a3,0x10a3,0x10a3,0x10a3,0x10a3,0x10a3,0x10a3,0x10a3,0x10a3,0x10a3,
  0x10a3,0x10a3,0x10a3,0x10a3,0x10a3,0x10a3,0x10a3,0x10a3,0x10a3,0x10a3,0x10a3,0x10a3,0x10a3,0x10a3,0x10a3,0x10a3,
  0x1904,0x8c72,0x8c92,0x73af,0x18e4,0x10a3,0x10a3,0x18e4,0x10c3,0x10a3,0x10a3,0x10a3,0x10a3,0x10a3,0x10a3,0x10a3,
  0x10a3,0x10c3,0x1904,0x3a2a,0x3a09,0x0862,0x0862,0x0862,0x0862,0x0862,0x0862,0x0862,0x0862,0x0862,0x0862,0x0862,
  0x0862,0x0882,0x634e,0x8452,0x634e,0x10c3,0x10a3,0x10a3,0x10a3,0x10a3,0x10a3,0x10a3,0x10a3,0x10a3,0x10a3,0x10a3,
  0x10a3,0x10a3,0x10a3,0x0862,0x0862,0x0862,0x0862,0x0862,0x0862,0x0862,0x0862,0x0862,0x0862,0x0862,0x0862,0x0862,
  0x0862,0x0882,0x10a3,0x10a3,0x10a3,0x10a3,0x10a3,0x10a3,0x10a3,0x10a3,0x10a3,0x10a3,0x10a3,0x10a3,0x10a3,0x10a3,
  0x10a3,0x10a3,0x10a3,0x10a3,0x10a3,0x10a3,0x10a3,0x10a3,0x10a3,0x10a3,0x10a3,0x10a3,0x10a3,0x10a3,0x10a3,0x10c3,
  0x634d,0x632d,0x4a6a,0x8c72,0x31a7,0x10a3,0x2125,0xb5b7,0x6b6e,0x18e4,0x10a3,0x10a3,0x10a3,0x10a3,0x1904,0x18e4,
  0x10a3,0x10c3,0x2987,0x3a29,0x31c8,0x0862,0x0862,0x0862,0x0862,0x0862,0x0862,0x0862,0x0862,0x0862,0x0862,0x0862,
  0x0862,0x0862,0x52ab,0x8472,0x8452,0x1904,0x10c3,0x10a3,0x10a3,0x10a3,0x10a3,0x10a3,0x10a3,0x10a3,0x10a3,0x10a3,
  0x10a3,0x10a3,0x10a3,0x10a3,0x0882,0x0882,0x0882,0x0882,0x0882,0x0882,0x0882,0x0882,0x0882,0x0882,0x0882,0x0882,
  0x0882,0x10a3,0x10a3,0x10a3,0x10a3,0x10a3,0x10a3,0x10a3,0x10a3,0x10a3,0x10a3,0x10a3,0x10a3,0x10a3,0x10a3,0x10a3,
  0x10a3,0x10a3,0x10a3,0x10a3,0x10a3,0x10a3,0x10a3,0x10a3,0x10a3,0x10a3,0x10a3,0x10a3,0x10a3,0x10a3,0x10a3,0x10a3,
  0x31a7,0x94d3,0x9cf4,0x8c72,0x1904,0x10c3,0x8c92,0xefbf,0xb75f,0xc6dc,0x7bf0,0x31c7,0x10a3,0x10e4,0x10c4,0x10a3,
  0x10c3,0x10c3,0x31e8,0x3a09,0x2146,0x0862,0x0862,0x0862,0x0862,0x0862,0x0862,0x0862,0x0862,0x0862,0x0862,0x0862,
  0x0862,0x0862,0x2966,0x8452,0x8472,0x31c8,0x10c3,0x10a3,0x10a3,0x10a3,0x10a3,0x10a3,0x10a3,0x10a3,0x10a3,0x10a3,
  0x10a3,0x10a3,0x10a3,0x10a3,0x10a3,0x10a3,0x10a3,0x10a3,0x10a3,0x10a3,0x10a3,0x10a3,0x10a3,0x10a3,0x10a3,0x10a3,
  0x10a3,0x10a3,0x10a3,0x10a3,0x10a3,0x10a3,0x10a3,0x10a3,0x10a3,0x10a3,0x10a3,0x10a3,0x10a3,0x10a3,0x10a3,0x10a3,
  0x10a3,0x10a3,0x10a3,0x10a3,0x10a3,0x10a3,0x10a3,0x10a3,0x10a3,0x10a3,0x10a3,0x10a3,0x10a3,0x10a3,0x10a3,0x10a3,
  0x10a3,0x10c3,0x10c3,0x10c3,0x10a3,0x10a3,0x18e4,0x8451,0xdf5d,0x9f1f,0x96ff,0xdf5e,0xa576,0x31a7,0x18e4,0x10a3,
  0x10c3,0x1904,0x3a09,0x3a09,0x10c3,0x0862,0x0862,0x0862,0x0862,0x0862,0x0862,0x0862,0x0862,0x0862,0x0862,0x0862,
  0x0862,0x0862,0x0883,0x6baf,0x8c93,0x632d,0x10c3,0x10a3,0x10a3,0x10a3,0x10a3,0x10a3,0x10a3,0x10a3,0x10a3,0x10a3,
  0x10a3,0x10a3,0x10a3,0x10a3,0x10a3,0x10a3,0x10a3,0x10a3,0x10a3,0x10a3,0x10a3,0x10a3,0x10a3,0x10a3,0x10a3,0x10a3,
  0x10a3,0x10a3,0x10a3,0x10a3,0x10a3,0x10a3,0x10a3,0x10a3,0x10a3,0x10a3,0x10a3,0x10a3,0x10a3,0x10a3,0x10a3,0x10a3,
  0x10a3,0x10a3,0x10a3,0x10a3,0x10a3,0x10a3,0x10a3,0x10a3,0x10a3,0x10a3,0x10a3,0x10a3,0x10a3,0x10a3,0x10a3,0x10a3,
  0x10a3,0x10a3,0x10a3,0x10a3,0x10a3,0x10a3,0x10a3,0x10c3,0x2986,0x634e,0xb639,0xbf3e,0xbf3e,0x9d14,0x10a3,0x10a3,
  0x10c3,0x2966,0x3a09,0x31a7,0x0862,0x0862,0x0862,0x0862,0x0862,0x0862,0x0862,0x0862,0x0862,0x0862,0x0862,0x0862,
  0x0862,0x0862,0x0862,0x424a,0x8cb3,0x8c93,0x1905,0x10c4,0x10a3,0x10a3,0x10a3,0x10a3,0x10a3,0x10a3,0x10a3,0x10a3,
  0x10a3,0x10a3,0x10a3,0x10a3,0x10a3,0x10a3,0x10a3,0x10a3,0x10a3,0x10a3,0x10a3,0x10a3,0x10a3,0x10a3,0x10a3,0x10a3,
  0x10a3,0x10a3,0x10a3,0x10a3,0x10a3,0x10a3,0x10a3,0x10a3,0x10a3,0x10a3,0x10a3,0x10a3,0x10a3,0x10a3,0x10a3,0x10a3,
  0x10a3,0x10a3,0x10a3,0x10a3,0x10a3,0x10a3,0x10a3,0x10a3,0x10a3,0x10a3,0x10a3,0x10a3,0x10a3,0x10a3,0x10a3,0x10a3,
  0x10a3,0x10a3,0x10a3,0x10a3,0x10a3,0x10a3,0x10a3,0x10a3,0x10a3,0x10a3,0x1904,0x634d,0xadb7,0x52cb,0x10a3,0x10c4,
  0x10c3,0x31e8,0x3a09,0x1925,0x0862,0x0862,0x0862,0x0862,0x0862,0x0862,0x0862,0x0862,0x0862,0x0862,0x0862,0x0862,
  0x0862,0x0862,0x0862,0x2125,0x8c93,0x94d4,0x5aec,0x10c3,0x10a3,0x10a3,0x10a3,0x10a3,0x10a3,0x10a3,0x10a3,0x10a3,
  0x10a3,0x10a3,0x10a3,0x10a3,0x10a3,0x10a3,0x10a3,0x10a3,0x10a3,0x10a3,0x10a3,0x10a3,0x10a3,0x10a3,0x10a3,0x10a3,
  0x10a3,0x10a3,0x10a3,0x10a3,0x10a3,0x10a3,0x10a3,0x10a3,0x10a3,0x10a3,0x10a3,0x10a3,0x10a3,0x10a3,0x10a3,0x10a3,
  0x10a3,0x10a3,0x10a3,0x10a3,0x10a3,0x10a3,0x10a3,0x10a3,0x10a3,0x10a3,0x10a3,0x10a3,0x10a3,0x10a3,0x10a3,0x10a3,
  0x10a3,0x10a3,0x10a3,0x10a3,0x10a3,0x10a3,0x10a3,0x10a3,0x10a3,0x10a3,0x10a3,0x18e4,0x2125,0x10c3,0x10a3,0x10a3,
  0x2166,0x3a09,0x31e8,0x10a3,0x0862,0x0862,0x0862,0x0862,0x0862,0x0862,0x0862,0x0862,0x0862,0x0862,0x0862,0x0862,
  0x0862,0x0862,0x0862,0x0882,0x632d,0x94f5,0x8452,0x10c3,0x10c3,0x10a3,0x10a3,0x10a3,0x10a3,0x10a3,0x10a3,0x10a3,
  0x10a3,0x10a3,0x10a3,0x10a3,0x10a3,0x10a3,0x10a3,0x10a3,0x10a3,0x10a3,0x10a3,0x10a3,0x10a3,0x10a3,0x10a3,0x10a3,
  0x10a3,0x10a3,0x10a3,0x10a3,0x10a3,0x10a3,0x10a3,0x10a3,0x10a3,0x10a3,0x10a3,0x10a3,0x10a3,0x10a3,0x10a3,0x10a3,
  0x10a3,0x10a3,0x10a3,0x10a3,0x10a3,0x10a3,0x10a3,0x10a3,0x2125,0x2986,0x2966,0x10a3,0x10a3,0x10a3,0x10a3,0x10a3,
  0x10a3,0x10a3,0x10a3,0x10a3,0x10a3,0x10a3,0x10a3,0x10a3,0x10a3,0x10a3,0x10a3,0x10a3,0x18e3,0x6a83,0x3143,0x10a3,
  0x31c8,0x3a09,0x2966,0x0862,0x0862,0x0862,0x0862,0x0862,0x0862,0x0862,0x0862,0x0862,0x0862,0x0862,0x0862,0x0862,
  0x0862,0x0862,0x0862,0x0862,0x18e4,0x94b4,0x9d15,0x424a,0x10c4,0x10a3,0x10a3,0x10a3,0x10a3,0x10a3,0x10a3,0x10a3,
  0x10a3,0x10a3,0x10a3,0x10a3,0x10a3,0x10a3,0x10a3,0x10a3,0x10a3,0x10a3,0x10a3,0x10a3,0x10a3,0x10a3,0x10a3,0x10a3,
  0x10a3,0x10a3,0x10a3,0x10a3,0x10a3,0x10a3,0x10a3,0x10a3,0x10a3,0x10a3,0x10a3,0x10a3,0x10a3,0x10a3,0x10a3,0x10a3,
  0x10a3,0x10a3,0x10a3,0x10a3,0x10a3,0x10a3,0x10a3,0x1904,0x94b3,0xa555,0x94d3,0x4a6a,0x10a3,0x10a3,0x10a3,0x10a3,
  0x10a3,0x10a3,0x10a3,0x10a3,0x10a3,0x10a3,0x10a3,0x10a3,0x10a3,0x10a3,0x10c3,0x1925,0x2923,0xcc84,0x2103,0x2125,
  0x3a09,0x31e8,0x0883,0x0862,0x0862,0x0862,0x0862,0x0862,0x0862,0x0862,0x0862,0x0862,0x0862,0x0862,0x0862,0x0862,
  0x0862,0x0862,0x0862,0x0862,0x0882,0x6b8f,0x9d15,0x94f4,0x2145,0x10c3,0x10a3,0x10a3,0x10a3,0x10a3,0x10a3,0x10a3,
  0x10a3,0x10a3,0x10a3,0x10a3,0x10a3,0x10a3,0x10a3,0x10a3,0x10a3,0x10a3,0x10a3,0x10a3,0x10a3,0x18e4,0x8431,0x6b6e,
  0x7bf0,0x1904,0x10a3,0x10a3,0x10a3,0x10a3,0x10a3,0x10a3,0x10a3,0x10a3,0x10a3,0x10a3,0x10a3,0x10a3,0x10a3,0x10a3,
  0x10a3,0x10a3,0x10a3,0x10a3,0x10a3,0x10a3,0x10a3,0x18e4,0x9d14,0xa555,0x73af,0x4a6a,0x10a3,0x10a3,0x10a3,0x10a3,
  0x10a3,0x10a3,0x10a3,0x10a3,0x10a3,0x10a3,0x10a3,0x10a3,0x10a3,0x10a3,0x10a3,0x18c3,0xabc3,0x72a4,0x10c3,0x31e8,
  0x3a09,0x2987,0x0862,0x0862,0x0862,0x0862,0x0862,0x0862,0x0862,0x0862,0x0862,0x0862,0x0862,0x0862,0x0862,0x0862,
  0x0862,0x0862,0x0862,0x0862,0x0862,0x2125,0x94f4,0xa536,0x5b0d,0x10c4,0x10a3,0x10a3,0x10a3,0x10a3,0x10a3,0x10a3,
  0x10a3,0x10a3,0x10a3,0x10a3,0x10a3,0x10a3,0x10a3,0x10a3,0x10a3,0x10a3,0x10a3,0x10a3,0x10a3,0x4249,0x8451,0xa555,
  0x94b3,0x4a8a,0x10a3,0x10a3,0x10a3,0x10a3,0x10a3,0x10a3,0x10a3,0x10a3,0x10a3,0x10a3,0x10a3,0x10a3,0x10a3,0x10a3,
  0x10a3,0x10a3,0x10a3,0x10a3,0x10a3,0x10a3,0x10a3,0x18e4,0x73af,0x8c72,0x7bf0,0x2145,0x10a3,0x10a3,0x10a3,0x10a3,
  0x10a3,0x10a3,0x10a3,0x10a3,0x10a3,0x10a3,0x10a3,0x10a3,0x10a3,0x10a3,0x2125,0x5223,0xcc84,0x2103,0x2166,0x3a09,
  0x31e8,0x10c3,0x0862,0x0862,0x0862,0x0862,0x0862,0x0862,0x0862,0x0862,0x0862,0x0862,0x0862,0x0862,0x0862,0x0862,
  0x0862,0x0862,0x0862,0x0862,0x0862,0x0862,0x52cc,0xa556,0x9d15,0x31a7,0x10c4,0x10a3,0x10a3,0x10a3,0x10a3,0x10a3,
  0x10a3,0x10a3,0x10a3,0x10a3,0x10a3,0x10a3,0x10a3,0x10a3,0x10a3,0x10a3,0x10a3,0x10a3,0x10a3,0x2125,0x8c92,0x8c72,
  0x8c72,0x2966,0x10a3,0x10a3,0x10a3,0x10a3,0x10a3,0x10a3,0x10a3,0x10a3,0x10a3,0x10a3,0x10a3,0x10a3,0x10a3,0x10a3,
  0x10a3,0x10a3,0x10a3,0x10a3,0x10a3,0x10a3,0x10a3,0x1904,0x8451,0x6b8e,0x73af,0x4a8a,0x10a3,0x10a3,0x10a3,0x10a3,
  0x10a3,0x10a3,0x10a3,0x10a3,0x10a3,0x10a3,0x1904,0x10a3,0x10c3,0x10c3,0x2923,0xbc03,0x41a4,0x18e4,0x31e9,0x3a09,
  0x2145,0x0862,0x0862,0x0862,0x0862,0x0862,0x0862,0x0862,0x0862,0x0862,0x0862,0x0862,0x0862,0x0862,0x0862,0x0862,
  0x0862,0x0862,0x0862,0x0862,0x0862,0x0862,0x10c4,0x9d15,0xa576,0x8431,0x10c3,0x10c3,0x10a3,0x10a3,0x10a3,0x10a3,
  0x10a3,0x10a3,0x10a3,0x10a3,0x10a3,0x10a3,0x10a3,0x10a3,0x10a3,0x10a3,0x10a3,0x10a3,0x10a3,0x2966,0xb5d7,0xbdf8,
  0xb5b7,0x2986,0x10a3,0x10a3,0x10a3,0x10a3,0x10a3,0x10a3,0x10a3,0x10a3,0x10a3,0x10c3,0x10c3,0x2966,0x31c7,0x10a3,
  0x10a3,0x10a3,0x10a3,0x10a3,0x10a3,0x10a3,0x10a3,0x18e4,0xa555,0xb5b7,0xb5b7,0x4229,0x10a3,0x10a3,0x10a3,0x10a3,
  0x10a3,0x10a3,0x10a3,0x10a3,0x10a3,0x18e4,0x6bd0,0x2146,0x10a3,0x2145,0xa3a4,0x9364,0x10c3,0x29a7,0x3a09,0x31e8,
  0x0883,0x0862,0x0862,0x0862,0x0862,0x0862,0x0862,0x0862,0x0862,0x0862,0x0862,0x0862,0x0862,0x0862,0x0862,0x0862,
  0x0862,0x0862,0x0862,0x0862,0x0862,0x0862,0x0862,0x39e8,0xa556,0xad77,0x634e,0x10a3,0x10a3,0x10a3,0x10a3,0x10a3,
  0x10a3,0x10a3,0x10a3,0x10a3,0x10a3,0x10a3,0x10a3,0x10a3,0x10a3,0x10a3,0x10a3,0x10a3,0x10a3,0x4a6a,0x8451,0x5b0c,
  0x8431,0x4a8a,0x10a3,0x10a3,0x10a3,0x10a3,0x10a3,0x10a3,0x10a3,0x10a3,0x2145,0x94b3,0x6b6e,0x52cb,0x6bae,0x10a3,
  0x10a3,0x10a3,0x10a3,0x10a3,0x10a3,0x10a3,0x10a3,0x10a3,0x1904,0x2125,0x2125,0x10a3,0x10c3,0x10a3,0x10a3,0x10a3,
  0x10a3,0x10a3,0x10a3,0x10a3,0x10a3,0x10a3,0x18e4,0x52cc,0x3a08,0x6a63,0xabe4,0x2923,0x2146,0x3a09,0x3a09,0x18e4,
  0x0862,0x0862,0x0862,0x0862,0x0862,0x0862,0x0862,0x0862,0x0862,0x0862,0x0862,0x0862,0x0862,0x0862,0x0862,0x0862,
  0x0862,0x0862,0x0862,0x0862,0x0862,0x0862,0x0862,0x0882,0x73af,0xad97,0xad97,0x3a29,0x10c3,0x10a3,0x10a3,0x10a3,
  0x10a3,0x10a3,0x3a08,0x10a3,0x10a3,0x10a3,0x10a3,0x10a3,0x10a3,0x10a3,0x10a3,0x10a3,0x10a3,0x10c3,0x632d,0x6bae,
  0x5b2c,0x18e4,0x10a3,0x10a3,0x10a3,0x10a3,0x10a3,0x10a3,0x10a3,0x10a3,0x10a3,0x2125,0x634d,0x9cf4,0x5b0c,0x10a3,
  0x10a3,0x10a3,0x10a3,0x10a3,0x10a3,0x10a3,0x10a3,0x10a3,0x10a3,0x10a3,0x10a3,0x2986,0xa535,0x8431,0x18e4,0x10a3,
  0x10a3,0x10a3,0x10a3,0x10a3,0x10a3,0x10a3,0x18e4,0x10a3,0x62c7,0xdcc4,0x39a3,0x1904,0x39e9,0x3a09,0x2166,0x0862,
  0x0862,0x0862,0x0862,0x0862,0x0862,0x0862,0x0862,0x0862,0x0862,0x0862,0x0862,0x0862,0x0862,0x0862,0x0862,0x0862,
  0x0862,0x0862,0x0862,0x0862,0x0862,0x0862,0x0862,0x0862,0x10c3,0x94d4,0xb5d8,0xa556,0x1904,0x10e4,0x10a3,0x10a3,
  0x10a3,0x426a,0x426a,0x10a3,0x10a3,0x10a3,0x10a3,0x10a3,0x10a3,0x10a3,0x10a3,0x2145,0x52cb,0x18e4,0x10c3,0x10c3,
  0x10a3,0x10a3,0x10a3,0x10a3,0x10a3,0x10a3,0x10a3,0x10a3,0x10a3,0x10a3,0x2125,0xad96,0xbdf8,0xbdf7,0x4229,0x10a3,
  0x10a3,0x10a3,0x10a3,0x10a3,0x10a3,0x10a3,0x10a3,0x10a3,0x10a3,0x10a3,0x10a3,0x5aec,0xe77e,0xd75e,0x4a8a,0x10a3,
  0x10a3,0x10a3,0x10a3,0x10a3,0x10a3,0x10a3,0x18e4,0x3164,0xd4c4,0x3984,0x18e3,0x31c8,0x3a09,0x31c8,0x0862,0x0862,
  0x0862,0x0862,0x0862,0x0862,0x0862,0x0862,0x0862,0x0862,0x0862,0x0862,0x0862,0x0862,0x0862,0x0862,0x0862,0x0862,
  0x0862,0x0862,0x0862,0x0862,0x0862,0x0862,0x0862,0x0862,0x0862,0x31c7,0xad97,0xbdf9,0x94b3,0x18e4,0x10c3,0x10a3,
  0x31a7,0x3a09,0x10c3,0x10a3,0x10a3,0x10a3,0x10a3,0x10a3,0x10a3,0x10a3,0x10c3,0x73cf,0xe75e,0x94d3,0x10a3,0x10a3,
  0x10a3,0x10a3,0x10a3,0x10a3,0x10a3,0x10a3,0x10a3,0x10a3,0x10a3,0x10a3,0x2986,0x9cf4,0x6b6e,0x73cf,0x634d,0x10a3,
  0x10a3,0x10a3,0x10a3,0x10a3,0x10a3,0x10a3,0x10a3,0x10a3,0x10a3,0x10a3,0x10a3,0x10c3,0x94f4,0x96ff,0xb65a,0x2966,
  0x10a3,0x10a3,0x10a3,0x10a3,0x10c3,0x1904,0x2103,0xc443,0x6263,0x18c3,0x29a7,0x3a09,0x31e8,0x10c4,0x0862,0x0862,
  0x0862,0x0862,0x0862,0x0862,0x0862,0x0862,0x0862,0x0862,0x0862,0x0862,0x0862,0x0862,0x0862,0x0862,0x0862,0x0862,
  0x0862,0x0862,0x0862,0x0862,0x0862,0x0862,0x0862,0x0862,0x0862,0x0882,0x4a8b,0xb5b8,0xbe19,0x8c93,0x2125,0x20e4,
  0xa9e8,0x3904,0x1904,0x10c3,0x10a3,0x10a3,0x10a3,0x10a3,0x10a3,0x10a3,0x31c7,0xc6dc,0xbf3e,0x632d,0x10a3,0x10a3,
  0x10a3,0x10a3,0x10a3,0x10a3,0x10a3,0x10a3,0x10a3,0x10a3,0x10a3,0x10a3,0x10c3,0x5aec,0x73af,0x6b6e,0x1904,0x10a3,
  0x10a3,0x10a3,0x10a3,0x10a3,0x10a3,0x10a3,0x10a3,0x10a3,0x10a3,0x10a3,0x10a3,0x10a3,0x31a7,0xd6fc,0xa71e,0x9514,
  0x10c3,0x10a3,0x10a3,0x1904,0x10c3,0x3983,0xc463,0x72c4,0x18c3,0x29a7,0x3a09,0x31e8,0x1905,0x0862,0x0862,0x0862,
  0x0862,0x0862,0x0862,0x0862,0x0862,0x0862,0x0862,0x0862,0x0862,0x0862,0x0862,0x0862,0x0862,0x0862,0x0862,0x0862,
  0x0862,0x0862,0x0862,0x0862,0x0862,0x0862,0x0862,0x0862,0x0862,0x0862,0x0882,0x632d,0xbe19,0xbe19,0x7c11,0x18e4,
  0x5146,0xd229,0x3104,0x10a3,0x2125,0x10a3,0x10a3,0x10a3,0x10a3,0x10c3,0x9d35,0xaf3f,0xd6fc,0x18e4,0x10a3,0x10a3,
  0x10a3,0x10a3,0x10a3,0x10a3,0x10a3,0x10a3,0x10a3,0x10a3,0x10a3,0x10a3,0x10a3,0x10a3,0x10a3,0x10a3,0x10a3,0x10a3,
  0x10a3,0x10a3,0x10a3,0x10a3,0x10a3,0x10a3,0x10a3,0x10a3,0x10a3,0x10a3,0x10a3,0x10a3,0x10a3,0x4249,0xbf3e,0xaefe,
  0x4a8a,0x10c3,0x10a3,0x10c3,0x3984,0xcc83,0x6264,0x10c3,0x2966,0x3a09,0x31e9,0x2125,0x0862,0x0862,0x0862,0x0862,
  0x0862,0x0862,0x0862,0x0862,0x0862,0x0862,0x0862,0x0862,0x0862,0x0862,0x0862,0x0862,0x0862,0x0862,0x0862,0x0862,
  0x0862,0x0862,0x0862,0x0862,0x0862,0x0862,0x0862,0x0862,0x0862,0x0862,0x0862,0x0882,0x6b8e,0xc639,0xc63a,0x8452,
  0x18e4,0x5145,0xca28,0x5945,0x18c4,0x10a3,0x1905,0x10a3,0x10a3,0x31c7,0xb6dd,0xaefe,0x4a6a,0x10a3,0x10a3,0x10a3,
  0x10a3,0x10a3,0x10a3,0x10a3,0x10a3,0x10a3,0x10a3,0x10a3,0x10a3,0x10a3,0x10a3,0x10c3,0x632d,0x5b0c,0x10c3,0x10a3,
  0x10a3,0x10a3,0x10a3,0x10a3,0x10a3,0x10a3,0x10a3,0x10a3,0x10a3,0x10a3,0x10a3,0x10a3,0x10a3,0x10c3,0x9d14,0xbf5f,
  0xdf1d,0x31c7,0x2125,0x5203,0xc463,0x6243,0x10a3,0x2987,0x3a09,0x3a09,0x2145,0x0862,0x0862,0x0862,0x0862,0x0862,
  0x0862,0x0862,0x0862,0x0862,0x0862,0x0862,0x0862,0x0862,0x0862,0x0862,0x0862,0x0862,0x0862,0x0862,0x0862,0x0862,
  0x0862,0x0862,0x0862,0x0862,0x0862,0x0862,0x0862,0x0862,0x0862,0x0862,0x0862,0x0862,0x10a3,0x7c11,0xbdf9,0xbe19,
  0x94d4,0x2125,0x4104,0xca28,0x8186,0x2904,0x10a3,0x10c3,0x18e4,0xbe39,0xa73f,0xadb7,0x10c3,0x10a3,0x10a3,0x10a3,
  0x10a3,0x10a3,0x10a3,0x10a3,0x3983,0x6263,0x51e3,0x2923,0x10a3,0x10a3,0x10a3,0x2125,0xdf3d,0xce7a,0x1904,0x10a3,
  0x10a3,0x10a3,0x10a3,0x10a3,0x10a3,0x10a3,0x10a3,0x10a3,0x10a3,0x10a3,0x10a3,0x10a3,0x10a3,0x10a3,0x2986,0xc639,
  0xad76,0x3185,0x82e3,0xcc84,0x41c3,0x10c3,0x29a7,0x3a09,0x3a09,0x2166,0x0862,0x0862,0x0862,0x0862,0x0862,0x0862,
  0x0862,0x0862,0x0862,0x0862,0x0862,0x0862,0x0862,0x0862,0x0862,0x0862,0x0862,0x0862,0x0862,0x0862,0x0862,0x0862,
  0x0862,0x0862,0x0862,0x0862,0x0862,0x0862,0x0862,0x0862,0x0862,0x0862,0x0862,0x0862,0x0862,0x0882,0x6b8f,0xb5d8,
  0xb5d8,0x9d15,0x2966,0x18c3,0xa1e7,0xba08,0x20c3,0x2146,0x52ab,0xe77e,0xcf3e,0x4a8a,0x10a3,0x10a3,0x10a3,0x10a3,
  0x10a3,0x10a3,0x10a3,0x10a3,0x3143,0xed24,0xe503,0x3983,0x10a3,0x10a3,0x10a3,0x2125,0xaedd,0xb69b,0x1904,0x10a3,
  0x10a3,0x10a3,0x10a3,0x10a3,0x10a3,0x10a3,0x10a3,0x10a3,0x10a3,0x10a3,0x10a3,0x10a3,0x10a3,0x10a3,0x2146,0x1904,
  0x2924,0xc443,0xabc4,0x18e3,0x18e3,0x31c8,0x3a09,0x3a09,0x2125,0x0862,0x0862,0x0862,0x0862,0x0862,0x0862,0x0862,
  0x0862,0x0862,0x0862,0x0862,0x0862,0x0862,0x0862,0x0862,0x0862,0x0862,0x0862,0x0862,0x0862,0x0862,0x0862,0x0862,
  0x0862,0x0862,0x0862,0x0862,0x0862,0x0862,0x0862,0x0862,0x0862,0x0862,0x0862,0x0862,0x0862,0x0862,0x10a3,0x52cc,
  0xad97,0xb5b8,0x9d15,0x52ab,0x20e4,0x6166,0xc208,0x81a6,0x3166,0x7c10,0x8c92,0x2125,0x10a3,0x10a3,0x10a3,0x10a3,
  0x10a3,0x10a3,0x10a3,0x10a3,0x10a3,0xa3a3,0x5203,0x10c3,0x10a3,0x10a3,0x10a3,0x2125,0xaebc,0xb6bc,0x2125,0x10a3,
  0x10a3,0x10a3,0x10a3,0x10a3,0x10a3,0x10a3,0x2145,0x10a3,0x10a3,0x10a3,0x10c3,0x10a3,0x18e4,0x10a3,0x2103,0x7ae4,
  0xcc63,0x6a84,0x18e3,0x2145,0x31c8,0x3a09,0x31e8,0x1905,0x0862,0x0862,0x0862,0x0862,0x0862,0x0862,0x0862,0x0862,
  0x0862,0x0862,0x0862,0x0862,0x0862,0x0862,0x0862,0x0862,0x0862,0x0862,0x0862,0x0862,0x0862,0x0862,0x0862,0x0862,
  0x0862,0x0862,0x0862,0x0862,0x0862,0x0862,0x0862,0x0862,0x0862,0x0862,0x0862,0x0862,0x0862,0x0862,0x0862,0x0882,
  0x4a8b,0x9cf5,0xad77,0xa536,0x636e,0x2945,0x2904,0x99c7,0xb1e7,0x5945,0x2904,0x2125,0x10a3,0x18e4,0x10a3,0x10a3,
  0x10a3,0x10a3,0x10a3,0x2166,0x10a3,0x10c3,0x10a3,0x10a3,0x10a3,0x10a3,0x10a3,0x1904,0xb69c,0xaedd,0x2125,0x10a3,
  0x10a3,0x10a3,0x10a3,0x10a3,0x10a3,0x10a3,0x424a,0x10c3,0x10c3,0x10c3,0x10a3,0x1904,0x2103,0x5a44,0xb403,0x9b84,
  0x2943,0x18e3,0x2166,0x31e9,0x3a09,0x31c8,0x18e4,0x0862,0x0862,0x0862,0x0862,0x0862,0x0862,0x0862,0x0862,0x0862,
  0x0862,0x0862,0x0862,0x0862,0x0862,0x0862,0x0862,0x0862,0x0862,0x0862,0x0862,0x0862,0x0862,0x0862,0x0862,0x0862,
  0x0862,0x0862,0x0862,0x0862,0x0862,0x0862,0x0862,0x0862,0x0862,0x0862,0x0862,0x0862,0x0862,0x0862,0x0862,0x0862,
  0x0862,0x1905,0x8c93,0xa536,0x9d35,0x8cb3,0x39e8,0x18c3,0x4125,0xca28,0xca28,0x4104,0x18a3,0x2104,0x10c3,0x2125,
  0x10a3,0x10a3,0x10c3,0x4acc,0x10a3,0x10a3,0x10a3,0x10a3,0x10a3,0x10a3,0x10a3,0x1904,0xb69b,0xaf1e,0x2145,0x10a3,
  0x10a3,0x10a3,0x10a3,0x10a3,0x10a3,0x10a3,0x31c7,0x31c7,0x10c3,0x2165,0x18c3,0x49e4,0xc443,0xcc84,0x41a4,0x18c3,
  0x18e4,0x31c8,0x3a09,0x3a09,0x29a7,0x0882,0x0862,0x0862,0x0862,0x0862,0x0862,0x0862,0x0862,0x0862,0x0862,0x0862,
  0x0862,0x0862,0x0862,0x0862,0x0862,0x0862,0x0862,0x0862,0x0862,0x0862,0x0862,0x0862,0x0862,0x0862,0x0862,0x0862,
  0x0862,0x0862,0x0862,0x0862,0x0862,0x0862,0x0862,0x0862,0x0862,0x0862,0x0862,0x0862,0x0862,0x0862,0x0862,0x0862,
  0x0862,0x0862,0x10c3,0x5b0d,0x9cf5,0x9d15,0x94f4,0x73af,0x2986,0x18c3,0x5145,0xa9e8,0xc228,0x8186,0x3105,0x10a3,
  0x18e4,0x1905,0x10c3,0x424a,0x10c3,0x10c3,0x10a3,0x10a3,0x10a3,0x10a3,0x10a3,0x1904,0xb67b,0xaf1e,0x31c7,0x10a3,
  0x10a3,0x10c3,0x10a3,0x1905,0x10a3,0x1904,0x1904,0x6baf,0x2943,0x7ae4,0xc443,0xb3e4,0x5203,0x18c3,0x18e4,0x29a7,
  0x3a09,0x3a09,0x31e8,0x1925,0x0882,0x0862,0x0862,0x0862,0x0862,0x0862,0x0862,0x0862,0x0862,0x0862,0x0862,0x0862,
  0x0862,0x0862,0x0862,0x0862,0x0862,0x0862,0x0862,0x0862,0x0862,0x0862,0x0862,0x0862,0x0862,0x0862,0x0862,0x0862,
  0x0862,0x0862,0x0862,0x0862,0x0862,0x0862,0x0862,0x0862,0x0862,0x0862,0x0862,0x0862,0x0862,0x0862,0x0862,0x0862,
  0x0862,0x0862,0x0862,0x0862,0x2987,0x73d0,0x94d4,0x94b4,0x8c93,0x632d,0x31a7,0x18c3,0x3104,0x91c7,0xca28,0xa9e7,
  0x7186,0x3904,0x3186,0x31a7,0x1904,0x10a3,0x10c3,0x1925,0x10a3,0x18e4,0x10c3,0x2145,0xc65a,0xdf3d,0x4249,0x1904,
  0x10a3,0x2146,0x10a3,0x2125,0x10c3,0x41c4,0x6243,0xb405,0xcc64,0x9b84,0x3983,0x10c3,0x1904,0x2987,0x31e9,0x3a09,
  0x3a09,0x2987,0x10c3,0x0862,0x0862,0x0862,0x0862,0x0862,0x0862,0x0862,0x0862,0x0862,0x0862,0x0862,0x0862,0x0862,
  0x0862,0x0862,0x0862,0x0862,0x0862,0x0862,0x0862,0x0862,0x0862,0x0862,0x0862,0x0862,0x0862,0x0862,0x0862,0x0862,
  0x0862,0x0862,0x0862,0x0862,0x0862,0x0862,0x0862,0x0862,0x0862,0x0862,0x0862,0x0862,0x0862,0x0862,0x0862,0x0862,
  0x0862,0x0862,0x0862,0x0862,0x0862,0x0882,0x31a7,0x8452,0x8c93,0x8472,0x8432,0x6baf,0x3187,0x18e4,0x18c3,0x3105,
  0x91c7,0xda49,0xe249,0xb208,0x7166,0x28e3,0x2904,0x20e4,0x18c3,0x2124,0x1904,0x2124,0x1904,0x2104,0x2103,0x2144,
  0x2103,0x3184,0x6a63,0xa3a3,0xe4e4,0xdce4,0x9b84,0x3984,0x18e3,0x18c3,0x1904,0x31c8,0x31e9,0x3a09,0x3a09,0x31c8,
  0x10c4,0x0862,0x0862,0x0862,0x0862,0x0862,0x0862,0x0862,0x0862,0x0862,0x0862,0x0862,0x0862,0x0862,0x0862,0x0862,
  0x0862,0x0862,0x0862,0x0862,0x0862,0x0862,0x0862,0x0862,0x0862,0x0862,0x0862,0x0862,0x0862,0x0862,0x0862,0x0862,
  0x0862,0x0862,0x0862,0x0862,0x0862,0x0862,0x0862,0x0862,0x0862,0x0862,0x0862,0x0862,0x0862,0x0862,0x0862,0x0862,
  0x0862,0x0862,0x0862,0x0862,0x0862,0x0862,0x0862,0x18e4,0x3a09,0x73b0,0x7c32,0x7c31,0x73f0,0x636e,0x52ab,0x31a7,
  0x18e4,0x28e4,0x4104,0x5145,0x7186,0x99c7,0xa9e8,0xb1e8,0xba08,0xb3a4,0xb404,0xb3e3,0xb403,0xb403,0xbc23,0xbc23,
  0xabe4,0xa3a4,0x7ae4,0x5a23,0x41a3,0x2123,0x18e3,0x2125,0x2987,0x31c8,0x31e9,0x3a09,0x31e9,0x31a7,0x1904,0x0882,
  0x0862,0x0862,0x0862,0x0862,0x0862,0x0862,0x0862,0x0862,0x0862,0x0862,0x0862,0x0862,0x0862,0x0862,0x0862,0x0862,
  0x0862,0x0862,0x0862,0x0862,0x0862,0x0862,0x0862,0x0862,0x0862,0x0862,0x0862,0x0862,0x0862,0x0862,0x0862,0x0862,
  0x0862,0x0862,0x0862,0x0862,0x0882,0x0882,0x0882,0x0882,0x0882,0x3a08,0x73cf,0x0882,0x0862,0x0862,0x0862,0x0862,
  0x0862,0x0862,0x0862,0x0862,0x0862,0x0862,0x0862,0x0862,0x0862,0x0883,0x39e8,0x5b2d,0x73d0,0x73d0,0x73b0,0x6b8f,
  0x634e,0x4a8b,0x31c7,0x2146,0x2125,0x18e4,0x18c4,0x20e4,0x2904,0x3164,0x39a4,0x41c4,0x41a4,0x3184,0x2944,0x2103,
  0x18e3,0x18e3,0x18e4,0x1904,0x2125,0x2987,0x31e8,0x31e9,0x3a09,0x3a09,0x31e8,0x2987,0x1904,0x0862,0x0862,0x0862,
  0x0862,0x0862,0x0862,0x0862,0x0862,0x0862,0x0862,0x0862,0x0862,0x0862,0x0862,0x0862,0x0862,0x0862,0x0862,0x0862,
  0x0862,0x0862,0x0862,0x0862,0x0862,0x0862,0x0862,0x0862,0x0862,0x0862,0x0862,0x0862,0x0862,0x0862,0x0862,0x0862,
  0x0862,0x0862,0x0862,0x0882,0x7c10,0x8c72,0x8c72,0x8c72,0x8c72,0xad96,0xef7e,0x2986,0x0862,0x0862,0x0862,0x0862,
  0x0862,0x0862,0x0862,0x0862,0x0862,0x0862,0x0862,0x0862,0x0862,0x0862,0x0862,0x0882,0x10a3,0x4229,0x636e,0x6b6f,
  0x636e,0x634e,0x5b2e,0x5b0d,0x52cc,0x4aab,0x4a8b,0x39e8,0x29a7,0x2966,0x2166,0x2145,0x2146,0x2146,0x2166,0x2987,
  0x31e8,0x31e8,0x31e8,0x3a09,0x3a09,0x3a09,0x3a09,0x31e9,0x31e8,0x2145,0x0882,0x0862,0x0862,0x0862,0x0862,0x0862,
  0x0862,0x0862,0x0862,0x0862,0x0862,0x0862,0x0862,0x0862,0x0862,0x0862,0x0862,0x0862,0x0862,0x0862,0x0862,0x0862,
  0x0862,0x0862,0x0862,0x0862,0x0862,0x0862,0x0862,0x0862,0x0862,0x0862,0x0862,0x0862,0x0862,0x0862,0x0862,0x0862,
  0x0862,0x0862,0x0862,0x10a3,0xd6bb,0xe75d,0xe75d,0xe75d,0xe75d,0xe75d,0xdf1c,0x31a7,0x0862,0x0862,0x0862,0x0862,
  0x0862,0x0862,0x0862,0x0862,0x0862,0x0862,0x0862,0x0862,0x0862,0x0862,0x0862,0x0862,0x0862,0x0862,0x0882,0x1905,
  0x2987,0x424a,0x52ec,0x5b0d,0x52ec,0x52cc,0x4aab,0x4a8b,0x426a,0x424a,0x3a29,0x3a09,0x3a09,0x3a09,0x3a09,0x3a09,
  0x3a09,0x3a09,0x3a09,0x3a09,0x31c8,0x2966,0x1905,0x10c3,0x0862,0x0862,0x0862,0x0862,0x0862,0x0862,0x0862,0x0862,
  0x0862,0x0862,0x0862,0x0862,0x0862,0x0862,0x0862,0x0862,0x0862,0x0862,0x0862,0x0862,0x0862,0x0862,0x0862,0x0862,
  0x0862,0x0862,0x0862,0x0862,0x0862,0x0862,0x0862,0x0862,0x0862,0x0862,0x0862,0x0862,0x0862,0x0862,0x0862,0x0862,
  0x0862,0x0862,0x0862,0x0862,0x0862,0x0882,0x0882,0x0882,0x0882,0x0882,0x0882,0x0862,0x0862,0x0862,0x0862,0x0862,
  0x0862,0x0862,0x0862,0x0862,0x0862,0x0862,0x0862,0x0862,0x0862,0x0862,0x0862,0x0862,0x0862,0x0862,0x0862,0x0862,
  0x0862,0x0862,0x0862,0x10c3,0x2125,0x2986,0x31c8,0x31e8,0x31e8,0x31c8,0x31c8,0x31a7,0x29a7,0x29a7,0x2987,0x2987,
  0x2166,0x1925,0x18e4,0x10a3,0x0862,0x0862,0x0862,0x0862,0x0862,0x0862,0x0862,0x0862,0x0862,0x0862,0x0862,0x0862,
  0x0862,0x0862,0x0862,0x0862,0x0862,0x0862,0x0862,0x0862,0x0862,0x0862,0x0862,0x0862,0x0862,0x0862,0x0862,0x0862,
  0x0862,0x0862,0x0862,0x0862,0x0862,0x0862,0x0862,0x0862,0x0862,0x0862,0x0862,0x0862,0x0862,0x0862,0x0862,0x0862,
  0x0862,0x0862,0x0862,0x0862,0x0862,0x0862,0x0862,0x0862,0x0862,0x0862,0x0862,0x0862,0x0862,0x0862,0x0862,0x0862,
  0x0862,0x0862,0x0862,0x0862,0x0862,0x0862,0x0862,0x0862,0x0862,0x0862,0x0862,0x0862,0x0862,0x0862,0x0862,0x0862,
  0x0862,0x0862,0x0862,0x0862,0x0862,0x0862,0x0862,0x0862,0x0862,0x0862,0x0862,0x0862,0x0862,0x0862,0x0862,0x0862,
  0x0862,0x0862,0x0862,0x0862,0x0862,0x0862,0x0862,0x0862,0x0862,0x0862,0x0862,0x0862,0x0862,0x0862,0x0862,0x0862,
  0x0862,0x0862,0x0862,0x0862,0x0862,0x0862,0x0862,0x0862,0x0862,0x10c3,0x0882,0x0862,0x0862,0x0862,0x0862,0x0862,
  0x0862,0x0862,0x0862,0x0862,0x0862,0x0862,0x0862,0x0862,0x0862,0x0862,0x0862,0x0862,0x0862,0x0862,0x0862,0x0862,
  0x0862,0x0862,0x0862,0x0862,0x0862,0x0862,0x0862,0x0862,0x0862,0x0862,0x0862,0x0862,0x0862,0x0862,0x0862,0x0862,
  0x0862,0x0862,0x0862,0x0862,0x0862,0x0862,0x0862,0x0862,0x0862,0x0862,0x0862,0x0862,0x0862,0x0862,0x0862,0x0862,
  0x0862,0x0862,0x0862,0x0862,0x0862,0x0862,0x0862,0x0862,0x0862,0x0862,0x0862,0x0862,0x0862,0x0862,0x0862,0x0862,
  0x0862,0x0862,0x0862,0x0862,0x0862,0x0862,0x0862,0x0862,0x0862,0x0862,0x0862,0x0862,0x0862,0x0862,0x0862,0x0862,
  0x0862,0x0862,0x0862,0x0882,0x2145,0x2966,0x2966,0x2966,0x2986,0xd6bb,0x6b8e,0x0882,0x0862,0x0862,0x0862,0x0862,
  0x0862,0x0862,0x0862,0x0862,0x0862,0x0862,0x0862,0x0862,0x0862,0x0862,0x0862,0x0862,0x0862,0x0862,0x0862,0x0862,
  0x0862,0x0862,0x0862,0x0882,0x5b0c,0x4a6a,0x0882,0x0862,0x2986,0x634d,0x2966,0x0862,0x0862,0x0862,0x0862,0x0862,
  0x0862,0x0862,0x0862,0x0862,0x0862,0x0862,0x0862,0x0862,0x0862,0x0862,0x0862,0x0862,0x0862,0x0862,0x0862,0x0862,
  0x0862,0x0862,0x0862,0x0862,0x0862,0x0862,0x0862,0x0862,0x0862,0x0862,0x0862,0x0862,0x0862,0x0862,0x0862,0x0862,
  0x0862,0x0862,0x0862,0x0862,0x0862,0x0862,0x0862,0x0862,0x0862,0x0862,0x0862,0x0862,0x0862,0x0862,0x0862,0x0862,
  0x0862,0x0862,0x0862,0x10c3,0xd6bb,0xdefc,0xdefc,0xdefc,0xdefc,0xef7e,0x9d14,0x0882,0x0862,0x0862,0x0862,0x0862,
  0x0862,0x0862,0x0862,0x0862,0x0862,0x0862,0x0862,0x0862,0x0862,0x0862,0x0862,0x0862,0x0862,0x0862,0x0862,0x0862,
  0x0862,0x0862,0x0862,0x10c3,0xdf1c,0xef9e,0x73cf,0x10a3,0x52cb,0xe75d,0xdefc,0x10c3,0x0862,0x0862,0x0862,0x0862,
  0x0862,0x0862,0x0862,0x0862,0x0862,0x0862,0x0862,0x0862,0x0862,0x0862,0x0862,0x0862,0x0862,0x0862,0x0862,0x0862,
  0x0862,0x0862,0x0862,0x0862,0x0862,0x0862,0x0862,0x0862,0x0862,0x0862,0x0862,0x0862,0x0862,0x0862,0x0862,0x0862,
  0x0862,0x0862,0x0862,0x0862,0x0862,0x0862,0x0862,0x0862,0x0862,0x0862,0x0862,0x0862,0x0862,0x0862,0x0862,0x0862,
  0x0862,0x0862,0x0862,0x10a3,0x6b6e,0x73af,0x73af,0x73af,0x73af,0x73af,0x4a6a,0x0882,0x0862,0x0862,0x0862,0x0862,
  0x0862,0x0862,0x0862,0x0862,0x0862,0x0862,0x0862,0x0862,0x0862,0x0862,0x0862,0x0862,0x0862,0x0862,0x0862,0x0862,
  0x0862,0x0862,0x0862,0x10c3,0xdf1c,0xc639,0xef9e,0xa535,0x2986,0x632d,0xe75d,0x31a7,0x0862,0x0862,0x0862,0x0862,
  0x0862,0x0862,0x0862,0x0862,0x0862,0x0862,0x0862,0x0862,0x0862,0x0862,0x0862,0x0862,0x0862,0x0862,0x0862,0x0862,
  0x0862,0x0862,0x0862,0x0862,0x0862,0x0862,0x0862,0x0862,0x0862,0x0862,0x0862,0x0862,0x0862,0x0862,0x0862,0x0862,
  0x0862,0x0862,0x0862,0x0862,0x0862,0x0862,0x0862,0x0862,0x0862,0x0862,0x0862,0x0862,0x0862,0x0862,0x0862,0x0862,
  0x0862,0x0862,0x0862,0x0862,0x0862,0x0862,0x0862,0x0862,0x0862,0x0862,0x0862,0x0862,0x0862,0x0862,0x0862,0x0862,
  0x0862,0x0862,0x0862,0x0862,0x0862,0x0862,0x0862,0x0862,0x0862,0x0862,0x0862,0x0862,0x0862,0x0862,0x0862,0x0862,
  0x0862,0x0862,0x0862,0x10c3,0xdefc,0x632d,0x6b8e,0xe73d,0xdf1c,0xd6bb,0xe75d,0x2125,0x0862,0x0862,0x0862,0x0862,
  0x0862,0x0862,0x0862,0x0862,0x0862,0x0862,0x0862,0x0862,0x0862,0x0862,0x0862,0x0862,0x0862,0x0862,0x0862,0x0862,
  0x0862,0x0862,0x0862,0x0862,0x0862,0x0862,0x0862,0x0862,0x0862,0x0862,0x0862,0x0862,0x0862,0x0862,0x0862,0x0862,
  0x0862,0x0862,0x0862,0x0862,0x0862,0x0862,0x0862,0x0862,0x0862,0x0862,0x0862,0x0862,0x0862,0x0862,0x0862,0x0862,
  0x0862,0x0862,0x0862,0x0862,0x52cb,0xa555,0x9d14,0x5b0c,0x9d14,0x8c72,0x2125,0x0862,0x0862,0x0862,0x0862,0x0862,
  0x0862,0x0862,0x0862,0x0862,0x0862,0x0862,0x0862,0x0862,0x0862,0x0862,0x0862,0x0862,0x0862,0x0862,0x0862,0x0862,
  0x0862,0x0862,0x0862,0x10a3,0xce9a,0x52cb,0x0882,0x2145,0xa555,0xc639,0x3a08,0x0862,0x0862,0x0862,0x0862,0x0862,
  0x0862,0x0862,0x0862,0x0862,0x0862,0x0862,0x0862,0x0862,0x0862,0x0862,0x0862,0x0862,0x0862,0x0862,0x0862,0x0862,
  0x0862,0x0862,0x0862,0x0862,0x0862,0x0862,0x0862,0x0862,0x0862,0x0862,0x0862,0x0862,0x0862,0x0862,0x0862,0x0862,
  0x0862,0x0862,0x0862,0x0862,0x0862,0x0862,0x0862,0x0862,0x0862,0x0862,0x0862,0x0862,0x0862,0x0862,0x0862,0x0862,
  0x0862,0x0862,0x0862,0x10c3,0xd6db,0xdf1c,0xdf1c,0xef9e,0xdefc,0xef7e,0x8451,0x0882,0x0862,0x0862,0x0862,0x0862,
  0x0862,0x0862,0x0862,0x0862,0x0862,0x0862,0x0862,0x0862,0x0862,0x0862,0x0862,0x0862,0x0862,0x0862,0x0862,0x0862,
  0x0862,0x0862,0x0862,0x0882,0x2125,0x52cb,0x632d,0x2165,0x4249,0x5b0c,0x18e4,0x0862,0x0862,0x0862,0x0862,0x0862,
  0x0862,0x0862,0x0862,0x0862,0x0862,0x0862,0x0862,0x0862,0x0862,0x0862,0x0862,0x0862,0x0862,0x0862,0x0862,0x0862,
  0x0862,0x0862,0x0862,0x0862,0x0862,0x0862,0x0862,0x0862,0x0862,0x0862,0x0862,0x0862,0x0862,0x0862,0x0862,0x0862,
  0x0862,0x0862,0x0862,0x0862,0x0862,0x0862,0x0862,0x0862,0x0862,0x0862,0x0862,0x0862,0x0862,0x0862,0x0862,0x0862,
  0x0862,0x0862,0x0862,0x18e4,0xe73d,0x632d,0x738f,0xf7df,0x634d,0xc639,0x9d14,0x0882,0x0862,0x0862,0x0862,0x0862,
  0x0862,0x0862,0x0862,0x0862,0x0862,0x0862,0x0862,0x0862,0x0862,0x0862,0x0862,0x0862,0x0862,0x0862,0x0862,0x0862,
  0x0862,0x0862,0x0862,0x0882,0x6b8e,0xe73d,0xe73d,0xd6bb,0xdf1c,0xe73d,0xb5d7,0x10c3,0x0862,0x0862,0x0862,0x0862,
  0x0862,0x0862,0x0862,0x0862,0x0862,0x0862,0x0862,0x0862,0x0862,0x0862,0x0862,0x0862,0x0862,0x0862,0x0862,0x0862,
  0x0862,0x0862,0x0862,0x0862,0x0862,0x0862,0x0862,0x0862,0x0862,0x0862,0x0862,0x0862,0x0862,0x0862,0x0862,0x0862,
  0x0862,0x0862,0x0862,0x0862,0x0862,0x0862,0x0862,0x0862,0x0862,0x0862,0x0862,0x0862,0x0862,0x0862,0x0862,0x0862,
  0x0862,0x0862,0x0862,0x10c3,0xbe18,0xe73d,0xe73d,0xd6db,0xe73d,0xe75d,0x6b6e,0x0882,0x0862,0x0862,0x0862,0x0862,
  0x0862,0x0862,0x0862,0x0862,0x0862,0x0862,0x0862,0x0862,0x0862,0x0862,0x0862,0x0862,0x0862,0x0862,0x0862,0x0862,
  0x0862,0x0862,0x0862,0x10a3,0xdf1c,0x94d3,0x39e8,0xf7bf,0x94b3,0x632d,0xef7e,0x31a7,0x0862,0x0862,0x0862,0x0862,
  0x0862,0x0862,0x0862,0x0862,0x0862,0x0862,0x0862,0x0862,0x0862,0x0862,0x0862,0x0862,0x0862,0x0862,0x0862,0x0862,
  0x0862,0x0862,0x0862,0x0862,0x0862,0x0862,0x0862,0x0862,0x0862,0x0862,0x0862,0x0862,0x0862,0x0862,0x0862,0x0862,
  0x0862,0x0862,0x0862,0x0862,0x0862,0x0862,0x0862,0x0862,0x0862,0x0862,0x0862,0x0862,0x0862,0x0862,0x0862,0x0862,
  0x0862,0x0862,0x0862,0x0862,0x2145,0x634d,0x52cb,0x1904,0x5aec,0x4229,0x10a3,0x0862,0x0862,0x0862,0x0862,0x0862,
  0x0862,0x0862,0x0862,0x0862,0x0862,0x0862,0x0862,0x0862,0x0862,0x0862,0x0862,0x0862,0x0862,0x0862,0x0862,0x0862,
  0x0862,0x0862,0x0862,0x10a3,0xbe18,0xd6bb,0xb5b7,0xef9e,0xd6bb,0xc639,0xe75d,0x2145,0x0862,0x0862,0x0862,0x0862,
  0x0862,0x0862,0x0862,0x0862,0x0862,0x0862,0x0862,0x0862,0x0862,0x0862,0x0862,0x0862,0x0862,0x0862,0x0862,0x0862,
  0x0862,0x0862,0x0862,0x0862,0x0862,0x0862,0x0862,0x0862,0x0862,0x0862,0x0862,0x0862,0x0862,0x0862,0x0862,0x0862,
  0x0862,0x0862,0x0862,0x0862,0x0862,0x0862,0x0862,0x0862,0x0862,0x0862,0x0862,0x0862,0x0862,0x0862,0x0862,0x0862,
  0x0862,0x0862,0x0862,0x0882,0x94b3,0x73af,0x0862,0x0862,0x0862,0x0862,0x0862,0x0862,0x0862,0x0862,0x0862,0x0862,
  0x0862,0x0862,0x0862,0x0862,0x0862,0x0862,0x0862,0x0862,0x0862,0x0862,0x0862,0x0862,0x0862,0x0862,0x0862,0x0862,
  0x0862,0x0862,0x0862,0x0862,0x2145,0xad96,0xbe18,0x8431,0x9d14,0xb5d7,0x632d,0x0862,0x0862,0x0862,0x0862,0x0862,
  0x0862,0x0862,0x0862,0x0862,0x0862,0x0862,0x0862,0x0862,0x0862,0x0862,0x0862,0x0862,0x0862,0x0862,0x0862,0x0862,
  0x0862,0x0862,0x0862,0x0862,0x0862,0x0862,0x0862,0x0862,0x0862,0x0862,0x0862,0x0862,0x0862,0x0862,0x0862,0x0862,
  0x0862,0x0862,0x0862,0x0862,0x0862,0x0862,0x0862,0x0862,0x0862,0x0862,0x0862,0x0862,0x0862,0x0862,0x0862,0x0862,
  0x0862,0x0862,0x0862,0x0882,0x8c92,0x6b8e,0x0862,0x0862,0x0862,0x0862,0x0862,0x0862,0x0862,0x0862,0x0862,0x0862,
  0x0862,0x0862,0x0862,0x0862,0x0862,0x0862,0x0862,0x0862,0x0862,0x0862,0x0862,0x0862,0x0862,0x0862,0x0862,0x0862,
  0x0862,0x0862,0x0862,0x0862,0x0862,0x10a3,0xc639,0x73cf,0x2145,0x10c3,0x0882,0x0862,0x0862,0x0862,0x0862,0x0862,
  0x0862,0x0862,0x0862,0x0862,0x0862,0x0862,0x0862,0x0862,0x0862,0x0862,0x0862,0x0862,0x0862,0x0862,0x0862,0x0862,
  0x0862,0x0862,0x0862,0x0862,0x0862,0x0862,0x0862,0x0862,0x0862,0x0862,0x0862,0x0862,0x0862,0x0862,0x0862,0x0862,
  0x0862,0x0862,0x0862,0x0862,0x0862,0x0862,0x0862,0x0862,0x0862,0x0862,0x0862,0x0862,0x0862,0x0862,0x0862,0x0862,
  0x0862,0x0862,0x0862,0x0862,0x0882,0x4a8a,0xb5d7,0x4249,0x10c3,0x0862,0x0862,0x0862,0x0862,0x0862,0x0862,0x0862,
  0x0862,0x0862,0x0862,0x0862,0x0862,0x0862,0x0862,0x0862,0x0862,0x0862,0x0862,0x0862,0x0862,0x0862,0x0862,0x0862,
  0x0862,0x0862,0x0862,0x0862,0x0862,0x0882,0xf7bf,0xef7e,0xd6db,0xad76,0x632d,0x10a3,0x0862,0x0862,0x0862,0x0862,
  0x0862,0x0862,0x0862,0x0862,0x0862,0x0862,0x0862,0x0862,0x0862,0x0862,0x0862,0x0862,0x0862,0x0862,0x0862,0x0862,
  0x0862,0x0862,0x0862,0x0862,0x0862,0x0862,0x0862,0x0862,0x0862,0x0862,0x0862,0x0862,0x0862,0x0862,0x0862,0x0862,
  0x0862,0x0862,0x0862,0x0862,0x0862,0x0862,0x0862,0x0862,0x0862,0x0862,0x0862,0x0862,0x0862,0x0862,0x0862,0x0862,
  0x0862,0x0862,0x0862,0x0862,0x0862,0x5aec,0xf7bf,0xe73d,0xce7a,0x94b3,0x31c7,0x0862,0x0862,0x0862,0x0862,0x0862,
  0x0862,0x0862,0x0862,0x0862,0x0862,0x0862,0x0862,0x0862,0x0862,0x0862,0x0862,0x0862,0x0862,0x0862,0x0862,0x0862,
  0x0862,0x0862,0x0862,0x0862,0x10c3,0x2125,0xf7bf,0x5b0c,0x9cf4,0xc659,0xdf1c,0x2986,0x0862,0x0862,0x0862,0x0862,
  0x0862,0x0862,0x0862,0x0862,0x0862,0x0862,0x0862,0x0862,0x0862,0x0862,0x0862,0x0862,0x0862,0x0862,0x0862,0x0862,
  0x0862,0x0862,0x0862,0x0862,0x0862,0x0862,0x0862,0x0862,0x0862,0x0862,0x0862,0x0862,0x0862,0x0862,0x0862,0x0862,
  0x0862,0x0862,0x0862,0x0862,0x0862,0x0862,0x0862,0x0862,0x0862,0x0862,0x0862,0x0862,0x0862,0x0862,0x0862,0x0862,
  0x0862,0x0862,0x0862,0x0882,0x18e4,0x6b6e,0xf7bf,0x73cf,0xad96,0xd6db,0x94d3,0x0882,0x0862,0x0862,0x0862,0x0862,
  0x0862,0x0862,0x0862,0x0862,0x0862,0x0862,0x0862,0x0862,0x0862,0x0862,0x0862,0x0862,0x0862,0x0862,0x0862,0x0862,
  0x0862,0x0862,0x0862,0x0882,0xce7a,0xd6db,0xf7df,0xdefc,0x52ab,0x10c3,0x3a08,0x18e4,0x0862,0x0862,0x0862,0x0862,
  0x0862,0x0862,0x0862,0x0862,0x0862,0x0862,0x0862,0x0862,0x0862,0x0862,0x0862,0x0862,0x0862,0x0862,0x0862,0x0862,
  0x0862,0x0862,0x0862,0x0862,0x0862,0x0862,0x0862,0x0862,0x0862,0x0862,0x0862,0x0862,0x0862,0x0862,0x0862,0x0862,
  0x0862,0x0862,0x0862,0x0862,0x0862,0x0862,0x0862,0x0862,0x0862,0x0862,0x0862,0x0862,0x0862,0x0862,0x0862,0x0862,
  0x0862,0x0862,0x0862,0x10c3,0xce9a,0xe73d,0xf7bf,0xd6bb,0x10a3,0x18e4,0x39e8,0x0882,0x0862,0x0862,0x0862,0x0862,
  0x0862,0x0862,0x0862,0x0862,0x0862,0x0862,0x0862,0x0862,0x0862,0x0862,0x0862,0x0862,0x0862,0x0862,0x0862,0x0862,
  0x0862,0x0862,0x0862,0x10a3,0x8c92,0x9d14,0xf7bf,0xa535,0x3a08,0x0862,0x0862,0x0862,0x0862,0x0862,0x0862,0x0862,
  0x0862,0x0862,0x0862,0x0862,0x0862,0x0862,0x0862,0x0862,0x0862,0x0862,0x0862,0x0862,0x0862,0x0862,0x0862,0x0862,
  0x0862,0x0862,0x0862,0x0862,0x0862,0x0862,0x0862,0x0862,0x0862,0x0862,0x0862,0x0862,0x0862,0x0862,0x0862,0x0862,
  0x0862,0x0862,0x0862,0x0862,0x0862,0x0862,0x0862,0x0862,0x0862,0x0862,0x0862,0x0862,0x0862,0x0862,0x0862,0x0862,
  0x0862,0x0862,0x0862,0x10c3,0x94d3,0xbdf8,0xef9e,0x9cf4,0x0862,0x0862,0x0862,0x0862,0x0862,0x0862,0x426a,0x426a,
  0x426a,0x0882,0x0862,0x0862,0x0862,0x0862,0x0862,0x0862,0x0862,0x0862,0x0862,0x0862,0x0862,0x0862,0x0862,0x0862,
  0x0862,0x0862,0x0862,0x0862,0x0862,0x0882,0x4229,0x0882,0x0862,0x0862,0x0862,0x0862,0x0862,0x0862,0x31c8,0x4a8b,
  0x4a8b,0x10c3,0x0862,0x0862,0x0862,0x0862,0x0862,0x0862,0x0862,0x0862,0x0862,0x0862,0x0862,0x0862,0x0862,0x0862,
  0x0862,0x0862,0x0862,0x0862,0x0862,0x0862,0x0862,0x0862,0x0862,0x0862,0x0862,0x0862,0x0862,0x0862,0x0862,0x0862,
  0x0862,0x0862,0x0862,0x0862,0x0862,0x0862,0x0862,0x0862,0x0862,0x0862,0x0862,0x0862,0x0862,0x0862,0x0862,0x0862,
  0x0862,0x0862,0x0862,0x0862,0x0862,0x1904,0x3a08,0x0862,0x0862,0x0862,0x0862,0x0862,0x0862,0x0862,0x0883,0x10a3,
  0x2987,0x0862,0x0862,0x0862,0x0862,0x0862,0x0862,0x0862,0x0862,0x0862,0x0862,0x0862,0x0862,0x0862,0x0862,0x0862,
  0x0862,0x0862,0x0862,0x0862,0x0882,0x0882,0x10a3,0x0862,0x0862,0x0862,0x0862,0x0862,0x0862,0x0862,0x424a,0x4aab,
  0x5b2d,0x10c4,0x0862,0x0862,0x0862,0x0862,0x0862,0x0862,0x0862,0x0862,0x0862,0x0862,0x0862,0x0862,0x0862,0x0862,
  0x0862,0x0862,0x0862,0x0862,0x0862,0x0862,0x0862,0x0862,0x0862,0x0862,0x0862,0x0862,0x0862,0x0862,0x0862,0x0862,
  0x0862,0x0862,0x0862,0x0862,0x0862,0x0862,0x0862,0x0862,0x0862,0x0862,0x0862,0x0862,0x0862,0x0862,0x0862,0x0862,
  0x0862,0x0862,0x0862,0x0862,0x0882,0x08a3,0x0883,0x0862,0x0862,0x0862,0x0862,0x0862,0x0862,0x0862,0x31e8,0x3a08,
  0x2966,0x0862,0x0862,0x0862,0x0862,0x0862,0x0862,0x0862,0x0862,0x0862,0x0862,0x0862,0x0862,0x0862,0x0862,0x0862,
  0x0862,0x0862,0x0862,0x0862,0x29a7,0x530d,0x31e8,0x1904,0x0862,0x0862,0x0862,0x0862,0x0862,0x0862,0x2145,0x3a08,
  0x31c7,0x10a3,0x0862,0x0862,0x0862,0x0862,0x0862,0x0862,0x0862,0x0862,0x0862,0x0862,0x0862,0x0862,0x0862,0x0862,
  0x0862,0x0862,0x0862,0x0862,0x0862,0x0862,0x0862,0x0862,0x0862,0x0862,0x0862,0x0862,0x0862,0x0862,0x0862,0x0862,
  0x0862,0x0862,0x0862,0x0862,0x0862,0x0862,0x0862,0x0862,0x0862,0x0862,0x0862,0x0862,0x0862,0x0862,0x0862,0x0862,
  0x0862,0x0862,0x0862,0x0882,0x3a29,0x52ec,0x29a7,0x0882,0x0862,0x0862,0x0862,0x0862,0x0862,0x0862,0x4a8b,0x634e,
  0x424a,0x0862,0x0862,0x0862,0x0862,0x0862,0x0862,0x0862,0x0862,0x0862,0x0862,0x0862,0x0862,0x0862,0x0862,0x0862,
  0x0862,0x0862,0x0862,0x0862,0x426a,0x3a29,0x31e8,0x0862,0x0862,0x0862,0x0862,0x0862,0x0862,0x0862,0x4a8b,0x3a29,
  0x4aab,0x1904,0x0862,0x0862,0x0862,0x0862,0x0862,0x0862,0x0862,0x0862,0x0862,0x0862,0x0862,0x0862,0x0862,0x0862,
  0x0862,0x0862,0x0862,0x0862,0x0862,0x0862,0x0862,0x0862,0x0862,0x0862,0x0862,0x0862,0x0862,0x0862,0x0862,0x0862,
  0x0862,0x0862,0x0862,0x0862,0x0862,0x0862,0x0862,0x0862,0x0862,0x0862,0x0862,0x0862,0x0862,0x0862,0x0862,0x0862,
  0x0862,0x0862,0x0862,0x0882,0x426a,0x3a09,0x0883,0x0862,0x0862,0x0862,0x0862,0x0862,0x0862,0x0862,0x2986,0x31c7,
  0x2125,0x0862,0x0862,0x0862,0x0862,0x0862,0x0862,0x0862,0x0862,0x0862,0x0862,0x0862,0x0862,0x0862,0x0862,0x0862,
  0x0862,0x0862,0x0862,0x0862,0x52ec,0x530d,0x4a8b,0x0862,0x0862,0x0862,0x0862,0x0862,0x0862,0x0862,0x2125,0x4aab,
  0x424a,0x0882,0x0862,0x0862,0x0862,0x0862,0x0862,0x0862,0x0862,0x0862,0x0862,0x0862,0x0862,0x0862,0x0862,0x0862,
  0x0862,0x0862,0x0862,0x0862,0x0862,0x0862,0x0862,0x0862,0x0862,0x0862,0x0862,0x0862,0x0862,0x0862,0x0862,0x0862,
  0x0862,0x0862,0x0862,0x0862,0x0862,0x0862,0x0862,0x0862,0x0862,0x0862,0x0862,0x0862,0x0862,0x0862,0x0862,0x0862,
  0x0862,0x0862,0x0862,0x0882,0x52ec,0x5b2d,0x0882,0x0862,0x0862,0x0862,0x0862,0x0862,0x0862,0x0862,0x530d,0x5b0d,
  0x3a29,0x0862,0x0862,0x0862,0x0862,0x0862,0x0862,0x0862,0x0862,0x0862,0x0862,0x0862,0x0862,0x0862,0x0862,0x0862,
  0x0862,0x0862,0x0862,0x0862,0x424a,0x428a,0x426a,0x0862,0x0862,0x0862,0x0862,0x0862,0x0862,0x0862,0x31c8,0x426a,
  0x4a8b,0x10a3,0x0862,0x0862,0x0862,0x0862,0x0862,0x0862,0x0862,0x0862,0x0862,0x0862,0x0862,0x0862,0x0862,0x0862,
  0x0862,0x0862,0x0862,0x0862,0x0862,0x0862,0x0862,0x0862,0x0862,0x0862,0x0862,0x0862,0x0862,0x0862,0x0862,0x0862,
  0x0862,0x0862,0x0862,0x0862,0x0862,0x0862,0x0862,0x0862,0x0862,0x0862,0x0862,0x0862,0x0862,0x0862,0x0862,0x0862,
  0x0862,0x0862,0x0862,0x0882,0x426a,0x4acc,0x10a3,0x0862,0x0862,0x0862,0x0862,0x0862,0x0862,0x0862,0x426a,0x4aab,
  0x31e8,0x0862,0x0862,0x0862,0x0862,0x0862,0x0862,0x0862,0x0862,0x0862,0x0862,0x0862,0x0862,0x0862,0x0862,0x0862,
  0x0862,0x0862,0x0862,0x0862,0x31a7,0x31e8,0x3a29,0x0862,0x0862,0x0862,0x0862,0x0862,0x0862,0x0862,0x3a29,0x31e8,
  0x426a,0x18e4,0x0862,0x0862,0x0862,0x0862,0x0862,0x0862,0x0862,0x0862,0x0862,0x0862,0x0862,0x0862,0x0862,0x0862,
  0x0862,0x0862,0x0862,0x0862,0x0862,0x0862,0x0862,0x0862,0x0862,0x0862,0x0862,0x0862,0x0862,0x0862,0x0862,0x0862,
  0x0862,0x0862,0x0862,0x0862,0x0862,0x0862,0x0862,0x0862,0x0862,0x0862,0x0862,0x0862,0x0862,0x0862,0x0862,0x0862,
  0x0862,0x0862,0x0862,0x0882,0x31c8,0x3a29,0x08a3,0x0862,0x0862,0x0862,0x0862,0x0862,0x0862,0x0862,0x0882,0x52ec,
  0x3a29,0x0862,0x0862,0x0862,0x0862,0x0862,0x0862,0x0862,0x0862,0x0862,0x0862,0x0862,0x0862,0x0862,0x0862,0x0862,
  0x0862,0x0862,0x0862,0x0862,0x0862,0x0862,0x0862,0x0862,0x0862,0x0862,0x0862,0x0862,0x0862,0x0862,0x0862,0x0882,
  0x0862,0x0862,0x0862,0x0862,0x0862,0x0862,0x0862,0x0862,0x0862,0x0862,0x0862,0x0862,0x0862,0x0862,0x0862,0x0862,
  0x0862,0x0862,0x0862,0x0862,0x0862,0x0862,0x0862,0x0862,0x0862,0x0862,0x0862,0x0862,0x0862,0x0862,0x0862,0x0862,
  0x0862,0x0862,0x0862,0x0862,0x0862,0x0862,0x0862,0x0862,0x0862,0x0862,0x0862,0x0862,0x0862,0x0862,0x0862,0x0862,
  0x0862,0x0862,0x0862,0x0862,0x0862,0x0862,0x0862,0x0862,0x0862,0x0862,0x0862,0x0862,0x0862,0x0862,0x0862,0x0882,
  0x0882,0x0862,0x0862,0x0862,0x0862,0x0862,0x0862,0x0862,0x0862,0x0862,0x0862,0x0862,0x0862,0x0862,0x0862,0x0862,
  0x0862,0x0862,0x0862,0x0862,0x0862,0x0862,0x0862,0x0862,0x0862,0x0862,0x0862,0x0862,0x0862,0x0862,0x0862,0x0862,
  0x0862,0x0862,0x0862,0x0862,0x0862,0x0862,0x0862,0x0862,0x0862,0x0862,0x0862,0x0862,0x0862,0x0862,0x0862,0x0862,
  0x0862,0x0862,0x0862,0x0862,0x0862,0x0862,0x0862,0x0862,0x0862,0x0862,0x0862,0x0862,0x0862,0x0862,0x0862,0x0862,
  0x0862,0x0862,0x0862,0x0862,0x0862,0x0862,0x0862,0x0862,0x0862,0x0862,0x0862,0x0862,0x0862,0x0862,0x0862,0x0862,
  0x0862,0x0862,0x0862,0x0862,0x0862,0x0862,0x0862,0x0862,0x0862,0x0862,0x0862,0x0862,0x0862,0x0862,0x0862,0x0862,
  0x0862,0x0862,0x0862,0x0862,0x0862,0x0862,0x0862,0x0862,0x0862,0x0862,0x0862,0x0862,0x0862,0x0862,0x0862,0x0862,
  0x0862,0x0862,0x0862,0x0862,0x0862,0x0862,0x0862,0x0862,0x0862,0x0862,0x0862,0x0862,0x0862,0x0862,0x0862,0x0862,
  0x0862,0x0862,0x0862,0x0862,0x0862,0x0862,0x0862,0x0862,0x0862,0x0862,0x0862,0x0862,0x0862,0x0862,0x0862,0x0862,
  0x0862,0x0862,0x0862,0x0862,0x0862,0x0862,0x0862,0x0862,0x0862,0x0862,0x0862,0x0862,0x0862,0x0862,0x0862,0x0862,
  0x0862,0x0862,0x0862,0x0862,0x0862,0x0862,0x0862,0x0862,0x0862,0x0862,0x0862,0x0862,0x0862,0x0862,0x0862,0x0862,
  0x0862,0x0862,0x0862,0x0862,0x0862,0x0862,0x0862,0x0862,0x0862,0x0862,0x0862,0x0862,0x0862,0x0862,0x0862,0x0862,
  0x0862,0x0862,0x0862,0x0862,0x0862,0x0862,0x0862,0x0862,0x0862,0x0862,0x0862,0x0862,0x0862,0x0862,0x0862,0x0862,
  0x0862,0x0862,0x0862,0x0862,0x0862,0x0862,0x0862,0x0862,0x0862,0x0862,0x0862,0x0862,0x0862,0x0862,0x0862,0x0862,
  0x0862,0x0862,0x0862,0x0862,0x0862,0x0862,0x0862,0x0862,0x0862,0x0862,0x0862,0x0862,0x0862,0x0862,0x0862,0x0862,
  0x0862,0x0862,0x0862,0x0862,0x0862,0x0862,0x0862,0x0862,0x0862,0x0862,0x0862,0x0862,0x0862,0x0862,0x0862,0x0862,
  0x0862,0x0862,0x0862,0x0862,0x0862,0x0862,0x0862,0x0862,0x0862,0x0862,0x0862,0x0862,0x0862,0x0862,0x0862,0x0862,
  0x0862,0x0862,0x0862,0x0862,0x0862,0x0862,0x0862,0x0862,0x0862,0x0862,0x0862,0x0862,0x0862,0x0862,0x0862,0x0862,
  0x0862,0x0862,0x0862,0x0862,0x0862,0x0862,0x0862,0x0862,0x0862,0x0862,0x0862,0x0862,0x0862,0x0862,0x0862,0x0862,
  0x0862,0x0862,0x0862,0x0862,0x0862,0x0862,0x0862,0x0862,0x0862,0x0862,0x0862,0x0862,0x0862,0x0862,0x0862,0x0862,
  0x0862,0x0862,0x0862,0x0862,0x0862,0x0862,0x0862,0x0862,0x0862,0x0862,0x0862,0x0862,0x0862,0x0862,0x0862,0x0862,
  0x0862,0x0862,0x0862,0x0862,0x0862,0x0862,0x0862,0x0862,0x0862,0x0862,0x0862,0x0862,0x0862,0x0862,0x0862,0x0862,
  0x0862,0x0862,0x0862,0x0862,0x0862,0x0862,0x0862,0x0862,0x0862,0x0862,0x0862,0x0862,0x0862,0x0862,0x0862,0x0862,
  0x0862,0x0862,0x0862,0x0862,0x0862,0x0862,0x0862,0x0862,0x0862,0x0862,0x0862,0x0862,0x0862,0x0862,0x0862,0x0862,
  0x0862,0x0862,0x0862,0x0862,0x0862,0x0862,0x0862,0x0862,0x0862,0x0862,0x0862,0x0862,0x0862,0x0862,0x0862,0x0862,
};

static const uint16_t THUMB_CHRONO_LIGHT[144 * 96] PROGMEM = {
  0xef9e,0xef9e,0xef9e,0xef9e,0xef9e,0xef9e,0xef9e,0xef9e,0xef9e,0xef9e,0xef9e,0xef9e,0xef9e,0xef9e,0xef9e,0xef9e,
  0xef9e,0xef9e,0xef9e,0xef9e,0xef9e,0xef9e,0xef9e,0xef9e,0xef9e,0xef9e,0xef9e,0xef9e,0xef9e,0xef9e,0xef9e,0xef9e,
  0xef9e,0xef9e,0xef9e,0xef9e,0xef9e,0xef9e,0xef9e,0xef9e,0xef9e,0xef9e,0xef9e,0xef9e,0xef9e,0xef9e,0xef9e,0xef9e,
  0xef9e,0xef9e,0xef9e,0xef9e,0xef9e,0xef9e,0xef9e,0xef9e,0xef9e,0xef9e,0xef9e,0xef9e,0xef9e,0xef9e,0xef9e,0xef9e,
  0xef9e,0xef9e,0xef9e,0xef9e,0xef9e,0xef9e,0xef9e,0xef9e,0xef9e,0xef9e,0xef9e,0xef9e,0xef9e,0xef9e,0xef9e,0xef9e,
  0xef9e,0xef9e,0xef9e,0xef9e,0xef9e,0xef9e,0xef9e,0xef9e,0xef9e,0xef9e,0xef9e,0xef9e,0xef9e,0xef9e,0xef9e,0xef9e,
  0xef9e,0xef9e,0xef9e,0xef9e,0xef9e,0xef9e,0xef9e,0xef9e,0xef9e,0xef9e,0xef9e,0xef9e,0xef9e,0xef9e,0xef9e,0xef9e,
  0xef9e,0xef9e,0xef9e,0xef9e,0xef9e,0xef9e,0xef9e,0xef9e,0xef9e,0xef9e,0xef9e,0xef9e,0xef9e,0xef9e,0xef9e,0xef9e,
  0xef9e,0xef9e,0xef9e,0xef9e,0xef9e,0xef9e,0xef9e,0xef9e,0xef9e,0xef9e,0xef9e,0xef9e,0xef9e,0xef9e,0xef9e,0xef9e,
  0xef9e,0xef9e,0xef9e,0xef9e,0xef9e,0xef9e,0xef9e,0xef9e,0xef9e,0xef9e,0xef9e,0xef9e,0xef9e,0xef9e,0xef9e,0xef9e,
  0xef9e,0xef9e,0xef9e,0xef9e,0xef9e,0xef9e,0xef9e,0xef9e,0xef9e,0xef9e,0xef9e,0xef9e,0xef9e,0xef9e,0xef9e,0xef9e,
  0xef9e,0xef9e,0xef9e,0xef9e,0xef9e,0xef9e,0xef9e,0xef9e,0xef9e,0xef9e,0xef9e,0xef9e,0xef9e,0xef9e,0xef9e,0xef9e,
  0xef9e,0xef9e,0xef9e,0xef9e,0xef9e,0xef9e,0xef9e,0xef9e,0xef9e,0xef9e,0xef9e,0xef9e,0xef9e,0xef9e,0xef9e,0xef9e,
  0xef9e,0xef9e,0xef9e,0xef9e,0xef9e,0xef9e,0xef9e,0xef9e,0xef9e,0xef9e,0xef9e,0xef9e,0xef9e,0xef9e,0xef9e,0xef9e,
  0xef9e,0xef9e,0xef9e,0xef9e,0xef9e,0xef9e,0xef9e,0xef9e,0xef9e,0xef9e,0xef9e,0xef9e,0xef9e,0xef9e,0xef9e,0xef9e,
  0xef9e,0xef9e,0xef9e,0xef9e,0xef9e,0xef9e,0xef9e,0xef9e,0xef9e,0xef9e,0xef9e,0xef9e,0xef9e,0xef9e,0xef9e,0xef9e,
  0xef9e,0xef9e,0xef9e,0xef9e,0xef9e,0xef9e,0xef9e,0xef9e,0xef9e,0xef9e,0xef9e,0xef9e,0xef9e,0xef9e,0xef9e,0xef9e,
  0xef9e,0xef9e,0xef9e,0xef9e,0xef9e,0xef9e,0xef9e,0xef9e,0xef9e,0xef9e,0xef9e,0xef9e,0xef9e,0xef9e,0xef9e,0xef9e,
  0xef9e,0xef9e,0xef9e,0xef9e,0xef9e,0xef9e,0xef9e,0xef9e,0xef9e,0xef9e,0xef9e,0xef9e,0xef9e,0xef9e,0xef9e,0xef9e,
  0xef9e,0xef9e,0xef9e,0xef9e,0xef9e,0xef9e,0xef9e,0xef9e,0xef9e,0xef9e,0xef9e,0xef9e,0xef9e,0xef9e,0xef9e,0xef9e,
  0xef9e,0xef9e,0xef9e,0xef9e,0xef9e,0xef9e,0xef9e,0xef9e,0xef9e,0xef9e,0xef9e,0xef9e,0xef9e,0xef9e,0xef9e,0xef9e,
  0xef9e,0xef9e,0xef9e,0xef9e,0xef9e,0xef9e,0xef9e,0xef9e,0xef9e,0xef9e,0xef9e,0xef9e,0xef9e,0xef9e,0xef9e,0xef9e,
  0xef9e,0xef9e,0xef9e,0xef9e,0xef9e,0xef9e,0xef9e,0xef9e,0xef9e,0xef9e,0xef9e,0xef9e,0xef9e,0xef9e,0xef9e,0xef9e,
  0xef9e,0xef9e,0xef9e,0xef9e,0xef9e,0xef9e,0xef9e,0xef9e,0xef9e,0xef9e,0xef9e,0xef9e,0xef9e,0xef9e,0xef9e,0xef9e,
  0xef9e,0xef9e,0xef9e,0xef9e,0xef9e,0xef9e,0xef9e,0xef9e,0xef9e,0xef9e,0xef7e,0xef9e,0xef9e,0xef9e,0xef9e,0xef7e,
  0xef7e,0xef9e,0xef9e,0xef9e,0xef9e,0xef9e,0xef9e,0xef9e,0xef9e,0xef9e,0xef9e,0xef9e,0xef9e,0xef9e,0xef9e,0xef9e,
  0xef9e,0xef9e,0xef9e,0xef9e,0xef9e,0xef9e,0xef9e,0xef9e,0xef9e,0xef9e,0xef9e,0xef9e,0xef9e,0xef9e,0xef9e,0xef9e,
  0xef9e,0xef9e,0xef9e,0xef9e,0xef9e,0xef9e,0xef9e,0xef9e,0xef9e,0xef9e,0xef9e,0xef9e,0xef9e,0xef9e,0xef9e,0xef9e,
  0xef9e,0xef9e,0xef9e,0xef9e,0xef9e,0xef7e,0xe75d,0xef7e,0xef9e,0xef9e,0xef9e,0xef9e,0xef9e,0xef9e,0xef9e,0xef7e,
  0xef9e,0xef9e,0xef9e,0xef9e,0xef9e,0xef9e,0xef9e,0xef9e,0xef9e,0xef9e,0xef9e,0xef9e,0xef9e,0xef9e,0xef9e,0xef9e,
  0xef9e,0xef9e,0xef9e,0xef9e,0xef9e,0xef9e,0xef9e,0xef9e,0xef9e,0xad76,0x8431,0xdefc,0xef9e,0xef9e,0xce9b,0xad97,
  0x8472,0xe73d,0xef9e,0xef9e,0xef9e,0xef9e,0xef9e,0xef9e,0xef9e,0xef9e,0xef9e,0xef9e,0xef9e,0xef9e,0xef9e,0xef9e,
  0xef9e,0xef9e,0xef9e,0xef9e,0xef9e,0xef9e,0xef9e,0xef9e,0xef9e,0xef9e,0xef9e,0xef9e,0xef9e,0xef9e,0xef9e,0xef9e,
  0xef9e,0xef9e,0xef9e,0xef9e,0xef9e,0xef9e,0xef9e,0xef9e,0xef9e,0xef9e,0xef9e,0xef9e,0xef9e,0xef9e,0xef9e,0xef9e,
  0xef9e,0xef9e,0xef9e,0xef9e,0xef9e,0xa555,0x2145,0x5b0c,0xb5b7,0xef7e,0xef9e,0xef9e,0xef9e,0xef9e,0xb5f8,0x94d4,
  0xadb7,0xef7e,0xef9e,0xef9e,0xef9e,0xef9e,0xef9e,0xef9e,0xef9e,0xef9e,0xef9e,0xef9e,0xef9e,0xef9e,0xef9e,0xef9e,
  0xef9e,0xef9e,0xef9e,0xef7e,0x7c10,0xad76,0xdefc,0xef9e,0xef7e,0x7c10,0x10a3,0xc659,0xef9e,0xef9e,0xcebb,0xad97,
  0x8473,0xe75d,0xef9e,0xef9e,0xef9e,0xef9e,0xef9e,0xef9e,0xef9e,0xef9e,0xef9e,0xef9e,0xef9e,0xef9e,0xef9e,0xef9e,
  0xef9e,0xef9e,0xef9e,0xef9e,0xef9e,0xef9e,0xef9e,0xef9e,0xef9e,0xef9e,0xef9e,0xef9e,0xef9e,0xef9e,0xef9e,0xef9e,
  0xef9e,0xef9e,0xef9e,0xef9e,0xef9e,0xef9e,0xef9e,0xef9e,0xef9e,0xef9e,0xef9e,0xef9e,0xef9e,0xef9e,0xef9e,0xef9e,
  0xef9e,0xef9e,0xef9e,0xef9e,0xef9e,0x9cf4,0x0041,0x39e8,0x0882,0x2966,0x9d14,0xef7e,0xef9e,0xef9e,0xad97,0x9d15,
  0xbe19,0xef9e,0xef9e,0xef9e,0xef9e,0xef9e,0xef9e,0xef9e,0xef9e,0xef9e,0xef9e,0xef9e,0xef9e,0xef9e,0xef9e,0xef9e,
  0xef9e,0xef9e,0xef9e,0xef7e,0x2966,0x10a3,0x10a3,0x52cb,0xbdf8,0xb5b7,0x10a3,0xc639,0xef9e,0xef9e,0xe73d,0xe73d,
  0xe75d,0xef9e,0xef9e,0xef9e,0xef9e,0xef9e,0xef9e,0xef9e,0xef9e,0xef9e,0xef9e,0xef9e,0xef9e,0xef9e,0xef9e,0xef9e,
  0xef9e,0xef9e,0xef9e,0xef9e,0xef9e,0xef9e,0xef9e,0xef9e,0xef9e,0xef9e,0xef9e,0xef9e,0xef9e,0xef9e,0xef9e,0xef9e,
  0xef9e,0xef9e,0xef9e,0xef9e,0xef9e,0xef9e,0xef9e,0xef9e,0xef9e,0xef9e,0xef9e,0xef9e,0xef9e,0xef9e,0xef9e,0xef9e,
  0xef9e,0xef9e,0xef9e,0xef7e,0xdefc,0x8c92,0x0041,0xce9a,0xce7a,0x632d,0x6b6e,0xef7e,0xef9e,0xef9e,0xbdf8,0xb5f8,
  0xce9a,0xef9e,0xef9e,0xef9e,0xef9e,0xef9e,0xef9e,0xef9e,0xef9e,0xef9e,0xef9e,0xef9e,0xef9e,0xef9e,0xef9e,0xef9e,
  0xef9e,0xef9e,0xef9e,0xef9e,0xe73d,0xbdf8,0x8451,0x4229,0x18e4,0x2125,0x0882,0xc659,0xef9e,0xef9e,0xcebb,0x9d15,
  0x94d4,0xe73d,0xef9e,0xef9e,0xef9e,0xef9e,0xef9e,0xef9e,0xef9e,0xef9e,0xef9e,0xef9e,0xef9e,0xef9e,0xef9e,0xef9e,
  0xef9e,0xef9e,0xef9e,0xef9e,0xef9e,0xef9e,0xef9e,0xef9e,0xef9e,0xef9e,0xef9e,0xef9e,0xef9e,0xef9e,0xef9e,0xef9e,
  0xef9e,0xef9e,0xef9e,0xef9e,0xef9e,0xef9e,0xef9e,0xef9e,0xef9e,0xef9e,0xef9e,0xef9e,0xef9e,0xef9e,0xef9e,0xef9e,
  0xef9e,0xef9e,0xef9e,0xe73d,0x2145,0x10a3,0x0041,0x2125,0xef7e,0xe75d,0xe73d,0xef9e,0xef9e,0xef9e,0xc67a,0xc65a,
  0xd6db,0xef9e,0xef9e,0xef9e,0xef9e,0xef9e,0xef9e,0xef9e,0xef9e,0xef9e,0xef9e,0xef9e,0xef9e,0xef9e,0xef9e,0xef9e,
  0xef9e,0xef9e,0xef9e,0xef9e,0xef9e,0xef9e,0xd6db,0xdefc,0xbdf8,0x73cf,0x5b0c,0xd6db,0xef9e,0xef9e,0xbe39,0xad76,
  0xce9b,0xef7e,0xef9e,0xef9e,0xef9e,0xef9e,0xef9e,0xef9e,0xef9e,0xef9e,0xef9e,0xef9e,0xef9e,0xef9e,0xef9e,0xef9e,
  0xef9e,0xef9e,0xef9e,0xef9e,0xef9e,0xef9e,0xef9e,0xef9e,0xef9e,0xef9e,0xef9e,0xef9e,0xef9e,0xef9e,0xef9e,0xef9e,
  0xef9e,0xef9e,0xef9e,0xef9e,0xef9e,0xef9e,0xef9e,0xef9e,0xef9e,0xef9e,0xef9e,0xef9e,0xef9e,0xef9e,0xef9e,0xef9e,
  0xef9e,0xef9e,0xef9e,0xe75d,0xb5d7,0x8c72,0x4249,0xb5d7,0xef7e,0xef9e,0xef9e,0xef9e,0xef9e,0xef9e,0x8493,0xa576,
  0xa576,0xef9e,0xef9e,0xef9e,0xef9e,0xef9e,0xef9e,0xef9e,0xef9e,0xef9e,0xef9e,0xef9e,0xef9e,0xef9e,0xef9e,0xef9e,
  0xef9e,0xef9e,0xef9e,0xef9e,0xef9e,0xef9e,0x10c3,0x4a6a,0xbe18,0xe73d,0xef7e,0xef9e,0xef9e,0xef9e,0xbe18,0xdefc,
  0xc639,0xdf1c,0xef9e,0xef9e,0xef9e,0xef9e,0xef9e,0xef9e,0xef9e,0xef9e,0xef9e,0xef9e,0xef9e,0xef9e,0xef9e,0xef9e,
  0xef9e,0xef9e,0xef9e,0xef9e,0xef9e,0xef9e,0xef9e,0xef9e,0xef9e,0xef9e,0xef9e,0xef9e,0xef9e,0xef9e,0xef9e,0xef9e,
  0xef9e,0xef9e,0xef9e,0xef9e,0xef9e,0xef9e,0xef9e,0xef9e,0xef9e,0xef9e,0xef9e,0xef9e,0xef9e,0xef9e,0xef9e,0xef9e,
  0xef9e,0xef9e,0xef9e,0xe75d,0x94d3,0xdefc,0xef7e,0xef9e,0xad76,0xad96,0xe75d,0xef9e,0xef9e,0xef9e,0x9d35,0x8c93,
  0xc639,0xef9e,0xef9e,0xef9e,0xef9e,0xef9e,0xef9e,0xef9e,0xef9e,0xef9e,0xef9e,0xef9e,0xef9e,0xef9e,0xef9e,0xef9e,
  0xef9e,0xef9e,0xef9e,0xef9e,0xef9e,0xef7e,0x0041,0x31a7,0x0882,0x2986,0x6b6e,0xdf1c,0xef9e,0xef9e,0xbdf8,0x94d4,
  0x94d4,0xe75d,0xef9e,0xef9e,0xef9e,0xef9e,0xef9e,0xef9e,0xef9e,0xef9e,0xef9e,0xef9e,0xef9e,0xef9e,0xef9e,0xef9e,
  0xef9e,0xef9e,0xef9e,0xef9e,0xef9e,0xef9e,0xef9e,0xef9e,0xef9e,0xef9e,0xef9e,0xef9e,0xef9e,0xef9e,0xef9e,0xef9e,
  0xef9e,0xef9e,0xef9e,0xef9e,0xef9e,0xef9e,0xef9e,0xef9e,0xef9e,0xef9e,0xef9e,0xef9e,0xef9e,0xef9e,0xef9e,0xef9e,
  0xef9e,0xef9e,0xef9e,0xdefc,0x0882,0x2986,0xc639,0xef7e,0x6b8e,0x0862,0x94b3,0xef9e,0xef9e,0xef9e,0xa556,0xa536,
  0xbe19,0xef9e,0xef9e,0xef9e,0xef9e,0xef9e,0xef9e,0xef9e,0xef9e,0xef9e,0xef9e,0xef9e,0xef9e,0xef9e,0xef9e,0xef9e,
  0xef9e,0xef9e,0xef9e,0xef9e,0xd6bb,0xce7a,0x0041,0xbe18,0xb5b7,0x6b8e,0x39e8,0xce7a,0xef9e,0xef9e,0xe75d,0xef9e,
  0xef7e,0xef7e,0xef9e,0xef9e,0xef9e,0xef9e,0xef9e,0xef9e,0xef9e,0xef9e,0xef9e,0xef9e,0xef9e,0xef9e,0xef9e,0xef9e,
  0xef9e,0xef9e,0xef9e,0xef9e,0xef9e,0xef9e,0xef9e,0xef9e,0xef9e,0xef9e,0xef9e,0xef9e,0xef9e,0xef9e,0xef9e,0xef9e,
  0xef9e,0xef9e,0xef9e,0xef9e,0xef9e,0xef9e,0xef9e,0xef9e,0xef9e,0xef9e,0xef9e,0xef9e,0xef9e,0xef9e,0xef9e,0xef9e,
  0xef9e,0xef9e,0xef9e,0xdefc,0x10c3,0x4a8a,0x10a3,0x94d3,0xdf1c,0x5aec,0x5b0c,0xe75d,0xef9e,0xef9e,0xad97,0xb5f8,
  0xb5f8,0xef7e,0xef9e,0xef9e,0xef9e,0xef9e,0xef9e,0xef9e,0xef9e,0xef9e,0xef9e,0xef9e,0xef9e,0xef9e,0xef9e,0xef9e,
  0xef9e,0xef9e,0xef9e,0xe75d,0x1904,0x0882,0x0021,0x0862,0x9d14,0xef7e,0xe75d,0xef9e,0xef9e,0xef9e,0xef9e,0xef9e,
  0xef9e,0xef9e,0xef9e,0xef9e,0xef9e,0xef9e,0xef9e,0xef9e,0xef9e,0xef9e,0xef9e,0xef9e,0xef9e,0xef9e,0xef9e,0xef9e,
  0xef9e,0xef9e,0xef9e,0xef9e,0xef9e,0xef9e,0xef9e,0xef9e,0xef9e,0xef9e,0xef9e,0xef9e,0xef9e,0xef9e,0xef9e,0xef9e,
  0xef9e,0xef9e,0xef9e,0xef9e,0xef9e,0xef9e,0xef9e,0xef9e,0xef9e,0xef9e,0xef9e,0xef9e,0xef9e,0xef9e,0xef9e,0xef9e,
  0xef9e,0xef9e,0xef9e,0xdefc,0x18e4,0xd6db,0x73cf,0x10a3,0x10a3,0x0862,0x8451,0xef9e,0xef9e,0xef9e,0xef9e,0xef9e,
  0xef9e,0xef9e,0xef9e,0xef9e,0xef9e,0xef9e,0xef9e,0xef9e,0xef9e,0xef9e,0xef9e,0xef9e,0xef9e,0xef9e,0xef9e,0xef9e,
  0xef9e,0xef9e,0xef9e,0xef7e,0xb5b7,0xa555,0x31c7,0xa555,0xd6db,0xef9e,0xef9e,0xef9e,0xef9e,0xef9e,0xef9e,0xef9e,
  0xef9e,0xef9e,0xef9e,0xef9e,0xef9e,0xef9e,0xef9e,0xef9e,0xef9e,0xef9e,0xef9e,0xef9e,0xef9e,0xef9e,0xef9e,0xef9e,
  0xef9e,0xef9e,0xef9e,0xef9e,0xef9e,0xef9e,0xef9e,0xef9e,0xef9e,0xef9e,0xef9e,0xef9e,0xef9e,0xef9e,0xef9e,0xef9e,
  0xef9e,0xef9e,0xef9e,0xef9e,0xef9e,0xef9e,0xef9e,0xef9e,0xef9e,0xef9e,0xef9e,0xef9e,0xef9e,0xef9e,0xef9e,0xef9e,
  0xef9e,0xef9e,0xef9e,0xe73d,0x634d,0xe75d,0xef7e,0xb5b7,0x7bf0,0x8c92,0xdf1c,0xef9e,0xef9e,0xef9e,0xef9e,0xef9e,
  0xef9e,0xef9e,0xef9e,0xef9e,0xef9e,0xef9e,0xef9e,0xef9e,0xef9e,0xef9e,0xef9e,0xef9e,0xef9e,0xef9e,0xef9e,0xef9e,
  0xef9e,0xef9e,0xef9e,0xef9e,0xef9e,0xef9e,0xe73d,0xef9e,0xef9e,0xef9e,0xef9e,0xef9e,0xef9e,0xef9e,0xef9e,0xef9e,
  0xef9e,0xef9e,0xef9e,0xef9e,0xef9e,0xef9e,0xef9e,0xef9e,0xef9e,0xef9e,0xef9e,0xef9e,0xef9e,0xef9e,0xef9e,0xef9e,
  0xef9e,0xef9e,0xef9e,0xef9e,0xef9e,0xef9e,0xef9e,0xef9e,0xef9e,0xef9e,0xef9e,0xef9e,0xef9e,0xef9e,0xef9e,0xef9e,
  0xef9e,0xef9e,0xef9e,0xef9e,0xef9e,0xef9e,0xef9e,0xef9e,0xef9e,0xef9e,0xef9e,0xef9e,0xef9e,0xef9e,0xef9e,0xef9e,
  0xef9e,0xef9e,0xef9e,0xef7e,0xc639,0xd6bb,0xef9e,0xc659,0xd6bb,0xef7e,0xef9e,0xef9e,0xef9e,0xef9e,0xef9e,0xef9e,
  0xef9e,0xef9e,0xef9e,0xef9e,0xef9e,0xef9e,0xef9e,0xef9e,0xef9e,0xef9e,0xef9e,0xef9e,0xef9e,0xef9e,0xef9e,0xef9e,
  0xef9e,0xef9e,0xef9e,0xef9e,0xe75d,0xe73d,0xe73d,0xef7e,0xef9e,0xef9e,0xef9e,0xef9e,0xef9e,0xef9e,0xef9e,0xef9e,
  0xef9e,0xef9e,0xef9e,0xef9e,0xef9e,0xef9e,0xef9e,0xef9e,0xef9e,0xef9e,0xef9e,0xef9e,0xef9e,0xef9e,0xef9e,0xef9e,
  0xef9e,0xef9e,0xef9e,0xef9e,0xef9e,0xef9e,0xef9e,0xef9e,0xef9e,0xef9e,0xef9e,0xef9e,0xef9e,0xef9e,0xef9e,0xef9e,
  0xef9e,0xef9e,0xef9e,0xef9e,0xef9e,0xef9e,0xef9e,0xef9e,0xef9e,0xef9e,0xef9e,0xef9e,0xef9e,0xef9e,0xef9e,0xef9e,
  0xef9e,0xef9e,0xef9e,0xef7e,0x3a08,0x632d,0xef7e,0x3a08,0x634d,0xef7e,0xef9e,0xef9e,0xef9e,0xef9e,0xef9e,0xef9e,
  0xef9e,0xef9e,0xef9e,0xef9e,0xef9e,0xef9e,0xef9e,0xef9e,0xef9e,0xef9e,0xef9e,0xef9e,0xef9e,0xef9e,0xef9e,0xef9e,
  0xef9e,0xef9e,0xef9e,0xef9e,0xbe39,0x7c11,0xad97,0xdf1c,0xef9e,0xef9e,0xef9e,0xef9e,0xef9e,0xef9e,0xef9e,0xef9e,
  0xef9e,0xef9e,0xef9e,0xef9e,0xef9e,0xef9e,0xef9e,0xef9e,0xef9e,0xef9e,0xef9e,0xef9e,0xef9e,0xef9e,0xef9e,0xef9e,
  0xef9e,0xef9e,0xef9e,0xef9e,0xef9e,0xef9e,0xef9e,0xef9e,0xef9e,0xef9e,0xef9e,0xef9e,0xef9e,0xef9e,0xef9e,0xef9e,
  0xef9e,0xef9e,0xef9e,0xef9e,0xef9e,0xef9e,0xef9e,0xef9e,0xef9e,0xef9e,0xef9e,0xef9e,0xef9e,0xef9e,0xef9e,0xef9e,
  0xef9e,0xef9e,0xef9e,0xef9e,0xc639,0xd6bb,0xef9e,0xc639,0xd6bb,0xef9e,0xef9e,0xef9e,0xef9e,0xef9e,0xef9e,0xef9e,
  0xef9e,0xef9e,0xef9e,0xef9e,0xef9e,0xef9e,0xef9e,0xef9e,0xef9e,0xef9e,0xef9e,0xef9e,0xef9e,0xef9e,0xef9e,0xef9e,
  0xef9e,0xef9e,0xef9e,0xef7e,0x9d35,0xc65a,0xc65a,0xef9e,0xef9e,0xef9e,0xef9e,0xef9e,0xef9e,0xef9e,0xef9e,0xef9e,
  0xef9e,0xef9e,0xef9e,0xef9e,0xef9e,0xef9e,0xef9e,0xef9e,0xef9e,0xef9e,0xef9e,0xef9e,0xef9e,0xef9e,0xef9e,0xef9e,
  0xef9e,0xef9e,0xef9e,0xef9e,0xef9e,0xef9e,0xef9e,0xef9e,0xef9e,0xef9e,0xef9e,0xef9e,0xef9e,0xef9e,0xef9e,0xef9e,
  0xef9e,0xef9e,0xef9e,0xef9e,0xef9e,0xef9e,0xef9e,0xef9e,0xef9e,0xef9e,0xef9e,0xef9e,0xef9e,0xef9e,0xef9e,0xef9e,
  0xef9e,0xef9e,0xef9e,0xef9e,0xef9e,0xef9e,0xef9e,0xef9e,0xef9e,0xef9e,0xef9e,0xef9e,0xef9e,0xef9e,0xef9e,0xef9e,
  0xef9e,0xef9e,0xef9e,0xef9e,0xef9e,0xef9e,0xef9e,0xef9e,0xef9e,0xef9e,0xef9e,0xef9e,0xef9e,0xef9e,0xef9e,0xef9e,
  0xef9e,0xef9e,0xef9e,0xef9e,0xd6bb,0xce9a,0xad97,0xef9e,0xef9e,0xef9e,0xef9e,0xef9e,0xef9e,0xef9e,0xef9e,0xef9e,
  0xef9e,0xef9e,0xef9e,0xef9e,0xef9e,0xef9e,0xef9e,0xef9e,0xef9e,0xef9e,0xef9e,0xef9e,0xef9e,0xef9e,0xef9e,0xef9e,
  0xef9e,0xef9e,0xef9e,0xef9e,0xef9e,0xef9e,0xef9e,0xef9e,0xef9e,0xef9e,0xef9e,0xef9e,0xef9e,0xef9e,0xef9e,0xef9e,
  0xef9e,0xef9e,0xef9e,0xef9e,0xef9e,0xef9e,0xef9e,0xef9e,0xef9e,0xef9e,0xef9e,0xef9e,0xef9e,0xef9e,0xef9e,0xef9e,
  0xef9e,0xef9e,0xef9e,0xef9e,0xef9e,0xef9e,0xef9e,0xef9e,0xef9e,0x6b6e,0xc639,0xef9e,0xef9e,0xef9e,0xef9e,0xef9e,
  0xef9e,0xef9e,0xef9e,0xef9e,0xef9e,0xef9e,0xef9e,0xef9e,0xef9e,0xef9e,0xef9e,0xef9e,0xef9e,0xef9e,0xef9e,0xef9e,
  0xef9e,0xef9e,0xef9e,0xef9e,0xc639,0xbe18,0xad97,0xef9e,0xef9e,0xef9e,0xef9e,0xef9e,0xef9e,0xef9e,0xef9e,0xef9e,
  0xef9e,0xef9e,0xef9e,0xef9e,0xef9e,0xef9e,0xef9e,0xef9e,0xef9e,0xef9e,0xef9e,0xef9e,0xef9e,0xef9e,0xef9e,0xef9e,
  0xef9e,0xef9e,0xef9e,0xef9e,0xef9e,0xef9e,0xef9e,0xef9e,0xef9e,0xef9e,0xef9e,0xef9e,0xef9e,0xef9e,0xef9e,0xef9e,
  0xef9e,0xef9e,0xef9e,0xef9e,0xef9e,0xef9e,0xef9e,0xef9e,0xef9e,0xef9e,0xef9e,0xef9e,0xef9e,0xef9e,0xef9e,0xef9e,
  0xef9e,0xef9e,0xef9e,0xe73d,0x6b6e,0x632d,0x632d,0x632d,0x632d,0x0882,0x634d,0xef7e,0xef9e,0xef9e,0xef9e,0xef9e,
  0xef9e,0xef9e,0xef9e,0xef9e,0xef9e,0xef9e,0xef9e,0xef9e,0xef9e,0xef9e,0xef9e,0xef9e,0xef9e,0xef9e,0xef9e,0xef9e,
  0xef9e,0xef9e,0xef9e,0xef9e,0xa576,0xad97,0xbdf8,0xef9e,0xef9e,0xef9e,0xef9e,0xef9e,0xef9e,0xef9e,0xef9e,0xef9e,
  0xef9e,0xef9e,0xef9e,0xef9e,0xef9e,0xef9e,0xef9e,0xef9e,0xef9e,0xef9e,0xef9e,0xef9e,0xef9e,0xef9e,0xef9e,0xef9e,
  0xef9e,0xef9e,0xef9e,0xef9e,0xef9e,0xef9e,0xef9e,0xef9e,0xef9e,0xef9e,0xef9e,0xef9e,0xef9e,0xef9e,0xef9e,0xef9e,
  0xef9e,0xef9e,0xef9e,0xef9e,0xef9e,0xef9e,0xef9e,0xef9e,0xef9e,0xef9e,0xef9e,0xef9e,0xef9e,0xef9e,0xef9e,0xef9e,
  0xef9e,0xef9e,0xef9e,0xe73d,0x4249,0x3a08,0x3a08,0x3a08,0x3a08,0x3a08,0x7c10,0xef7e,0xef9e,0xef9e,0xef9e,0xef9e,
  0xef9e,0xef9e,0xef9e,0xef9e,0xef9e,0xef9e,0xef9e,0xef9e,0xef9e,0xef9e,0xef9e,0xef9e,0xef9e,0xef9e,0xef9e,0xef9e,
  0xef9e,0xef9e,0xef9e,0xef9e,0xa556,0x94f5,0xcebb,0xef9e,0xef9e,0xef9e,0xef9e,0xef9e,0xef9e,0xef9e,0xef9e,0xef9e,
  0xef9e,0xef9e,0xef9e,0xef9e,0xef9e,0xef9e,0xef9e,0xef9e,0xef9e,0xef9e,0xef9e,0xef9e,0xef9e,0xef9e,0xef9e,0xef9e,
  0xef9e,0xef9e,0xef9e,0xef9e,0xef9e,0xef9e,0xef9e,0xef9e,0xef9e,0xef9e,0xef9e,0xef9e,0xef9e,0xef9e,0xef9e,0xef9e,
  0xef9e,0xef9e,0xef9e,0xef9e,0xef9e,0xef9e,0xef9e,0xef9e,0xef9e,0xef9e,0xef9e,0xef9e,0xef9e,0xef9e,0xef9e,0xef9e,
  0xef9e,0xef9e,0xef9e,0xef9e,0xef7e,0xe75d,0xe75d,0xef7e,0xe75d,0xe75d,0xef7e,0xef9e,0xef9e,0xef9e,0xef9e,0xef9e,
  0xef9e,0xef9e,0xef9e,0xef9e,0xef9e,0xef9e,0xef9e,0xef9e,0xef9e,0xef9e,0xef9e,0xef9e,0xef9e,0xef9e,0xef9e,0xef9e,
  0xef9e,0xef9e,0xef9e,0xef9e,0xef7e,0xe73d,0xce7a,0xd6fc,0xef9e,0xef9e,0xef9e,0xef9e,0xef9e,0xef9e,0xef9e,0xef9e,
  0xef9e,0xef9e,0xef9e,0xef9e,0xef9e,0xef9e,0xef9e,0xef9e,0xef9e,0xef9e,0xef9e,0xef9e,0xef9e,0xef9e,0xef9e,0xef9e,
  0xef9e,0xef9e,0xef9e,0xef9e,0xef9e,0xef9e,0xef9e,0xef9e,0xef9e,0xef9e,0xef9e,0xef9e,0xef9e,0xef9e,0xef9e,0xef9e,
  0xef9e,0xef9e,0xef9e,0xef9e,0xef9e,0xef9e,0xef9e,0xef9e,0xef9e,0xef9e,0xef9e,0xef9e,0xef9e,0xef9e,0xef9e,0xef9e,
  0xef9e,0xef9e,0xef9e,0xef9e,0xe75d,0xbdf8,0xc639,0xe75d,0xc618,0xd6bb,0xef9e,0xef9e,0xef9e,0xef9e,0xef9e,0xef9e,
  0xef9e,0xef9e,0xef9e,0xef9e,0xef9e,0xef9e,0xef9e,0xef9e,0xef9e,0xef9e,0xef9e,0xef9e,0xef9e,0xef9e,0xef9e,0xef9e,
  0xef9e,0xef9e,0xef9e,0xef9e,0xb5d8,0xad97,0x8c93,0xcebb,0xef9e,0xef9e,0xef9e,0xef9e,0xef9e,0xef9e,0xef9e,0xef9e,
  0xef9e,0xef9e,0xef9e,0xef9e,0xef9e,0xef9e,0xef9e,0xef9e,0xef9e,0xef9e,0xef9e,0xef9e,0xef9e,0xef9e,0xef9e,0xef9e,
  0xef9e,0xef9e,0xef9e,0xef9e,0xef9e,0xef9e,0xef9e,0xef9e,0xef9e,0xef9e,0xef9e,0xef9e,0xef9e,0xef9e,0xef9e,0xef9e,
  0xef9e,0xef9e,0xef9e,0xef9e,0xef9e,0xef9e,0xef9e,0xef9e,0xef9e,0xef9e,0xef9e,0xef9e,0xef9e,0xef9e,0xef9e,0xef9e,
  0xef9e,0xef9e,0xef9e,0xe75d,0x4a49,0x0882,0x0862,0x2966,0x0882,0x0862,0xa555,0xef9e,0xef9e,0xef9e,0xef9e,0xef9e,
  0xef9e,0xef9e,0xef9e,0xef9e,0xef9e,0xef9e,0xef9e,0xef9e,0xef9e,0xef9e,0xef9e,0xef9e,0xef9e,0xef9e,0xef9e,0xef9e,
  0xef9e,0xef9e,0xef9e,0xef9e,0x94d4,0x8cb3,0xbe39,0xef9e,0xef9e,0xef9e,0xef9e,0xef9e,0xef9e,0xef9e,0xef9e,0xef9e,
  0xef9e,0xef9e,0xef9e,0xef9e,0xef9e,0xef9e,0xef9e,0xef9e,0xef9e,0xef9e,0xef9e,0xef9e,0xef9e,0xef9e,0xef9e,0xef9e,
  0xef9e,0xef9e,0xef9e,0xef9e,0xef9e,0xef9e,0xef9e,0xef9e,0xef9e,0xef9e,0xef9e,0xef9e,0xef9e,0xef9e,0xef9e,0xef9e,
  0xef9e,0xef9e,0xef9e,0xef9e,0xef9e,0xef9e,0xef9e,0xef9e,0xef9e,0xef9e,0xef9e,0xef9e,0xef9e,0xef9e,0xef9e,0xef9e,
  0xef9e,0xef9e,0xef9e,0xdf1c,0x18e4,0xc639,0xbe18,0x0041,0xce7a,0x5aec,0x5b0c,0xef7e,0xef9e,0xef9e,0xef9e,0xef9e,
  0xef9e,0xef9e,0xef9e,0xef9e,0xef9e,0xef9e,0xef9e,0xef9e,0xef9e,0xef9e,0xef9e,0xef9e,0xef9e,0xef9e,0xef9e,0xef9e,
  0xef9e,0xef9e,0xef9e,0xef9e,0xef9e,0xef7e,0xef9e,0xef9e,0xef9e,0xef9e,0xef9e,0xef9e,0xef9e,0xef9e,0xef9e,0xef9e,
  0xef9e,0xef9e,0xef9e,0xef9e,0xef9e,0xef9e,0xef9e,0xef9e,0xef9e,0xef9e,0xef9e,0xef9e,0xef9e,0xef9e,0xef9e,0xef9e,
  0xef9e,0xef9e,0xef9e,0xef9e,0xef9e,0xef9e,0xef9e,0xef9e,0xef9e,0xef9e,0xef9e,0xef9e,0xef9e,0xef9e,0xef9e,0xef9e,
  0xef9e,0xef9e,0xef9e,0xef9e,0xef9e,0xef9e,0xef9e,0xef9e,0xef9e,0xef9e,0xef9e,0xef9e,0xef9e,0xef9e,0xef9e,0xef9e,
  0xef9e,0xef9e,0xef9e,0xe73d,0x2145,0x4a6a,0x4229,0x0862,0x4a6a,0x2125,0x7bf0,0xef7e,0xef9e,0xef9e,0xef9e,0xef9e,
  0xef9e,0xef9e,0xef9e,0xef9e,0xef9e,0xef9e,0xef9e,0xef9e,0xef9e,0xef9e,0xef9e,0xef9e,0xef9e,0xef9e,0xef9e,0xef9e,
  0xef9e,0xef9e,0xef9e,0xef9e,0xef9e,0xef9e,0xef9e,0xef9e,0xef9e,0xef9e,0xef9e,0xef9e,0xef9e,0xef9e,0xef9e,0xef9e,
  0xef9e,0xef9e,0xef9e,0xef9e,0xef9e,0xef9e,0xef9e,0xef9e,0xef9e,0xef9e,0xef9e,0xef9e,0xef9e,0xef9e,0xef9e,0xef9e,
  0xef9e,0xef9e,0xef9e,0xef9e,0xef9e,0xef9e,0xef9e,0xef9e,0xef9e,0xef9e,0xef9e,0xef9e,0xef9e,0xef9e,0xef9e,0xef9e,
  0xef9e,0xef9e,0xef9e,0xef9e,0xef9e,0xef9e,0xef9e,0xef9e,0xef9e,0xef9e,0xef9e,0xef9e,0xef9e,0xef9e,0xef9e,0xef9e,
  0xef9e,0xef9e,0xef9e,0xef7e,0x94d3,0x4249,0x4a8a,0x94b3,0x4a8a,0x5aec,0xd6bb,0xef9e,0xef9e,0xef9e,0xef9e,0xef9e,
  0xef9e,0xef9e,0xef9e,0xef9e,0xef9e,0xef9e,0xef9e,0xef9e,0xef9e,0xef9e,0xef9e,0xef9e,0xef9e,0xef9e,0xef9e,0xef9e,
  0xef9e,0xef9e,0xef9e,0xef9e,0xef9e,0xef9e,0xef9e,0xef9e,0xef9e,0xef9e,0xef9e,0xef9e,0xef9e,0xef9e,0xef9e,0xef9e,
  0xef9e,0xef9e,0xef9e,0xef9e,0xef9e,0xef9e,0xef9e,0xef9e,0xef9e,0xef9e,0xef9e,0xef9e,0xef9e,0xef9e,0xef9e,0xef9e,
  0xef9e,0xef9e,0xef9e,0xef9e,0xef9e,0xef9e,0xef9e,0xef9e,0xef9e,0xef9e,0xef9e,0xef7e,0xef9e,0xef9e,0xef9e,0xef9e,
  0xef9e,0xef9e,0xef9e,0xef9e,0xef9e,0xef9e,0xef9e,0xef9e,0xef9e,0xef9e,0xef9e,0xef9e,0xef9e,0xef9e,0xef9e,0xef9e,
  0xef9e,0xef9e,0xef9e,0xef9e,0xef9e,0xef9e,0xef9e,0xef9e,0xef9e,0xef9e,0xef9e,0xef9e,0xef9e,0xef9e,0xef9e,0xef9e,
  0xef9e,0xef9e,0xef9e,0xef9e,0xef9e,0xef9e,0xef9e,0xef9e,0xef9e,0xef9e,0xef9e,0xef9e,0xef9e,0xef9e,0xef9e,0xef9e,
  0xef9e,0xef9e,0xef9e,0xef9e,0xef9e,0xef9e,0xef9e,0xef9e,0xef9e,0xef9e,0xef9e,0xef9e,0xef9e,0xef9e,0xef9e,0xef9e,
  0xef9e,0xef9e,0xef9e,0xef9e,0xef9e,0xef9e,0xef9e,0xef9e,0xef9e,0xef9e,0xef9e,0xef9e,0xef9e,0xef9e,0xef9e,0xef9e,
  0xef9e,0xef9e,0xef9e,0xe73d,0xd6db,0xc67a,0xb619,0xadd8,0xadb8,0xadb7,0xa597,0xa597,0xadb7,0xadd8,0xb5f8,0xb619,
  0xbe5a,0xce9b,0xd6fc,0xe75d,0xef9e,0xef9e,0xef9e,0xef9e,0xef9e,0xef9e,0xef9e,0xef9e,0xef9e,0xef9e,0xef9e,0xef9e,
  0xef9e,0xef9e,0xef9e,0xef9e,0xef9e,0xef9e,0xef9e,0xef9e,0xef9e,0xef9e,0xef9e,0xef9e,0xef9e,0xef9e,0xef9e,0xef9e,
  0xef9e,0xef9e,0xef9e,0xef9e,0xef9e,0xef9e,0xef9e,0xef9e,0xef9e,0xef9e,0xef9e,0xef9e,0xef9e,0xef9e,0xef9e,0xef9e,
  0xef9e,0xef9e,0xef9e,0xef9e,0xef9e,0xef9e,0xef9e,0xef9e,0xef9e,0xef9e,0xef9e,0xef9e,0xef9e,0xef9e,0xef9e,0xef9e,
  0xef9e,0xef9e,0xef9e,0xef9e,0xef9e,0xef9e,0xef9e,0xef9e,0xef9e,0xef9e,0xef9e,0xef9e,0xef9e,0xef9e,0xef7e,0xdf1c,
  0xce9b,0xb5f8,0x9d56,0x9515,0x9515,0x9515,0x9515,0x9515,0x9515,0x9515,0x9515,0x9515,0x9535,0x9d36,0x9d56,0x9d76,
  0xa577,0xa597,0xadb7,0xadb8,0xb5f8,0xc67a,0xd6fc,0xe73d,0xef9e,0xef9e,0xef9e,0xef9e,0xef9e,0xef9e,0xef9e,0xef9e,
  0xef9e,0xef9e,0xef9e,0xef9e,0xef9e,0xef9e,0xef9e,0xef9e,0xef9e,0xef9e,0xef9e,0xef9e,0xef9e,0xef9e,0xef9e,0xef9e,
  0xef9e,0xef9e,0xef9e,0xef9e,0xef9e,0xef9e,0xef9e,0xef9e,0xef9e,0xef9e,0xef9e,0xef9e,0xef9e,0xef9e,0xef9e,0xef9e,
  0xef9e,0xef9e,0xef9e,0xef9e,0xef9e,0xef9e,0xef9e,0xef9e,0xef9e,0xef9e,0xef9e,0xef9e,0xef9e,0xef9e,0xef9e,0xef9e,
  0xef9e,0xef9e,0xef9e,0xef9e,0xef9e,0xef9e,0xef9e,0xef9e,0xef9e,0xef9e,0xef9e,0xef9e,0xe75d,0xbe39,0x9d56,0x9d36,
  0x9535,0x9515,0x9515,0x9535,0x9d36,0x9d56,0x9d56,0xb5f8,0xbe39,0xc67a,0xce9a,0xce9a,0xce9a,0xce7a,0xc67a,0xbe39,
  0xadb7,0xadb7,0xadb8,0xadb8,0xadd8,0xb5d8,0xb5f8,0xb619,0xbe39,0xd6db,0xef7e,0xef9e,0xef9e,0xef9e,0xef9e,0xef9e,
  0xef9e,0xef9e,0xef9e,0xef9e,0xef9e,0xef9e,0xef9e,0xef9e,0xef9e,0xef9e,0xef9e,0xef9e,0xef9e,0xef9e,0xef9e,0xef9e,
  0xef9e,0xef9e,0xef9e,0xef9e,0xef9e,0xef9e,0xef9e,0xef9e,0xef9e,0xef9e,0xef9e,0xef9e,0xef9e,0xef9e,0xef9e,0xef9e,
  0xef9e,0xef9e,0xef9e,0xef9e,0xef9e,0xef9e,0xef9e,0xef9e,0xef9e,0xef9e,0xef9e,0xef9e,0xef9e,0xef9e,0xef9e,0xef9e,
  0xef9e,0xef9e,0xef9e,0xef9e,0xef9e,0xef9e,0xef9e,0xef9e,0xef9e,0xef7e,0xce9b,0xadb8,0x9d36,0x9535,0x9515,0x9d36,
  0x9d56,0xb5f8,0xcebb,0xdf1c,0xe75d,0xf79e,0xf7be,0xef9e,0xef7e,0xef7e,0xef7e,0xef7e,0xef7e,0xef7e,0xef7e,0xf79e,
  0xf7be,0xf7be,0xef7e,0xe75d,0xdefc,0xce9a,0xbe39,0xbe19,0xbe19,0xbe39,0xc65a,0xcebb,0xdf1d,0xef9e,0xef9e,0xef9e,
  0xef9e,0xef9e,0xef9e,0xef9e,0xef9e,0xef9e,0xef9e,0xef9e,0xef9e,0xef9e,0xef9e,0xef9e,0xef9e,0xef9e,0xef9e,0xef9e,
  0xef9e,0xef9e,0xef9e,0xef9e,0xef9e,0xef9e,0xef9e,0xef9e,0xef9e,0xef9e,0xef9e,0xef9e,0xef9e,0xef9e,0xef9e,0xef9e,
  0xef9e,0xef9e,0xef9e,0xef9e,0xef9e,0xef9e,0xef9e,0xef9e,0xef9e,0xef9e,0xef9e,0xef9e,0xef9e,0xef9e,0xef9e,0xef9e,
  0xef9e,0xef9e,0xef9e,0xef9e,0xef9e,0xef9e,0xef9e,0xe75d,0xce9b,0xa577,0x9535,0x9515,0x9d36,0xa597,0xbe19,0xd6fc,
  0xf79e,0xf7be,0xf7bf,0xf7be,0xf79e,0xf79e,0xf7be,0xffdf,0xffff,0xffff,0xffff,0xffff,0xffdf,0xf79e,0xffff,0xffdf,
  0xf7be,0xf79e,0xf79e,0xf7be,0xf7bf,0xf7bf,0xf7be,0xe75d,0xd6db,0xc67a,0xc65a,0xc65a,0xc67a,0xcebb,0xdf3d,0xef7e,
  0xef9e,0xef9e,0xef9e,0xef9e,0xef9e,0xef9e,0xef9e,0xef9e,0xef9e,0xef9e,0xef9e,0xef9e,0xef9e,0xef9e,0xef9e,0xef9e,
  0xef9e,0xef9e,0xef9e,0xef9e,0xef9e,0xef9e,0xef9e,0xef9e,0xef9e,0xef9e,0xef9e,0xef9e,0xef9e,0xef9e,0xef9e,0xef9e,
  0xef9e,0xef9e,0xef9e,0xef9e,0xef9e,0xef9e,0xef9e,0xef9e,0xef9e,0xef9e,0xef9e,0xef9e,0xef9e,0xef9e,0xef9e,0xef9e,
  0xef9e,0xef9e,0xef9e,0xef9e,0xef9e,0xef7e,0xd6db,0x9d56,0x9515,0x9535,0x9d36,0xa597,0xdf1c,0xffdf,0xffdf,0xef5e,
  0xef9e,0xffdf,0xffff,0xffdf,0xffdf,0xffff,0xf79e,0xf7be,0xffff,0xef7e,0xf79e,0xef7e,0xe75d,0xa576,0xffff,0xef7d,
  0xffff,0xef7d,0xffff,0xffff,0xffff,0xffdf,0xef9e,0xef7e,0xffdf,0xffdf,0xef7e,0xce9b,0xc67a,0xce9a,0xce9b,0xd6db,
  0xe75d,0xef9e,0xef9e,0xef9e,0xef9e,0xef9e,0xef9e,0xef9e,0xef9e,0xef9e,0xef9e,0xef9e,0xef9e,0xef9e,0xef9e,0xef9e,
  0xef9e,0xef9e,0xef9e,0xef9e,0xef9e,0xef9e,0xef9e,0xef9e,0xef9e,0xef9e,0xef9e,0xef9e,0xef9e,0xef9e,0xef9e,0xef9e,
  0xef9e,0xef9e,0xef9e,0xef9e,0xef9e,0xef9e,0xef9e,0xef9e,0xef9e,0xef9e,0xef9e,0xef9e,0xef9e,0xef9e,0xef9e,0xef9e,
  0xef9e,0xef9e,0xef9e,0xef9e,0xd6fc,0xadb8,0x9515,0x9515,0x9535,0xb619,0xe73d,0xf7df,0xf79e,0xf7be,0xf7df,0xffff,
  0xf79e,0xffdf,0xe71c,0xad55,0xdedb,0xffdf,0xf7be,0xe73d,0xffff,0xef7e,0xf7be,0xef9e,0xdefc,0xad96,0xffff,0xef7d,
  0xffdf,0xdefc,0xffdf,0xe71c,0xffff,0xef7e,0xffff,0xffff,0xf7bf,0xf7be,0xf79e,0xffdf,0xef9e,0xdefc,0xcebb,0xcebb,
  0xd6db,0xdf1c,0xef7e,0xef9e,0xef9e,0xef9e,0xef9e,0xef9e,0xef9e,0xef9e,0xef9e,0xef9e,0xef9e,0xef9e,0xef9e,0xef9e,
  0xef9e,0xef9e,0xef9e,0xef9e,0xef9e,0xef9e,0xef9e,0xef9e,0xef9e,0xef9e,0xef9e,0xef9e,0xef9e,0xef9e,0xef9e,0xef9e,
  0xef9e,0xef9e,0xef9e,0xef9e,0xef9e,0xef9e,0xef9e,0xef9e,0xef9e,0xef9e,0xef9e,0xef9e,0xef9e,0xef9e,0xef9e,0xef9e,
  0xef9e,0xef9e,0xe77e,0xbe39,0x9d36,0x9515,0x9535,0xb5d8,0xe75d,0xf7bf,0xf79e,0xf7be,0xffff,0xffff,0xf79e,0xffff,
  0xf79e,0xc659,0x10c3,0x0083,0xad55,0xf7be,0xffff,0xffff,0xffff,0xffff,0xffff,0xffff,0xd6bb,0xb5b7,0xffff,0xffff,
  0xffff,0xffdf,0xffff,0xef5d,0xffff,0xe75d,0xa514,0xc618,0xf79e,0xf7bf,0xffff,0xf7be,0xf79e,0xf7df,0xf79e,0xdf1c,
  0xd6dc,0xd6dc,0xd6fc,0xe75d,0xef9e,0xef9e,0xef9e,0xef9e,0xef9e,0xef9e,0xef9e,0xef9e,0xef9e,0xef9e,0xef9e,0xef9e,
  0xef9e,0xef9e,0xef9e,0xef9e,0xef9e,0xef9e,0xef9e,0xef9e,0xef9e,0xef9e,0xef9e,0xef9e,0xef9e,0xef9e,0xef9e,0xef9e,
  0xef9e,0xef9e,0xef9e,0xef9e,0xef9e,0xef9e,0xef9e,0xef9e,0xef9e,0xef9e,0xef9e,0xef9e,0xef9e,0xef9e,0xef9e,0xef9e,
  0xef9e,0xe73d,0xa597,0x9535,0x9535,0x9d76,0xdf1c,0xffdf,0xef7e,0xffdf,0xffff,0xffff,0xffff,0xef7d,0xf7bf,0xe73d,
  0xffff,0xef7d,0x2986,0x0169,0x73ae,0xffdf,0xffff,0xffff,0xffff,0xffff,0xffff,0xffff,0xef7d,0xdf1c,0xffff,0xffff,
  0xffff,0xffff,0xffff,0xffff,0xffff,0xe73c,0x08a3,0x10a3,0xbdd7,0xdf1c,0xffff,0xf7be,0xffff,0xffdf,0xef9e,0xffff,
  0xf79e,0xdf1c,0xdefc,0xdf1c,0xe73d,0xef9e,0xef9e,0xef9e,0xef9e,0xef9e,0xef9e,0xef9e,0xef9e,0xef9e,0xef9e,0xef9e,
  0xef9e,0xef9e,0xef9e,0xef9e,0xef9e,0xef9e,0xef9e,0xef9e,0xef9e,0xef9e,0xef9e,0xef9e,0xef9e,0xef9e,0xef9e,0xef9e,
  0xef9e,0xef9e,0xef9e,0xef9e,0xef9e,0xef9e,0xef9e,0xef9e,0xef9e,0xef9e,0xef9e,0xef9e,0xef9e,0xef9e,0xef9e,0xef9e,
  0xce9b,0x9d76,0x9515,0x9d36,0xbe39,0xef9e,0xef9e,0xf7bf,0xef9e,0xef7e,0xf7df,0xe73d,0xffff,0xef9e,0xffff,0xffdf,
  0xffff,0xffdf,0x8451,0x01ab,0x4249,0xf7be,0xffff,0xffff,0xffff,0xffff,0xffff,0xffff,0xffff,0xffff,0xffff,0xffff,
  0xffff,0xffff,0xffff,0xffff,0xffdf,0x94b3,0x0127,0x10c3,0xdefb,0xffdf,0xffdf,0xef7e,0xffdf,0xef9e,0xffff,0xf7bf,
  0xf79e,0xf7df,0xef7d,0xdf1d,0xdf3d,0xe75d,0xef7e,0xef9e,0xef9e,0xef9e,0xef9e,0xef9e,0xef9e,0xef9e,0xef9e,0xef9e,
  0xef9e,0xef9e,0xef9e,0xef9e,0xef9e,0xef9e,0xef9e,0xef9e,0xef9e,0xef9e,0xef9e,0xef9e,0xef9e,0xef9e,0xef9e,0xef9e,
  0xef9e,0xef9e,0xef9e,0xef9e,0xef9e,0xef9e,0xef9e,0xef9e,0xef9e,0xef9e,0xef9e,0xef9e,0xef9e,0xef9e,0xef7e,0xc67a,
  0x9d36,0x9515,0xa576,0xcebb,0xf7bf,0xf7be,0xffff,0xffdf,0xef7d,0x8c93,0xf79e,0xf79e,0xffff,0xffff,0xffff,0xffff,
  0xffff,0xffff,0xdedb,0x0189,0x2187,0xf7be,0xffff,0xffff,0xffff,0xffff,0xffff,0xffff,0xffff,0xffff,0xffff,0xffff,
  0xffff,0xffff,0xffff,0xffff,0xf7be,0x4a8a,0x018a,0x6b8e,0xf7be,0xffff,0xffdf,0xffff,0xef7e,0xffff,0xf7df,0xf7df,
  0xffdf,0xf79e,0xffdf,0xef9e,0xe75d,0xe75d,0xe75d,0xef9e,0xef9e,0xef9e,0xef9e,0xef9e,0xef9e,0xef9e,0xef9e,0xef9e,
  0xef9e,0xef9e,0xef9e,0xef9e,0xef9e,0xef9e,0xef9e,0xef9e,0xef9e,0xef9e,0xef9e,0xef9e,0xef9e,0xef9e,0xef9e,0xef9e,
  0xef9e,0xef9e,0xef9e,0xef9e,0xef9e,0xef9e,0xef9e,0xef9e,0xef9e,0xef9e,0xef9e,0xef9e,0xef9e,0xef9e,0xbe39,0x9536,
  0x9535,0xa577,0xef9e,0xf7df,0xf7bf,0xffff,0xffff,0xdf1c,0xffff,0xc639,0xce9a,0xffff,0xffff,0xffff,0xffff,0xffff,
  0xffff,0xffff,0xf79e,0x1987,0x0169,0xef7d,0xffff,0xffff,0xffff,0xffff,0xffff,0xffff,0xffff,0xffff,0xffff,0xffff,
  0xffff,0xffff,0xffff,0xffff,0xf79e,0x1988,0x0148,0xe73c,0xffff,0xffff,0xffff,0xffff,0xffff,0xffff,0xdf1c,0xffdf,
  0xef5d,0xf79e,0xf7be,0xffdf,0xffdf,0xe77e,0xe75e,0xef7e,0xef9e,0xef9e,0xef9e,0xef9e,0xef9e,0xef9e,0xef9e,0xef9e,
  0xef9e,0xef9e,0xef9e,0xef9e,0xef9e,0xef9e,0xef9e,0xef9e,0xef9e,0xef9e,0xef9e,0xef9e,0xef9e,0xef9e,0xef9e,0xef9e,
  0xef9e,0xef9e,0xef9e,0xef9e,0xef9e,0xef9e,0xef9e,0xef9e,0xef9e,0xef9e,0xef9e,0xef9e,0xef7e,0xb619,0x9d36,0x9515,
  0xadb8,0xf7be,0xf7be,0xffdf,0xffff,0xef9e,0xffff,0xf7df,0xffdf,0xffdf,0xb5d8,0xffdf,0xffff,0xffff,0xffff,0xffff,
  0xffff,0xffff,0xf7be,0x4249,0x0169,0xa534,0xffdf,0xffff,0xffff,0xffff,0xffff,0xffff,0xffff,0xffff,0xffff,0xffff,
  0xffff,0xffff,0xffff,0xffdf,0xb5b7,0x01aa,0x31c8,0xf7be,0xffff,0xffff,0xffff,0xffff,0xffff,0xffff,0xffdf,0xe75d,
  0x8c93,0xf7be,0xffff,0xffdf,0xf7be,0xffdf,0xef9e,0xef7e,0xef9e,0xef9e,0xef9e,0xef9e,0xef9e,0xef9e,0xef9e,0xef9e,
  0xef9e,0xef9e,0xef9e,0xef9e,0xef9e,0xef9e,0xef9e,0xef9e,0xef9e,0xef9e,0xef9e,0xef9e,0xef9e,0xef9e,0xef9e,0xef9e,
  0xef9e,0xef9e,0xef9e,0xef9e,0xef9e,0xef9e,0xef9e,0xef9e,0xef9e,0xef9e,0xef9e,0xef9e,0xbe39,0x9535,0x9535,0xb619,
  0xffdf,0xf79e,0xffff,0xffdf,0xf7be,0xffdf,0xef5d,0xffff,0xffff,0xffff,0xffff,0xffff,0xffff,0xffff,0xffff,0xffff,
  0xffff,0xffff,0xffdf,0x73af,0x0882,0x738e,0xffdf,0xffff,0xffff,0xffff,0xffff,0xffff,0xffff,0xffff,0xffff,0xffff,
  0xffff,0xffff,0xffff,0xf79e,0x4229,0x0106,0x73af,0xffdf,0xffff,0xffff,0xffff,0xffff,0xffff,0xffff,0xffdf,0xad96,
  0xef5d,0xf7be,0xe73d,0xffff,0xffff,0xf7be,0xffff,0xf7be,0xef9e,0xef9e,0xef9e,0xef9e,0xef9e,0xef9e,0xef9e,0xef9e,
  0xef9e,0xef9e,0xef9e,0xef9e,0xef9e,0xef9e,0xef9e,0xef9e,0xef9e,0xef9e,0xef9e,0xef9e,0xef9e,0xef9e,0xef9e,0xef9e,
  0xef9e,0xef9e,0xef9e,0xef9e,0xef9e,0xef9e,0xef9e,0xef9e,0xef9e,0xef9e,0xef9e,0xc65a,0x9535,0x9535,0xbe39,0xffdf,
  0xef5e,0xffff,0xffdf,0xffff,0xe73d,0xffff,0xffff,0xffff,0xffff,0xffff,0xffff,0xffff,0xffff,0xffff,0xffff,0xffff,
  0xffff,0xffff,0xffff,0xef5d,0xef7d,0xffdf,0xffff,0xffff,0xffff,0xffff,0xffff,0xffff,0xffff,0xffff,0xffff,0xffff,
  0xffff,0xffff,0xffff,0xef7d,0x4229,0x10a3,0xce9a,0xffff,0xffff,0xffff,0xffff,0xffff,0xffff,0xffff,0xf79e,0xce7a,
  0xffff,0xf7df,0xffff,0xffdf,0xf79e,0xffff,0xef7e,0xffff,0xf7bf,0xef9e,0xef7e,0xef9e,0xef9e,0xef9e,0xef9e,0xef9e,
  0xef9e,0xef9e,0xef9e,0xef9e,0xef9e,0xef9e,0xef9e,0xef9e,0xef9e,0xef9e,0xef9e,0xef9e,0xef9e,0xef9e,0xef9e,0xef9e,
  0xef9e,0xef9e,0xef9e,0xef9e,0xef9e,0xef9e,0xef9e,0xef9e,0xef9e,0xef9e,0xce9b,0x9d36,0x9515,0xb5f8,0xf7be,0xf79e,
  0xffff,0xffdf,0xe75d,0xf7be,0xffff,0xffff,0xffff,0xffff,0xffff,0xffff,0xffff,0xffff,0xffff,0xffff,0xffff,0xffff,
  0xffff,0xffff,0xffff,0xffff,0xffff,0xffff,0xffff,0xffff,0xffff,0xffff,0xffff,0xffff,0xffff,0xffff,0xffff,0xffff,
  0xffff,0xffff,0xffff,0xffff,0xf7be,0xd6bb,0xffdf,0xffff,0xffff,0xffff,0xffff,0xffff,0xffff,0xffff,0xffff,0xffff,
  0xffff,0xffff,0xffff,0xef7d,0xffff,0xf7bf,0xffff,0xf7be,0xffff,0xf79e,0xef7e,0xef7e,0xef9e,0xef9e,0xef9e,0xef9e,
  0xef9e,0xef9e,0xef9e,0xef9e,0xef9e,0xef9e,0xef9e,0xef9e,0xef9e,0xef9e,0xef9e,0xef9e,0xef9e,0xef9e,0xef9e,0xef9e,
  0xef9e,0xef9e,0xef9e,0xef9e,0xef9e,0xef9e,0xef9e,0xef9e,0xef9e,0xd6fc,0x9d36,0x9515,0xadd8,0xf7df,0xf79e,0xffff,
  0xf7be,0x73af,0x73cf,0xf79e,0xffff,0xffff,0xffff,0xffff,0xffff,0xffff,0xffff,0xffff,0xffff,0xffff,0xffff,0xffff,
  0xffff,0xffff,0xffff,0xffff,0xf7df,0xf7be,0xf79e,0xe73c,0xffff,0xffff,0xffff,0xffff,0xffff,0xffff,0xffff,0xffff,
  0xffff,0xe73c,0xef7e,0xf79e,0xdedb,0xffff,0xffff,0xffff,0xffff,0xffff,0xffff,0xffff,0xffff,0xffff,0xffff,0xffff,
  0xffff,0xffff,0xffff,0xffff,0xf7be,0xef7d,0xffff,0xffff,0xf79e,0xffff,0xef9e,0xe77e,0xe75e,0xef9e,0xef9e,0xef9e,
  0xef9e,0xef9e,0xef9e,0xef9e,0xef9e,0xef9e,0xef9e,0xef9e,0xef9e,0xef9e,0xef9e,0xef9e,0xef9e,0xef9e,0xef9e,0xef9e,
  0xef9e,0xef9e,0xef9e,0xef9e,0xef9e,0xef9e,0xef9e,0xef9e,0xef7e,0xa597,0x9515,0x9d76,0xf7be,0xef7e,0xffff,0xffff,
  0xa535,0x08c4,0x0148,0x73af,0xf7be,0xffff,0xffff,0xffff,0xffff,0xffff,0xffff,0xffff,0xffff,0xffff,0xffff,0xffff,
  0xffff,0xffff,0xffff,0xffff,0x6b8f,0x6b8f,0x634e,0x7c11,0xffff,0xffff,0xffff,0xffff,0xffff,0xffff,0xffff,0xffff,
  0xffff,0x94b3,0x6baf,0xdefc,0x6b8f,0xe71c,0xffff,0xffff,0xffff,0xffff,0xffff,0xffff,0xffff,0xffff,0xffff,0xffff,
  0xffff,0xffff,0xffff,0xffff,0xffff,0xffff,0xf79e,0xef9e,0xffff,0xef9e,0xffdf,0xef7e,0xe75d,0xe75d,0xef9e,0xef9e,
  0xef9e,0xef9e,0xef9e,0xef9e,0xef9e,0xef9e,0xef9e,0xef9e,0xef9e,0xef9e,0xef9e,0xef9e,0xef9e,0xef9e,0xef9e,0xef9e,
  0xef9e,0xef9e,0xef9e,0xef9e,0xef9e,0xef9e,0xef9e,0xef9e,0xb619,0x9515,0x9d36,0xdf1c,0xf7bf,0xffff,0xffff,0xffff,
  0xf7be,0x73af,0x0148,0x0168,0x7bf0,0xffdf,0xffff,0xffff,0xffff,0xffff,0xffff,0xffff,0xffff,0xffff,0xffff,0xffff,
  0xffff,0xffff,0xffff,0xffff,0xbdf8,0x94b3,0x94d4,0xdefb,0xffff,0xffff,0xffff,0xffff,0xffff,0xffff,0xffff,0xffff,
  0xffff,0x94d4,0xb5d7,0x7c31,0x636e,0xef7d,0xffff,0xffff,0xffff,0xffff,0xffff,0xffff,0xffff,0xffff,0xffff,0xffff,
  0xffff,0xffff,0xffff,0xffff,0xffff,0xffdf,0xef5d,0xb596,0xffff,0xffdf,0xf7bf,0xf7bf,0xe75d,0xe73d,0xe75d,0xef9e,
  0xef9e,0xef9e,0xef9e,0xef9e,0xef9e,0xef9e,0xef9e,0xef9e,0xef9e,0xef9e,0xef9e,0xef9e,0xef9e,0xef9e,0xef9e,0xef9e,
  0xef9e,0xef9e,0xef9e,0xef9e,0xef9e,0xef9e,0xef9e,0xd6dc,0x9d36,0x9d36,0xc67a,0xf7df,0xf7bf,0xffff,0xffff,0xffff,
  0xffff,0xffdf,0x73cf,0x0169,0x0147,0x7bf0,0xffdf,0xffff,0xffff,0xffff,0xffff,0xffff,0xffff,0xffff,0xffff,0xffff,
  0xffff,0xffff,0xffff,0xffff,0x634e,0xb5b7,0xa556,0x8452,0xffff,0xffff,0xffff,0xffff,0xffff,0xffff,0xffff,0xffff,
  0xffff,0xe73d,0xad76,0xa535,0xb5b7,0xffdf,0xffff,0xffff,0xffff,0xffff,0xffff,0xffff,0xffff,0xffff,0xffff,0xffff,
  0xffff,0xffff,0xffff,0xffff,0xffff,0xd6ba,0x39e8,0x08a3,0xa535,0xffdf,0xf7bf,0xf7df,0xef9e,0xe73d,0xdf3d,0xef7e,
  0xef9e,0xef9e,0xef9e,0xef9e,0xef9e,0xef9e,0xef9e,0xef9e,0xef9e,0xef9e,0xef9e,0xef9e,0xef9e,0xef9e,0xef9e,0xef9e,
  0xef9e,0xef9e,0xef9e,0xef9e,0xef9e,0xef9e,0xe75d,0x9d36,0x9515,0xb5d8,0xffdf,0xf7bf,0xffff,0xffff,0xffff,0xffff,
  0xffff,0xffff,0xffdf,0x7bef,0x0968,0x0968,0x8410,0xffdf,0xffff,0xffff,0xffff,0xffff,0xffff,0xffff,0xffff,0xffff,
  0xffff,0xffff,0xffff,0xffff,0x6baf,0x4aab,0x4a8b,0xad96,0xffff,0xffff,0xffff,0xffff,0xffff,0xffff,0xffff,0xffff,
  0xffff,0x94d4,0xc659,0xe73c,0x8c93,0xdefb,0xffff,0xffff,0xffff,0xffff,0xffff,0xffff,0xffff,0xffff,0xffff,0xffff,
  0xffff,0xffff,0xffff,0xffff,0xce79,0x1925,0x026f,0x08c4,0xad55,0xe71c,0xffdf,0xf7bf,0xffff,0xe75d,0xdf1d,0xdf1d,
  0xef9e,0xef9e,0xef9e,0xef9e,0xef9e,0xef9e,0xef9e,0xef9e,0xef9e,0xef9e,0xef9e,0xef9e,0xef9e,0xef9e,0xef9e,0xef9e,
  0xef9e,0xef9e,0xef9e,0xef9e,0xef9e,0xef9e,0xc65a,0x9535,0x9d56,0xe75d,0xef7e,0xffff,0xffff,0xffff,0xffff,0xffff,
  0xffff,0xffff,0xffff,0xf7be,0x7c10,0x10e4,0x2145,0xef7d,0xffff,0xffff,0xffff,0xffff,0xffff,0xffff,0xffff,0xffff,
  0xffff,0xffff,0xffff,0xffff,0xf7be,0xef7d,0xef7d,0xffdf,0xffff,0xffff,0xffff,0xffff,0xffff,0xffff,0xffff,0xffff,
  0xffff,0xdefb,0x8c92,0x8c92,0x8c92,0xf79e,0xffff,0xffff,0xffff,0xffff,0xffff,0xffff,0xffff,0xffff,0xffff,0xffff,
  0xffff,0xffff,0xffdf,0xa555,0x19a8,0x09cb,0x2166,0xbdf8,0xf79e,0xf7bf,0xffff,0xffdf,0xef7e,0xf7df,0xdf1d,0xdf1c,
  0xe75d,0xef9e,0xef9e,0xef9e,0xef9e,0xef9e,0xef9e,0xef9e,0xef9e,0xef9e,0xef9e,0xef9e,0xef9e,0xef9e,0xef9e,0xef9e,
  0xef9e,0xef9e,0xef9e,0xef9e,0xef9e,0xdf3d,0x9d36,0x9535,0xc67a,0xf7bf,0xffdf,0xffff,0xffff,0xffff,0xffff,0xffff,
  0xffff,0xffff,0xffff,0xffff,0xf7be,0x94d3,0xdedb,0xffff,0xffff,0xffff,0xffff,0xffff,0xffff,0xffff,0xffff,0xffff,
  0xffff,0xffff,0xffff,0xffff,0xffff,0xffff,0xffff,0xffff,0xffff,0xffff,0xffff,0xffff,0xffff,0xffff,0xffff,0xffff,
  0xffff,0xffff,0xf7df,0xf7be,0xffdf,0xffff,0xffff,0xffff,0xffff,0xffff,0xffff,0xffff,0xffff,0xffff,0xffff,0xffff,
  0xffff,0xf7bf,0x8c92,0x0926,0x09aa,0x426a,0xe71c,0xffff,0xffff,0xffff,0xe75d,0xf7df,0xffdf,0xf7df,0xef7e,0xdefc,
  0xdefc,0xef7e,0xef9e,0xef9e,0xef9e,0xef9e,0xef9e,0xef9e,0xef9e,0xef9e,0xef9e,0xef9e,0xef9e,0xef9e,0xef9e,0xef9e,
  0xef9e,0xef9e,0xef9e,0xef9e,0xef9e,0xb5f8,0x9515,0x9d56,0xef9e,0xf79e,0xffff,0xffff,0xffff,0xffff,0xffff,0xffff,
  0xffff,0xffff,0xffff,0xffff,0xffff,0xffff,0xffff,0xffff,0xffdf,0xffdf,0xffdf,0xffff,0xffff,0xffff,0xffff,0xffff,
  0xffff,0xffff,0xffff,0xffff,0xffff,0xffff,0xffff,0xffff,0xffff,0xffff,0xffff,0xffff,0xffff,0xffff,0xffff,0xffff,
  0xffff,0xffff,0xffff,0xffff,0xffff,0xffff,0xffff,0xffff,0xffff,0xffff,0xffff,0xffff,0xffff,0xffff,0xffff,0xffff,
  0xffff,0xe71c,0x10c3,0x08a4,0x6b6e,0xf79e,0xffff,0xffff,0xffff,0xffdf,0xffff,0xffff,0xffff,0xf79e,0xffdf,0xdefc,
  0xd6fc,0xdf1d,0xef9e,0xef9e,0xef9e,0xef9e,0xef9e,0xef9e,0xef9e,0xef9e,0xef9e,0xef9e,0xef9e,0xef9e,0xef9e,0xef9e,
  0xef9e,0xef9e,0xef9e,0xef9e,0xe75d,0x9d36,0x9515,0xd6db,0xf79e,0xffdf,0xffff,0xffff,0xffff,0xffff,0xffff,0xffff,
  0xffff,0xffff,0xffff,0xffff,0xffff,0xffff,0xffff,0xffff,0x9d14,0x73d0,0x73d0,0xce79,0xffff,0xffff,0xffff,0xffff,
  0xffff,0xffff,0xffff,0xffff,0xffff,0xffff,0xffff,0xffff,0xffff,0xffff,0xffff,0xffff,0xffff,0xffff,0xffff,0xffff,
  0xffff,0xffff,0xffff,0xffff,0xffff,0xffff,0xffff,0xffff,0xffff,0xffff,0xffff,0xffff,0xffff,0xbdf8,0xef7d,0xf79e,
  0xd6db,0xffff,0xb596,0xa534,0xf79e,0xffff,0xffff,0xffff,0xffff,0xffff,0xf7be,0xe73d,0xffdf,0xffdf,0xf7be,0xef7e,
  0xd6fc,0xd6fc,0xef7e,0xef9e,0xef9e,0xef9e,0xef9e,0xef9e,0xef9e,0xef9e,0xef9e,0xef9e,0xef9e,0xef9e,0xef9e,0xef9e,
  0xef9e,0xef9e,0xef9e,0xef9e,0xb619,0x9515,0xa577,0xffdf,0xf7be,0xffff,0xffff,0xffff,0xffff,0xffff,0xffff,0xffff,
  0xffff,0xffff,0xffff,0xffff,0xffff,0xffff,0xffff,0xffff,0x6b8f,0xce9a,0xc659,0x7c31,0xffff,0xffff,0xffff,0xffff,
  0xffff,0xffff,0xffff,0xffff,0xffff,0xffff,0xffff,0xffff,0xffff,0xffff,0xffff,0xffff,0xffff,0xffff,0xffff,0xffff,
  0xffff,0xffff,0xffff,0xffff,0xffff,0xffff,0xffff,0xffff,0xffff,0xffff,0xffff,0xffff,0xdefc,0x73d0,0xbdf8,0x7c11,
  0x94b3,0xffff,0xffff,0xffff,0xffff,0xffff,0xffff,0xffff,0xffff,0xffff,0xffff,0xffff,0xf7be,0xffdf,0xf7be,0xffff,
  0xdf1c,0xd6db,0xdf1c,0xef9e,0xef9e,0xef9e,0xef9e,0xef9e,0xef9e,0xef9e,0xef9e,0xef9e,0xef9e,0xef9e,0xef9e,0xef9e,
  0xef9e,0xef9e,0xef9e,0xdf3d,0x9d36,0x9515,0xc67a,0xf7bf,0xffdf,0xffff,0xffff,0xffff,0xffff,0xffff,0xffff,0xffff,
  0xffff,0xffff,0xffff,0xffff,0xffff,0xffff,0xffff,0xffff,0xb5d7,0x7c11,0x7c31,0xdefc,0xffff,0xffff,0xffff,0xffff,
  0xffff,0xffff,0xffff,0xffff,0xffff,0xffff,0xffff,0xffff,0xffff,0xffff,0xffff,0xffff,0xffff,0xffff,0xffff,0xffff,
  0xffff,0xffff,0xffff,0xffff,0xffff,0xffff,0xffff,0xffff,0xffff,0xffff,0xffff,0xffff,0xffdf,0x73d0,0x6baf,0xc618,
  0xad76,0xffff,0xffff,0xffff,0xffff,0xffff,0xffff,0xffff,0xffff,0xffff,0xffff,0xf79e,0xef5d,0xffff,0xffdf,0xffdf,
  0xe75d,0xd6db,0xd6bb,0xef7e,0xef9e,0xef9e,0xef9e,0xef9e,0xef9e,0xef9e,0xef9e,0xef9e,0xef9e,0xef9e,0xef9e,0xef9e,
  0xef9e,0xef9e,0xef9e,0xc67a,0x9515,0x9d36,0xf79e,0xef7e,0xffff,0xffff,0xffff,0xffff,0xffff,0xffff,0xffff,0xffff,
  0xffff,0xffff,0xffff,0xffff,0xffff,0xffff,0xffff,0xffff,0xffdf,0xffdf,0xffdf,0xffff,0xffff,0xffff,0xffff,0xffff,
  0xffff,0xffff,0xffff,0xffff,0xffff,0xffff,0xffff,0xffff,0xffff,0xffff,0xffff,0xffff,0xffff,0xffff,0xffff,0xffff,
  0xffff,0xffff,0xffff,0xffff,0xffff,0xffff,0xffff,0xffff,0xffff,0xffff,0xffff,0xffff,0xf7be,0x8431,0x73d0,0x7c11,
  0xdf1c,0xffff,0xffff,0xffff,0xffff,0xffff,0xffff,0xffff,0xffff,0xffff,0xffff,0xffdf,0xf7be,0xbe18,0xdefc,0xef7e,
  0xf7bf,0xd6db,0xcebb,0xdf3d,0xef9e,0xef9e,0xef9e,0xef9e,0xef9e,0xef9e,0xef9e,0xef9e,0xef9e,0xef9e,0xef9e,0xef9e,
  0xef9e,0xef9e,0xef7e,0xadb7,0x9515,0xbe19,0xf7bf,0xffff,0xffff,0xffff,0xffff,0xffff,0xffff,0xffff,0xffff,0xffff,
  0xffff,0xffff,0xffff,0xffff,0xffff,0xffff,0xffff,0xffff,0xffff,0xffff,0xffff,0xffff,0xffff,0xffff,0xffff,0xffff,
  0xffff,0xffff,0xffff,0xffff,0xffff,0xffff,0xffff,0xffff,0xffff,0xffff,0xffff,0xffff,0xffff,0xffff,0xffff,0xffff,
  0xffff,0xffff,0xffff,0xffff,0xffff,0xffff,0xffff,0xffff,0xffff,0xffff,0xffff,0xffff,0xdefc,0x7c11,0xc639,0xad96,
  0x9d14,0xffff,0xffff,0xffff,0xffff,0xffff,0xffff,0xffff,0xffff,0xffff,0xf7bf,0xbe5a,0x8d16,0xbe39,0xffdf,0xffdf,
  0xf7bf,0xdf3d,0xcebb,0xd6db,0xef9e,0xef9e,0xef9e,0xef9e,0xef9e,0xef9e,0xef9e,0xef9e,0xef9e,0xef9e,0xef9e,0xef9e,
  0xef9e,0xef9e,0xdefc,0x9d36,0x9d36,0xdf1c,0xf7be,0xffff,0xffff,0xffff,0xffff,0xffff,0xffff,0xffff,0xffff,0xffff,
  0xffff,0xffff,0xffff,0xffff,0xffff,0xffff,0xffff,0xffff,0xffff,0xffff,0xffff,0xffff,0xffff,0xffff,0xffff,0xffff,
  0xffff,0xffff,0xffff,0xffff,0xffff,0xffff,0xffff,0xffff,0xffff,0xffff,0xffff,0xffff,0xffff,0xffff,0xffff,0xffff,
  0xffff,0xffff,0xffff,0xffff,0xffff,0xffff,0xffff,0xffff,0xffff,0xffff,0xffff,0xffff,0xffdf,0x9cf4,0x73f0,0x8451,
  0xef9e,0xffff,0xffff,0xffff,0xffff,0xffff,0xffff,0xffff,0xf7df,0xae9d,0xa67c,0xf7be,0xffdf,0xffff,0xef7e,0xffff,
  0xf7be,0xef9e,0xce9b,0xce9b,0xe75d,0xef9e,0xef9e,0xef9e,0xef9e,0xef9e,0xef9e,0xef9e,0xef9e,0xef9e,0xef9e,0xef9e,
  0xef9e,0xef9e,0xbe39,0x9535,0x9d36,0xf7be,0xef9e,0xffff,0xffff,0xffff,0xffff,0xffff,0xffff,0xffff,0xffff,0xffff,
  0xffff,0xffff,0xffff,0xef7e,0xef7e,0xef7e,0xef7e,0xef7e,0xef7e,0xef7e,0xef7e,0xef7e,0xef7e,0xef7e,0xef7e,0xef7e,
  0xef7e,0xf79e,0xffff,0xffff,0xffff,0xffff,0xffff,0xffff,0xffff,0xffff,0xffff,0xffff,0xffff,0xffff,0xffff,0xffff,
  0xffff,0xffff,0xffff,0xffff,0xffff,0xffff,0xffff,0xffff,0xffff,0xffff,0xffff,0xffff,0xffff,0xffff,0xffff,0xffff,
  0xffff,0xffff,0xffff,0xffff,0xffff,0xffff,0xc71e,0x85fc,0xb69d,0xe79f,0xffff,0xffff,0xffff,0xf79e,0xf7be,0xffff,
  0xf79e,0xf7df,0xce9b,0xc69a,0xd6fc,0xef9e,0xef9e,0xef9e,0xef9e,0xef9e,0xef9e,0xef9e,0xef9e,0xef9e,0xef9e,0xef9e,
  0xef9e,0xef9e,0xadd8,0x9d36,0xb5f8,0xf7be,0xffdf,0xffff,0xffff,0xffff,0xffff,0xffff,0xffff,0xffff,0xffff,0xffff,
  0xffff,0xffff,0xf7be,0xef9e,0xef9e,0xef9e,0xef9e,0xef9e,0xef9e,0xef9e,0xef9e,0xef9e,0xef9e,0xef9e,0xef9e,0xef9e,
  0xef9e,0xef7e,0xffdf,0xffff,0xffff,0xffff,0xffff,0xffff,0xffff,0xffff,0xffff,0xffff,0xffff,0xffff,0xffff,0xffff,
  0xffff,0xffff,0xffff,0xffff,0xffff,0xffff,0xffff,0xffff,0xffff,0xffff,0xffff,0xffff,0xffff,0xffff,0xffff,0xffff,
  0xffff,0xffff,0xffff,0xdf7e,0xa67d,0x6d9b,0x963c,0xf7df,0xffff,0xffff,0xffff,0xffff,0xffff,0xffff,0xef7d,0xef7e,
  0xffdf,0xf7be,0xdefc,0xc67a,0xcebb,0xef9e,0xef9e,0xef9e,0xef9e,0xef9e,0xef9e,0xef9e,0xef9e,0xef9e,0xef9e,0xef9e,
  0xef9e,0xef7e,0xa597,0x9d56,0xdf1c,0xf79e,0xffff,0xffff,0xffff,0xffff,0xffff,0xffff,0xffff,0xffff,0xffff,0xffff,
  0xffff,0xffff,0xef7e,0xef9e,0xef9e,0xef9e,0xef9e,0xef9e,0xef9e,0xef9e,0xef9e,0xef9e,0xef9e,0xef9e,0xef9e,0xef9e,
  0xef9e,0xef9e,0xef7e,0xffff,0xffff,0xffff,0xffff,0xffff,0xffff,0xffff,0xffff,0xffff,0xffff,0xffff,0xffff,0xffff,
  0xffff,0xffff,0xffff,0xffff,0xffff,0xffff,0xffff,0xffff,0xffff,0xffff,0xffff,0xffff,0xffff,0xffff,0xffff,0xffff,
  0xf7df,0xdf5e,0x5d5b,0x2c79,0xbedd,0xf7df,0xffff,0xffff,0xffff,0xffff,0xffff,0xffff,0xffff,0xffff,0xffdf,0xffff,
  0xffff,0xf79e,0xef9e,0xc67a,0xc67a,0xef9e,0xef9e,0xef9e,0xef9e,0xef9e,0xef9e,0xef9e,0xef9e,0xef9e,0xef9e,0xef9e,
  0xef9e,0xdf1c,0x9d56,0xa597,0xf7bf,0xf79e,0xffff,0xffff,0xffff,0xffff,0xffff,0xffff,0xffff,0xffff,0xffff,0xffff,
  0xffff,0xffff,0xef7e,0xef9e,0xef9e,0xef9e,0xef9e,0xef9e,0xef9e,0xef9e,0xef9e,0xef9e,0xef9e,0xef9e,0xef9e,0xef9e,
  0xef9e,0xef9e,0xef5e,0xffff,0xffff,0xffff,0xffff,0xffff,0xffff,0xffff,0xffff,0xffff,0xffff,0xffff,0xffff,0xffff,
  0xffff,0xffff,0xffff,0xffdf,0xad96,0xc639,0xbdf8,0xffff,0xffff,0xffff,0xffff,0xffff,0xffff,0xffdf,0xe79f,0x963c,
  0x4d1a,0x5d3b,0xb6bd,0xefbf,0xffff,0xffff,0xffff,0xffff,0xffff,0xffff,0xffff,0xffff,0xffff,0xffff,0xf7bf,0xdf1c,
  0xf7be,0xf7be,0xffdf,0xc67a,0xc65a,0xe75d,0xef9e,0xef9e,0xef9e,0xef9e,0xef9e,0xef9e,0xef9e,0xef9e,0xef9e,0xef9e,
  0xef9e,0xbe5a,0x9d56,0xb5f8,0xffdf,0xf7bf,0xffff,0xffff,0xffff,0xffff,0xffff,0xffff,0xffff,0xffff,0xffff,0xffff,
  0xffff,0xffff,0xef7e,0xef9e,0xef9e,0xef9e,0xe75d,0xdefc,0xe75d,0xef9e,0xef9e,0xef9e,0xef9e,0xef9e,0xe75d,0xe75d,
  0xef9e,0xef9e,0xef5e,0xffff,0xffff,0xffff,0xffff,0xffff,0xffff,0xffff,0xffff,0xffff,0xffff,0xffff,0xffff,0xffff,
  0xffff,0xffff,0xffff,0xffdf,0xa535,0xc639,0xbdf8,0xffff,0xffff,0xffff,0xffff,0xefbf,0xc6fe,0x7ddc,0x349a,0x4d1a,
  0xae9d,0xf7bf,0xffff,0xffff,0xffff,0xffff,0xffff,0xffff,0xffff,0xffff,0xffff,0xffff,0xffff,0xffff,0xffdf,0xffdf,
  0xffff,0xf7df,0xffdf,0xce9b,0xbe5a,0xd6dc,0xef9e,0xef9e,0xef9e,0xef9e,0xef9e,0xef9e,0xef9e,0xef9e,0xef9e,0xef9e,
  0xef9e,0xa597,0x9d76,0xbe39,0xffff,0xf7df,0xffff,0xffff,0xffff,0xffff,0xffff,0xffff,0xffff,0xffff,0xffff,0xffff,
  0xffff,0xffff,0xef7e,0xef9e,0xef7e,0xce9a,0x4a6a,0x18e4,0xa555,0xef9e,0xef9e,0xef9e,0xef9e,0xef9e,0x4a6a,0x4229,
  0xce9a,0xef9e,0xef5e,0xffff,0xffff,0xffff,0xffff,0xffff,0xffff,0xffff,0xffff,0xffff,0xffff,0xffff,0xffff,0xffff,
  0xffff,0xffff,0xffff,0xffff,0xffdf,0xf7bf,0xf7df,0xffff,0xffdf,0xf7df,0xb6bd,0x349a,0x1419,0x3499,0xcf1e,0xf7df,
  0xffff,0xffff,0xffff,0xffff,0xffff,0xffff,0xffff,0xffff,0xffff,0xffff,0xffff,0xffff,0xffff,0xffff,0xffff,0xf7df,
  0xef5d,0xffdf,0xffdf,0xd6db,0xbe39,0xc67a,0xef9e,0xef9e,0xef9e,0xef9e,0xef9e,0xef9e,0xef9e,0xef9e,0xef9e,0xef9e,
  0xef7e,0xa597,0xa577,0xce9b,0xf7be,0xffdf,0xffff,0xffff,0xffff,0xffff,0xffff,0xffff,0xffff,0xffff,0xffff,0xffff,
  0xffff,0xffff,0xef7e,0xef9e,0xd6bb,0x2966,0x0021,0x0041,0xa535,0xef7e,0xef7e,0xc659,0xef7e,0xef7e,0x0882,0x0862,
  0xbe18,0xef9e,0xef5e,0xffff,0xffff,0xffff,0xffff,0xffff,0xffff,0xffff,0xffff,0xffff,0xffff,0xffff,0xffff,0xffff,
  0xffff,0xffff,0xffff,0xffff,0xb5d7,0xad76,0xb5d8,0xcf1e,0x6d9b,0x2c79,0x0bf9,0x5d3b,0xc6fe,0xffff,0xffff,0xffff,
  0xffff,0xffff,0xffff,0xffff,0xffff,0xffff,0xffff,0xffff,0xffff,0xffff,0xffff,0xffff,0xffdf,0xffdf,0xf7be,0xce59,
  0xef7d,0xffdf,0xf79e,0xdefc,0xbe39,0xbe5a,0xef7e,0xef9e,0xef9e,0xef9e,0xdefc,0xa577,0xdefc,0xef9e,0xef9e,0xef9e,
  0xe75d,0xa597,0xa597,0xdefc,0xef7e,0xffff,0xffff,0xffff,0xffff,0xffff,0xffff,0xffff,0xffff,0xffff,0xffff,0xffff,
  0xffff,0xffff,0xef7e,0xef9e,0x7bf0,0x0041,0x10c3,0x6b6e,0xce7a,0xef7e,0x7c10,0x10c3,0x94b3,0xe75d,0x0882,0x0862,
  0xbe18,0xef9e,0xef5e,0xffff,0xffff,0xffff,0xffff,0xffff,0xffff,0xffff,0xffff,0xffff,0xffff,0xffff,0xffff,0xffff,
  0xffff,0xffff,0xffff,0xffdf,0x8cd4,0x9e1b,0x44da,0x03f8,0x1c39,0x5d5b,0xcf3e,0xffff,0xffff,0xffff,0xffff,0xffff,
  0xffff,0xffff,0xffff,0x5b2d,0x9d15,0xd6db,0xffff,0xffff,0xf79e,0xbdf7,0xa514,0x7c10,0x52cb,0x31e9,0x0926,0x0883,
  0xb5b7,0xffff,0xef5e,0xe73d,0xbe19,0xbe39,0xe77e,0xef9e,0xef9e,0xef9e,0xdefc,0xa577,0xdefc,0xef9e,0xef9e,0xef9e,
  0xdf1d,0xadb7,0xadb7,0xe75d,0xef5e,0xffff,0xffff,0xffff,0xffff,0xffff,0xffff,0xffff,0xa555,0x9d15,0xbe39,0xffff,
  0xffff,0xffff,0xef7e,0xef9e,0x52cb,0x0041,0x7bf0,0xef7e,0xef9e,0xef9e,0x52cb,0x0021,0x0862,0x8c92,0x0862,0x0862,
  0xbe18,0xef9e,0xef5e,0xffff,0xffff,0xffff,0xffff,0xffff,0xffff,0xffff,0xffff,0xffff,0xffff,0xffff,0xffff,0xffff,
  0xffff,0xffdf,0xe79f,0x6d9b,0x0bf8,0x0bf8,0x1419,0x655b,0xe77e,0xf7df,0xffff,0xffff,0xffff,0xffff,0xffff,0xffff,
  0xffff,0xffff,0xdf1c,0x31e9,0xce79,0xad76,0xffff,0xffff,0xce79,0x10a3,0x09aa,0x024f,0x022e,0x018a,0x0906,0x0882,
  0xa555,0xffff,0xef5e,0xef7e,0xbe19,0xbe19,0xe75d,0xef9e,0xef9e,0xef9e,0xef9e,0xef9e,0xef9e,0xef9e,0xef9e,0xef9e,
  0xdf1c,0xadb7,0xadb7,0xf79e,0xef7e,0xffff,0xffff,0xffff,0xffff,0xffff,0xffff,0xffff,0xad96,0xad97,0xce59,0xffff,
  0xffff,0xffff,0xef7e,0xef9e,0x6b6e,0x0041,0x2966,0xa555,0xbe18,0x9d14,0x2125,0x0862,0x0862,0x0882,0x0021,0x0862,
  0xbe18,0xef9e,0xef5e,0xffff,0xffff,0xffff,0xffff,0xffff,0xffff,0xffff,0xffff,0xffff,0xffff,0xffff,0xffff,0xefbf,
  0x9e5d,0x4cfa,0x1c39,0x0bf9,0x13f8,0x4415,0x8516,0xf7bf,0xffff,0xffff,0xffff,0xffff,0xffff,0xffff,0xffff,0xffff,
  0xffff,0xffff,0xce79,0x6baf,0xb5b7,0xef7e,0xffff,0xffff,0xe71c,0x39e8,0x52cc,0x73cf,0x94b3,0xad76,0xbe18,0xc639,
  0xd6bb,0xf7be,0xef5e,0xf7be,0xb619,0xb619,0xe73d,0xef9e,0xef9e,0xef9e,0xef9e,0xef9e,0xef9e,0xef9e,0xef9e,0xef9e,
  0xdefc,0xadb7,0xadd8,0xf7be,0xef7e,0xffff,0xffff,0xffff,0xffff,0xffff,0xffff,0xffff,0xd6bb,0xe71c,0xe73d,0xffff,
  0xffff,0xffff,0xef7e,0xef9e,0xbdf8,0x18e4,0x0041,0x0862,0x0882,0x0041,0x0862,0x6b8e,0x5b0c,0x0862,0x0021,0x0862,
  0xbe18,0xef9e,0xef5e,0xffff,0xffff,0xffff,0xffff,0xffff,0xffff,0xf7bf,0xdefc,0xcebb,0xdf1c,0xdf5e,0x8e1c,0x2c79,
  0x0bf9,0x0bf9,0x2c79,0x759b,0xadf9,0xa556,0xbdf8,0xffdf,0xffff,0xffff,0xffff,0xffff,0xffff,0xffff,0xffff,0xffff,
  0xffff,0xffff,0xa535,0x7bf0,0x73f0,0x8472,0xffdf,0xffff,0xffff,0xf7be,0xf7be,0xffdf,0xffff,0xffff,0xffff,0xf7df,
  0xf7be,0xffff,0xef7e,0xf7df,0xb5f8,0xb5f8,0xdf3d,0xef9e,0xef9e,0xef9e,0xcf1d,0x655b,0xcf1d,0xef9e,0xef9e,0xef9e,
  0xdefc,0xadd8,0xb5d8,0xf7be,0xef9e,0xffff,0xffff,0xffff,0xffff,0xffff,0xffff,0xffff,0xbdf8,0x94d4,0xad97,0xffff,
  0xffff,0xffff,0xef7e,0xef9e,0xef7e,0xad96,0x10c3,0x0862,0x0862,0x0882,0x632d,0xe73d,0xe75d,0x6b6e,0x0882,0x10a3,
  0xc639,0xef9e,0xef5e,0xffff,0xffff,0xffff,0xffff,0xffff,0xffff,0xce9b,0x9536,0x8d15,0x9536,0xae3a,0x1419,0x03f8,
  0x1419,0x85fc,0xefbf,0xffdf,0xffdf,0xf7df,0xffdf,0xffff,0xffff,0xffff,0xffff,0xffff,0xffff,0xffff,0xffff,0xffff,
  0xffff,0xffff,0x94b3,0xad76,0xa555,0x8431,0xffdf,0xffff,0xffff,0xffff,0xffff,0xffff,0xffff,0xffff,0xffff,0xffff,
  0xffff,0xffff,0xef9e,0xffdf,0xb5f8,0xb5f8,0xdf1c,0xef9e,0xef9e,0xef9e,0x9e3c,0x0bf9,0x9e5c,0xef9e,0xef9e,0xef9e,
  0xd6fc,0xadd8,0xb5f8,0xf7bf,0xf79e,0xffff,0xffff,0xffff,0xffff,0xffff,0xffff,0xffff,0xb5b7,0x8452,0xb5d7,0xffff,
  0xffff,0xffff,0xef7e,0xef9e,0xef9e,0xef9e,0xe73d,0xc639,0xbe18,0xd6bb,0xef7e,0xef9e,0xef9e,0xef7e,0xc659,0xc659,
  0xe75d,0xef9e,0xef5e,0xffff,0xffff,0xffff,0xffff,0xffff,0xef9e,0xadb7,0x64b6,0x13f8,0x64b6,0xa597,0x7dbb,0x963c,
  0xe79f,0xffff,0xffff,0xffff,0xffff,0xd6bb,0xffff,0xffff,0xffff,0xffff,0xffff,0xffff,0xffff,0xffff,0xffff,0xffff,
  0xffff,0xffff,0xef9e,0xce7a,0xce79,0xe73c,0xffff,0xffff,0xffff,0xffff,0xffff,0xffff,0xffff,0xffff,0xffff,0xffdf,
  0xef7d,0xf7be,0xf79e,0xffdf,0xb5d8,0xadd8,0xdf1c,0xef9e,0xef9e,0xef9e,0x9e3c,0x03f8,0x9e5c,0xef9e,0xef9e,0xef9e,
  0xdefc,0xb5d8,0xb5f8,0xf7bf,0xf79e,0xffff,0xffff,0xffff,0xffff,0xffff,0xffff,0xffff,0xdedb,0xf79e,0xffdf,0xffff,
  0xffff,0xffff,0xef7e,0xef9e,0xef9e,0xef9e,0xef9e,0xef9e,0xef9e,0xef9e,0xef9e,0xef9e,0xef9e,0xef9e,0xef9e,0xef9e,
  0xef9e,0xef9e,0xef5e,0xffff,0xffff,0xffff,0xe79f,0xa67d,0x7dbb,0xadb7,0x5cb6,0x13f8,0x64b6,0xadb7,0xef9e,0xffff,
  0xffff,0xffff,0xffff,0xffff,0xffff,0xe73d,0xffff,0xffff,0xffff,0xffff,0xffff,0xffff,0xffff,0xffff,0xffff,0xffff,
  0xffff,0xffff,0xffff,0xffff,0xffff,0xffff,0xffff,0xffff,0xffff,0xffff,0xffff,0xffff,0xffff,0xffff,0xffff,0xffdf,
  0xef7d,0xf7be,0xf79e,0xffdf,0xadd8,0xadd8,0xdefc,0xef9e,0xef9e,0xef9e,0x9e3c,0x03f8,0x9e5c,0xef9e,0xef9e,0xef9e,
  0xdf1c,0xb5f8,0xb619,0xf7bf,0xef9e,0xffff,0xffff,0xffff,0xffff,0xffff,0xffff,0xffff,0xdf1c,0x9d14,0xc659,0xffff,
  0xffff,0xffff,0xef7e,0xef9e,0xef9e,0xdefc,0x73cf,0x6b6e,0xe73d,0x31a7,0x2145,0x2145,0x2145,0x2145,0x2145,0x2986,
  0xce7a,0xef9e,0xef5e,0xffff,0xf7df,0x8e1c,0x1c39,0x0bf9,0x0c19,0xb63a,0x9536,0x8d15,0x9536,0xce9b,0xffff,0xffff,
  0xffff,0xffff,0xffff,0xffff,0xef5d,0xe73c,0xe75d,0xffff,0xffff,0xffff,0xffff,0xffff,0xffff,0xffff,0xffff,0xffff,
  0xffff,0xffff,0xffff,0xffff,0xffff,0xffff,0xffff,0xffff,0xffff,0xffff,0xffff,0xffff,0xffff,0xffff,0xffff,0xffff,
  0xffff,0xffff,0xef9e,0xffdf,0xadb8,0xadb8,0xdf1c,0xef9e,0xef9e,0xef9e,0x9e3c,0x0bf9,0x9e5c,0xef9e,0xef9e,0xef9e,
  0xdf1c,0xb5f8,0xb619,0xf7be,0xef7e,0xffff,0xffff,0xffff,0xffff,0xffff,0xffff,0xffff,0xd6db,0xd69a,0xdefc,0xffff,
  0xffff,0xffff,0xef7e,0xef9e,0xd6db,0x39e8,0x0862,0x4a6a,0xdf1c,0x0882,0x0021,0x0021,0x0021,0x0021,0x0021,0x0882,
  0xbe18,0xef9e,0xef5d,0xf79e,0xb67b,0x1419,0x0bf9,0x2c99,0x963c,0xe77e,0xdefc,0xcebb,0xdf1c,0xf7bf,0xffff,0xffff,
  0xffff,0xffff,0xffff,0xffff,0xc659,0x94d4,0xb5b7,0xffdf,0xffff,0xffff,0xffff,0xffff,0xffff,0xffff,0xffff,0xffff,
  0xffff,0xffff,0xffff,0xffff,0xffff,0xffff,0xffff,0xffff,0xffff,0xffff,0xffff,0xffff,0xffff,0xffff,0xffff,0xf7df,
  0xf7be,0xffff,0xef7e,0xf7df,0xadb7,0xadb7,0xdf1c,0xef9e,0xef9e,0xef9e,0xcf1d,0x655b,0xcf1d,0xef9e,0xef9e,0xef9e,
  0xdf3d,0xb619,0xbe19,0xf7be,0xef7e,0xffff,0xffff,0xffff,0xffff,0xffff,0xffff,0xffff,0xbe18,0x8cb3,0xd6bb,0xffff,
  0xffff,0xffff,0xef7e,0xef9e,0x8431,0x0862,0x10a3,0x7bf0,0xe73d,0x31c7,0x0041,0x2145,0x52cb,0x52cb,0x0041,0x0862,
  0xbe18,0xef9e,0xef5d,0xf7be,0xd6db,0x553a,0x9e5c,0xefbf,0xffff,0xffff,0xffff,0xffff,0xffff,0xffff,0xffff,0xffff,
  0xffff,0xffff,0xffff,0xffff,0xc659,0xce7a,0xce5a,0xffff,0xffff,0xffff,0xffff,0xffff,0xffff,0xffff,0xffff,0xffff,
  0xffff,0xffff,0xffff,0xffff,0xffff,0xffff,0xffff,0xffff,0xffff,0xffff,0xffff,0xffff,0xffff,0xffff,0xffff,0xf7be,
  0xe73d,0xf7be,0xef5e,0xf7be,0xadb7,0xadb7,0xdf1d,0xef9e,0xef9e,0xef9e,0xef9e,0xef9e,0xef9e,0xef9e,0xef9e,0xef9e,
  0xe73d,0xbe19,0xbe39,0xef7e,0xef5e,0xffff,0xffff,0xffff,0xffff,0xffff,0xffff,0xffff,0xb5b7,0xad97,0xce7a,0xffff,
  0xffff,0xffff,0xef7e,0xef9e,0x52cb,0x0041,0x73af,0xef7e,0xef9e,0xd6db,0x0882,0x3a08,0xef7e,0xef7e,0x0882,0x0862,
  0xbe18,0xef9e,0xef5e,0xffff,0xffdf,0xffff,0xffff,0xffff,0xffff,0xffff,0xffff,0xffff,0xffff,0xffff,0xffff,0xffff,
  0xffff,0xffff,0xffff,0xffff,0xf7be,0xe73c,0xef7e,0xffff,0xffff,0xffff,0xffff,0xffff,0xffff,0xffff,0xffff,0xffff,
  0xffff,0xffff,0xffff,0xffff,0xffff,0xffff,0xffff,0xffff,0xffff,0xffff,0xffff,0xffff,0xffff,0xef5d,0xc639,0xe73d,
  0xffdf,0xffff,0xef5e,0xe75d,0xa597,0xadb7,0xdf3d,0xef9e,0xef9e,0xef9e,0xef9e,0xef9e,0xef9e,0xef9e,0xef9e,0xef9e,
  0xe75e,0xbe39,0xbe39,0xe73d,0xef7e,0xffff,0xffff,0xffff,0xffff,0xffff,0xffff,0xffff,0xffff,0xffff,0xffff,0xffff,
  0xffff,0xffff,0xef7e,0xef9e,0x632d,0x0041,0x31c7,0xce7a,0xd6db,0x8431,0x0862,0x31a7,0xe75d,0xef7e,0x0882,0x0862,
  0xbe18,0xef9e,0xef5e,0xffff,0xffff,0xffff,0xffff,0xffff,0xffff,0xffff,0xffff,0xffff,0xffff,0xffff,0xffff,0xffff,
  0xffff,0xffff,0xffff,0xffdf,0x8c93,0xd69a,0xb5b7,0xffdf,0xffff,0xffff,0xffff,0xffff,0xffff,0xffff,0xffff,0xffff,
  0xffff,0xffff,0xffff,0xffff,0xffff,0xffff,0xffff,0xffff,0xffff,0xffff,0xffff,0xffff,0xffff,0xf7be,0xd6db,0xc659,
  0xbe18,0xef7d,0xef5e,0xdf1c,0xa597,0xa597,0xe75d,0xef9e,0xef9e,0xef9e,0xdefc,0xa577,0xdefc,0xef9e,0xef9e,0xef9e,
  0xef7e,0xbe39,0xbe39,0xdefc,0xf7be,0xffdf,0xffff,0xffff,0xffff,0xffff,0xffff,0xffff,0xffff,0xffff,0xffff,0xffff,
  0xffff,0xffff,0xef7e,0xef9e,0xad76,0x0882,0x0021,0x0041,0x0041,0x0021,0x0021,0x52ab,0xef9e,0xef7e,0x0882,0x0862,
  0xbe18,0xef9e,0xef5e,0xffff,0xffff,0xffff,0xffff,0xffff,0xffff,0xffff,0xffff,0xffff,0xffff,0xffff,0xffff,0xffff,
  0xffff,0xffff,0xffff,0xffff,0xd6db,0xb5b7,0xce9a,0xffff,0xffff,0xffff,0xffff,0xffff,0xffff,0xffff,0xffff,0xffff,
  0xffff,0xffff,0xffff,0xffff,0xffff,0xffff,0xffff,0xffff,0xffff,0xffff,0xffff,0xffff,0xffff,0xffff,0xffff,0xef7e,
  0xf7df,0xffdf,0xef9e,0xce9b,0xa576,0xa597,0xef7e,0xef9e,0xef9e,0xef9e,0xdefc,0xa577,0xdefc,0xef9e,0xef9e,0xef9e,
  0xef9e,0xc65a,0xbe39,0xd6db,0xffff,0xf7df,0xffff,0xffff,0xffff,0xffff,0xffff,0xffff,0xffff,0xffff,0xffff,0xffff,
  0xffff,0xffff,0xef7e,0xef9e,0xef7e,0x8451,0x0882,0x0041,0x0021,0x0862,0x2986,0xd6bb,0xef9e,0xef7e,0x18e4,0x10c3,
  0xc639,0xef9e,0xef5e,0xffff,0xffff,0xffff,0xffff,0xffff,0xffff,0xffff,0xffff,0xffff,0xffff,0xffff,0xffff,0xffff,
  0xffff,0xffff,0xffff,0xffff,0xe75d,0xdf1c,0xe73d,0xffff,0xffff,0xffff,0xffff,0xffff,0xffff,0xffff,0xffff,0xffff,
  0xffdf,0xef7e,0xdedb,0xdefb,0xf7be,0xffff,0xffff,0xffff,0xffff,0xffff,0xffff,0xffff,0xffff,0xffff,0xffff,0xffdf,
  0xef7d,0xffdf,0xffdf,0xbe39,0xa576,0xadd8,0xef9e,0xef9e,0xef9e,0xef9e,0xef9e,0xef9e,0xef9e,0xef9e,0xef9e,0xef9e,
  0xef9e,0xd6dc,0xc65a,0xce9b,0xffff,0xf7bf,0xffff,0xffff,0xffff,0xffff,0xffff,0xffff,0xffff,0xffff,0xffff,0xffff,
  0xffff,0xffff,0xef7e,0xef9e,0xef9e,0xe75d,0xc659,0xad76,0xa535,0xb5b7,0xdefc,0xef9e,0xef9e,0xef9e,0xce7a,0xce7a,
  0xe75d,0xef9e,0xef5e,0xffff,0xffff,0xffff,0xffff,0xffff,0xffff,0xffff,0xffff,0xffff,0xffff,0xffff,0xffff,0xffff,
  0xffff,0xffff,0xffff,0xffdf,0xce5a,0x8cb3,0xc639,0xffff,0xffff,0xffff,0xffff,0xffff,0xffff,0xffff,0xffff,0xffff,
  0xb5b7,0xbe18,0x73d0,0x7c11,0xdedb,0xffff,0xffff,0xffff,0xffff,0xffff,0xffff,0xffff,0xffff,0xffff,0xffdf,0xffdf,
  0xffff,0xf7df,0xffdf,0xb5d8,0x9d56,0xc67a,0xef9e,0xef9e,0xef9e,0xef9e,0xef9e,0xef9e,0xef9e,0xef9e,0xef9e,0xef9e,
  0xef9e,0xe75d,0xc65a,0xc67a,0xffdf,0xf79e,0xffff,0xffff,0xffff,0xffff,0xffff,0xffff,0xffff,0xffff,0xffff,0xffff,
  0xffff,0xffff,0xef7e,0xef9e,0xef9e,0xef9e,0xef9e,0xef9e,0xef9e,0xef9e,0xef9e,0xef9e,0xef9e,0xef9e,0xef9e,0xef9e,
  0xef9e,0xef9e,0xef5e,0xffff,0xffff,0xffff,0xffff,0xffff,0xffff,0xffff,0xffff,0xffff,0xffff,0xffff,0xffff,0xffff,
  0xffff,0xffff,0xffff,0xffff,0xa576,0xad76,0xbe18,0xffff,0xffff,0xffff,0xffff,0xffff,0xffff,0xffff,0xffff,0xffff,
  0xce9a,0x7c31,0x8cb3,0xad96,0xe71c,0xffff,0xffff,0xffff,0xffff,0xffff,0xffff,0xffff,0xffff,0xffff,0xf7df,0xdf1c,
  0xf7be,0xf7be,0xf7df,0xa576,0x9d56,0xdf1d,0xef9e,0xef9e,0xef9e,0xef9e,0xef9e,0xef9e,0xef9e,0xef9e,0xef9e,0xef9e,
  0xef9e,0xef9e,0xce9a,0xc67a,0xef7e,0xf79e,0xffff,0xffff,0xffff,0xffff,0xffff,0xffff,0xffff,0xffff,0xffff,0xffff,
  0xffff,0xffff,0xef7e,0xef9e,0xef9e,0xef9e,0xef9e,0xef9e,0xef9e,0xef9e,0xef9e,0xef9e,0xef9e,0xef9e,0xef9e,0xef9e,
  0xef9e,0xef9e,0xef7e,0xffff,0xffff,0xffff,0xffff,0xffff,0xffff,0xffff,0xffff,0xffff,0xffff,0xffff,0xffff,0xffff,
  0xffff,0xffff,0xffff,0xffff,0xffff,0xffff,0xffff,0xffff,0xffff,0xffff,0xffff,0xffff,0xffff,0xffff,0xffff,0xffff,
  0xf7be,0x8c92,0x8452,0xa555,0xffdf,0xffff,0xffff,0xf7be,0xffdf,0xffff,0xffff,0xffff,0xffff,0xffff,0xffdf,0xffff,
  0xffff,0xef9e,0xe73d,0x9d36,0xa576,0xef7e,0xef9e,0xef9e,0xef9e,0xef9e,0xef9e,0xef9e,0xef9e,0xef9e,0xef9e,0xef9e,
  0xef9e,0xef9e,0xcebb,0xc67a,0xd6dc,0xf7be,0xffdf,0xffff,0xffff,0xffff,0xffff,0xffff,0xffff,0xffff,0xffff,0xffff,
  0xffff,0xffff,0xf7be,0xef9e,0xef9e,0xef9e,0xef9e,0xef9e,0xef9e,0xef9e,0xef9e,0xef9e,0xef9e,0xef9e,0xef9e,0xef9e,
  0xef9e,0xef9e,0xffdf,0xffff,0xffff,0xffff,0xffff,0xffff,0xffff,0xffff,0xffff,0xffff,0xffff,0xffff,0xffff,0xffff,
  0xffff,0xffff,0xffff,0xffff,0xffff,0xffff,0xffff,0xffff,0xffff,0xffff,0xffff,0xffff,0xffff,0xffff,0xffff,0xffdf,
  0xa535,0xad96,0xce9a,0x7c11,0xdedb,0xffff,0xef5d,0x4a6a,0x9cf4,0xf7be,0xffff,0xffff,0xffff,0xffff,0xef7e,0xef7e,
  0xffdf,0xf79e,0xbe19,0x9535,0xadb8,0xef9e,0xef9e,0xef9e,0xef9e,0xef9e,0xef9e,0xef9e,0xef9e,0xef9e,0xef9e,0xef9e,
  0xef9e,0xef9e,0xdefc,0xc69a,0xce9b,0xffdf,0xef9e,0xffff,0xffff,0xffff,0xffff,0xffff,0xffff,0xffff,0xffff,0xffff,
  0xffff,0xffff,0xffff,0xef7e,0xef7e,0xef7e,0xef7e,0xef7e,0xef7e,0xef7e,0xef7e,0xef7e,0xef7e,0xef7e,0xef7e,0xef7e,
  0xef7e,0xf79e,0xffff,0xffff,0xffff,0xffff,0xffff,0xffff,0xffff,0xffff,0xffff,0xffff,0xffff,0xffff,0xffff,0xffff,
  0xffff,0xffff,0xffff,0xffff,0xffff,0xffff,0xffff,0xffff,0xffff,0xffff,0xffff,0xffff,0xffff,0xffff,0xffff,0xffff,
  0xe73c,0x73f0,0x73d0,0x7c31,0xf79e,0xffdf,0x73af,0x0062,0x0148,0x1967,0x8c51,0xd6ba,0xffff,0xf79e,0xf7be,0xffff,
  0xf79e,0xf79e,0x9d56,0x9515,0xbe39,0xef9e,0xef9e,0xef9e,0xef9e,0xef9e,0xef9e,0xef9e,0xef9e,0xef9e,0xef9e,0xef9e,
  0xef9e,0xef9e,0xe75d,0xce9b,0xce9b,0xef9e,0xf7be,0xffff,0xffff,0xffff,0xffff,0xffff,0xffff,0xffff,0xffff,0xffff,
  0xffff,0xffff,0xffff,0xffff,0xffff,0xffff,0xffff,0xffff,0xffff,0xffff,0xffff,0xffff,0xffff,0xffff,0xffff,0xffff,
  0xffff,0xffff,0xffff,0xffff,0xffff,0xffff,0xffff,0xffff,0xffff,0xffff,0xffff,0xffff,0xffff,0xffff,0xffff,0xffff,
  0xffff,0xffff,0xffff,0xffff,0xffff,0xffff,0xffff,0xffff,0xffff,0xffff,0xffff,0xffff,0xffff,0xffff,0xffff,0xffff,
  0xffff,0xffdf,0xffdf,0xffdf,0xffff,0xffff,0xf7be,0x7bf0,0x10c4,0x01aa,0x01ec,0x08c4,0x52cb,0xdedb,0xef7e,0xffff,
  0xf7be,0xdf1c,0x9535,0x9515,0xdefc,0xef9e,0xef9e,0xef9e,0xef9e,0xef9e,0xef9e,0xef9e,0xef9e,0xef9e,0xef9e,0xef9e,
  0xef9e,0xef9e,0xef9e,0xd6dc,0xcebb,0xdf1c,0xf7bf,0xffff,0xffff,0xffff,0xffff,0xffff,0xffff,0xffff,0xffff,0xffff,
  0xffff,0xffff,0xffff,0xffff,0xffff,0xffff,0xffff,0xffff,0xffff,0xffff,0xffff,0xffff,0xffff,0xffff,0xffff,0xffff,
  0xffff,0xffff,0xffff,0xffff,0xffff,0xffff,0xffff,0xffff,0xffff,0xffff,0xffff,0xffff,0xffff,0xffff,0xffff,0xffff,
  0xffff,0xffff,0xffff,0xffff,0xffff,0xffff,0xffff,0xffff,0xffff,0xffff,0xffff,0xffff,0xffff,0xffff,0xffff,0xffff,
  0xffff,0xffff,0xffff,0xffff,0xffff,0xffff,0xffff,0xffdf,0xdefb,0x9d14,0x3209,0x0947,0x0927,0x630c,0xffdf,0xffdf,
  0xf7be,0xbe39,0x9515,0xa597,0xef9e,0xef9e,0xef9e,0xef9e,0xef9e,0xef9e,0xef9e,0xef9e,0xef9e,0xef9e,0xef9e,0xef9e,
  0xef9e,0xef9e,0xef9e,0xdf3d,0xcebb,0xd6bb,0xf7df,0xef7e,0xffff,0xffff,0xffff,0xffff,0xffff,0xffff,0xffff,0xffff,
  0xffff,0xffff,0xffff,0xffff,0xffff,0xffff,0xffff,0xffff,0xffff,0xffff,0xffff,0xffff,0xffff,0xffff,0xffff,0xffff,
  0xffff,0xffff,0xffff,0xffff,0xffff,0xffff,0xffff,0xffff,0xffff,0xffff,0xffff,0xffff,0xffff,0xffff,0xffff,0xffff,
  0xffff,0xffff,0xffff,0xffff,0xffff,0xffff,0xffff,0xffff,0xffff,0xffff,0xffff,0xffff,0xffff,0xffff,0xffff,0xffff,
  0xffff,0xffff,0xffff,0xffff,0xffff,0xffff,0xffff,0xffff,0xffff,0xffdf,0xef7d,0xa514,0x4a6a,0xb5b6,0xffff,0xef7e,
  0xef9e,0x9d56,0x9535,0xc67a,0xef9e,0xef9e,0xef9e,0xef9e,0xef9e,0xef9e,0xef9e,0xef9e,0xef9e,0xef9e,0xef9e,0xef9e,
  0xef9e,0xef9e,0xef9e,0xef7e,0xd6bb,0xd6bb,0xe75d,0xf7df,0xffdf,0xffff,0xffff,0xffff,0xffff,0xffff,0xffff,0xffff,
  0xffff,0xffff,0xffff,0xffff,0xffff,0xffff,0xffff,0xffff,0xffff,0xffff,0xffff,0xffff,0xffff,0xffff,0xffff,0xffff,
  0xffff,0xffff,0xffff,0xffff,0xffff,0xffff,0xffff,0xffff,0xffff,0xffff,0xffff,0xffff,0xffff,0xffff,0xffff,0xffff,
  0xffff,0xffff,0xffff,0xffff,0xffff,0xffff,0xffff,0xffff,0xffff,0xffff,0xffff,0xffff,0xffff,0xffff,0xffff,0xffff,
  0xffff,0xffff,0xffff,0xffff,0xffff,0xffff,0xffff,0xffff,0xffff,0xffff,0xffff,0xf79e,0xe73d,0xffde,0xf7df,0xffdf,
  0xc65a,0x9535,0x9d36,0xdf3d,0xef9e,0xef9e,0xef9e,0xef9e,0xef9e,0xef9e,0xef9e,0xef9e,0xef9e,0xef9e,0xef9e,0xef9e,
  0xef9e,0xef9e,0xef9e,0xef9e,0xdf1c,0xd6db,0xdefc,0xffff,0xf7be,0xffff,0xffff,0xffff,0xffff,0xffff,0xffff,0xffff,
  0xffff,0xffff,0xffff,0xffff,0xffff,0xffff,0xffff,0xffff,0xffff,0xffff,0xffff,0xffff,0xffff,0xffff,0xffff,0xffff,
  0xffff,0xffff,0xffff,0xffff,0xffff,0xffff,0xffff,0xffff,0xffff,0xffff,0xffff,0xffff,0xffff,0xffff,0xffff,0xffff,
  0xffff,0xffff,0xffff,0xffff,0xffff,0xffff,0xffff,0xffff,0xf7be,0xef7e,0xef7e,0xffff,0xffff,0xffff,0xffff,0xffff,
  0xffff,0xffff,0xffff,0xffff,0xffff,0xffff,0xffff,0xffff,0xffff,0xffff,0xffff,0xffff,0xf79e,0xe633,0xef1b,0xffdf,
  0xa597,0x9515,0xb5f8,0xef9e,0xef9e,0xef9e,0xef9e,0xef9e,0xef9e,0xef9e,0xef9e,0xef9e,0xef9e,0xef9e,0xef9e,0xef9e,
  0xef9e,0xef9e,0xef9e,0xef9e,0xef9e,0xd6dc,0xd6dc,0xef9e,0xf7be,0xffdf,0xffff,0xffff,0xffff,0xffff,0xffff,0xffff,
  0xffff,0xffff,0xffff,0xffff,0xffff,0xffff,0xffff,0xffff,0xffff,0xffff,0xffff,0xffff,0xffff,0xffff,0xffff,0xffff,
  0xffff,0xffff,0xffff,0xffff,0xffff,0xffff,0xffff,0xffff,0xffff,0xffff,0xffff,0xffff,0xffff,0xffff,0xffff,0xffff,
  0xffff,0xffff,0xffff,0xffff,0xffff,0xffff,0xffff,0xf79e,0x73f0,0x5b0d,0x6baf,0xc639,0xffff,0xffff,0xffff,0xffff,
  0xffff,0xffff,0xffff,0xffff,0xffff,0xffff,0xffff,0xffff,0xffff,0xffff,0xf7be,0xe73d,0xf77c,0xcc66,0xf75c,0xcebb,
  0x9535,0x9d56,0xe73d,0xef9e,0xef9e,0xef9e,0xef9e,0xef9e,0xef9e,0xef9e,0xef9e,0xef9e,0xef9e,0xef9e,0xef9e,0xef9e,
  0xef9e,0xef9e,0xef9e,0xef9e,0xef9e,0xdf1d,0xd6fc,0xdefc,0xffdf,0xf79e,0xffff,0xffff,0xffff,0xffff,0xffff,0xffff,
  0xffff,0xffff,0xffff,0xffff,0xffff,0xffff,0xffff,0xffff,0xffff,0xffff,0xffff,0xffff,0xffff,0xffdf,0x94d3,0xb5b7,
  0x9d14,0xf7be,0xffff,0xffff,0xffff,0xffff,0xffff,0xffff,0xffff,0xffff,0xffff,0xffff,0xffff,0xffff,0xffff,0xffff,
  0xffff,0xffff,0xffff,0xffff,0xffff,0xffff,0xffff,0xf7be,0x6baf,0x6b8f,0xa555,0xc638,0xffff,0xffff,0xffff,0xffff,
  0xffff,0xffff,0xffff,0xffff,0xffff,0xffff,0xffff,0xffff,0xffff,0xffdf,0xffff,0xffde,0xd52b,0xddf2,0xf79e,0x9d36,
  0x9515,0xadd8,0xef9e,0xef9e,0xef9e,0xef9e,0xef9e,0xef9e,0xef9e,0xef9e,0xef9e,0xef9e,0xef9e,0xef9e,0xef9e,0xef9e,
  0xef9e,0xef9e,0xef9e,0xef9e,0xef9e,0xef7e,0xdefc,0xdefc,0xef7e,0xf7df,0xffdf,0xffff,0xffff,0xffff,0xffff,0xffff,
  0xffff,0xffff,0xffff,0xffff,0xffff,0xffff,0xffff,0xffff,0xffff,0xffff,0xffff,0xffff,0xffff,0xc639,0x8c72,0x634e,
  0x73f0,0xbdf8,0xffff,0xffff,0xffff,0xffff,0xffff,0xffff,0xffff,0xffff,0xffff,0xffff,0xffff,0xffff,0xffff,0xffff,
  0xffff,0xffff,0xffff,0xffff,0xffff,0xffff,0xffff,0xf7be,0xa555,0x8c93,0x9d14,0xef5d,0xffff,0xffff,0xffff,0xffff,
  0xffff,0xffff,0xffff,0xffff,0xffff,0xffff,0xffff,0xffff,0xffff,0xffff,0xe73d,0xe696,0xcc66,0xf77c,0xc65a,0x9535,
  0x9d36,0xdf1c,0xef9e,0xef9e,0xef9e,0xef9e,0xef9e,0xef9e,0xef9e,0xef9e,0xef9e,0xef9e,0xef9e,0xef9e,0xef9e,0xef9e,
  0xef9e,0xef9e,0xef9e,0xef9e,0xef9e,0xef9e,0xe75d,0xdf1c,0xdf1d,0xf7bf,0xef9e,0xffff,0xffff,0xffff,0xffff,0xffff,
  0xffff,0xffff,0xffff,0xffff,0xffff,0xffff,0xffff,0xffff,0xffff,0xffff,0xffff,0xffff,0xffff,0xf79e,0x8431,0x8c92,
  0x8452,0xef5d,0xffff,0xffff,0xffff,0xffff,0xffff,0xffff,0xffff,0xffff,0xffff,0xffff,0xffff,0xffff,0xffff,0xffff,
  0xffff,0xffff,0xffff,0xffff,0xffff,0xffff,0xffff,0xf79e,0x8472,0xad76,0xa555,0xbdf8,0xffff,0xffff,0xffff,0xffff,
  0xffff,0xffff,0xffff,0xffff,0xffff,0xffdf,0xef7d,0xffff,0xf7bf,0xf7bf,0xf77c,0xd4c9,0xe6b8,0xe75d,0x9d36,0x9535,
  0xbe59,0xef9e,0xef9e,0xef9e,0xef9e,0xef9e,0xef9e,0xef9e,0xef9e,0xef9e,0xef9e,0xef9e,0xef9e,0xef9e,0xef9e,0xef9e,
  0xef9e,0xef9e,0xef9e,0xef9e,0xef9e,0xef9e,0xef9e,0xdf1d,0xdf1d,0xe75d,0xffff,0xf7be,0xffff,0xffff,0xffff,0xffff,
  0xffff,0xffff,0xffff,0xffff,0xffff,0xffff,0xffff,0xffff,0xffff,0xffff,0xffff,0xffff,0xffff,0xef5d,0x4aab,0x426b,
  0x4aac,0xe73d,0xffff,0xffff,0xffff,0xffff,0xffff,0xffff,0xffff,0xffff,0xffff,0xffdf,0xffdf,0xef5d,0xdefb,0xffff,
  0xffff,0xffff,0xffff,0xffff,0xffff,0xffff,0xffff,0xf7be,0x634e,0x52cc,0x4aac,0xce9a,0xffff,0xffff,0xffff,0xffff,
  0xffff,0xffff,0xffff,0xffff,0xffff,0xf79e,0x73f0,0xdf1c,0xffdf,0xe71c,0xd52c,0xd54d,0xffbe,0xadd8,0x9515,0x9d36,
  0xe73d,0xef9e,0xef9e,0xef9e,0xef9e,0xef9e,0xef9e,0xef9e,0xef9e,0xef9e,0xef9e,0xef9e,0xef9e,0xef9e,0xef9e,0xef9e,
  0xef9e,0xef9e,0xef9e,0xef9e,0xef9e,0xef9e,0xef9e,0xef7e,0xdf3d,0xe73d,0xef9e,0xffdf,0xf7bf,0xffff,0xffff,0xffff,
  0xffff,0xffff,0xffff,0xffff,0xffff,0xffff,0xffff,0xffff,0xffff,0xffff,0xffff,0xffff,0xffff,0xc639,0x8c72,0xbe18,
  0x8c92,0xbe18,0xffff,0xffff,0xffff,0xffff,0xffff,0xffff,0xffff,0xffff,0xef5d,0x7c11,0xa555,0xbe18,0x94b3,0xffff,
  0xffff,0xffff,0xffff,0xffff,0xffff,0xffff,0xffff,0xffff,0xf7df,0xf79e,0xf7be,0xffff,0xffdf,0xffff,0xffff,0xffff,
  0xffff,0xffff,0xffff,0xffff,0xffff,0xffff,0xf79e,0x9d15,0xc639,0xee53,0xd4ea,0xf75c,0xc67a,0x9515,0x9535,0xcebb,
  0xef9e,0xef9e,0xef9e,0xef9e,0xef9e,0xef9e,0xef9e,0xef9e,0xef9e,0xef9e,0xef9e,0xef9e,0xef9e,0xef9e,0xef9e,0xef9e,
  0xef9e,0xef9e,0xef9e,0xef9e,0xef9e,0xef9e,0xef9e,0xef9e,0xe75d,0xe73d,0xe75d,0xf7bf,0xf7bf,0xffff,0xffff,0xffff,
  0xffff,0xffff,0xc639,0xffdf,0xffff,0xffff,0xffff,0xffff,0xffff,0xffff,0xffff,0xffff,0xffff,0xffff,0xb5b7,0xa535,
  0xb5b7,0xffdf,0xffff,0xffff,0xffff,0xffff,0xffff,0xffff,0xffff,0xffff,0xffff,0xf7be,0xb5d7,0x73d0,0xa576,0xffff,
  0xffff,0xffff,0xffff,0xffff,0xffff,0xffff,0xffff,0xffff,0xffff,0xffff,0xffff,0xdefb,0x5b0c,0x8410,0xf7be,0xffff,
  0xffff,0xffff,0xffff,0xffff,0xffff,0xffff,0xf79e,0xffdf,0xc593,0xcc24,0xeef9,0xdf1c,0x9536,0x9515,0xb5f9,0xef9e,
  0xef9e,0xef9e,0xef9e,0xef9e,0xef9e,0xef9e,0xef9e,0xef9e,0xef9e,0xef9e,0xef9e,0xef9e,0xef9e,0xef9e,0xef9e,0xef9e,
  0xef9e,0xef9e,0xef9e,0xef9e,0xef9e,0xef9e,0xef9e,0xef9e,0xef9e,0xe75d,0xe75d,0xe77e,0xffff,0xef7e,0xffff,0xffff,
  0xffdf,0xad97,0xb5b7,0xffff,0xffff,0xffff,0xffff,0xffff,0xffff,0xffff,0xffff,0xef5d,0xb5b6,0xf7be,0xffdf,0xffdf,
  0xffff,0xffff,0xffff,0xffff,0xffff,0xffff,0xffff,0xffff,0xffff,0xffff,0xf79e,0x52cc,0x426a,0x426b,0xd6bb,0xffff,
  0xffff,0xffff,0xffff,0xffff,0xffff,0xffff,0xffff,0xffff,0xffff,0xffff,0xffff,0xad96,0x08a3,0x08e5,0xbdf7,0xffff,
  0xffff,0xffff,0xffff,0xffff,0xffff,0xffff,0xf79e,0xef3b,0xcc45,0xe6f9,0xf79e,0x9d76,0x9515,0xa576,0xef7e,0xef9e,
  0xef9e,0xef9e,0xef9e,0xef9e,0xef9e,0xef9e,0xef9e,0xef9e,0xef9e,0xef9e,0xef9e,0xef9e,0xef9e,0xef9e,0xef9e,0xef9e,
  0xef9e,0xef9e,0xef9e,0xef9e,0xef9e,0xef9e,0xef9e,0xef9e,0xef9e,0xef9e,0xe75e,0xe77e,0xef9e,0xffff,0xf7be,0xffdf,
  0xce7a,0xbe18,0xffdf,0xffdf,0xffff,0xffff,0xffff,0xffff,0xffff,0xffff,0xffdf,0x8c72,0x10a3,0x6b6d,0xffff,0xffff,
  0xffff,0xffff,0xffff,0xffff,0xffff,0xffff,0xffff,0xffff,0xffff,0xffff,0xe71c,0x6baf,0xad97,0x9d14,0xa535,0xffff,
  0xffff,0xffff,0xffff,0xffff,0xffff,0xffff,0xffff,0xffff,0xffff,0xffff,0xffff,0xf7df,0x636d,0x01cb,0x31e9,0xe71c,
  0xffff,0xffff,0xffff,0xffff,0xf7be,0xef5d,0xff9c,0xd4a8,0xe633,0xf7be,0xadd8,0x9535,0x9d36,0xd6fc,0xef9e,0xef9e,
  0xef9e,0xef9e,0xef9e,0xef9e,0xef9e,0xef9e,0xef9e,0xef9e,0xef9e,0xef9e,0xef9e,0xef9e,0xef9e,0xef9e,0xef9e,0xef9e,
  0xef9e,0xef9e,0xef9e,0xef9e,0xef9e,0xef9e,0xef9e,0xef9e,0xef9e,0xef9e,0xef9e,0xef7e,0xef7e,0xf79e,0xffff,0xef1c,
  0xdb4f,0xf6bb,0xef7d,0xf7bf,0xffff,0xffff,0xffff,0xffff,0xffff,0xffff,0xd6bb,0x1967,0x0947,0xa534,0xffff,0xffff,
  0xffff,0xffff,0xffff,0xffff,0xffff,0xffff,0xffff,0xffff,0xffff,0xffff,0xffff,0xbdf8,0xa535,0xad76,0xf7be,0xffff,
  0xffff,0xffff,0xffff,0xffff,0xffff,0xffff,0xffff,0xffff,0xffff,0xffff,0xffff,0xffff,0xdefb,0x1925,0x09aa,0x632d,
  0xf7be,0xffff,0xffff,0xef7d,0xffdf,0xef1a,0xd487,0xddd1,0xf79e,0xadd8,0x9535,0x9d36,0xc67a,0xef9e,0xef9e,0xef9e,
  0xef9e,0xef9e,0xef9e,0xef9e,0xef9e,0xef9e,0xef9e,0xef9e,0xef9e,0xef9e,0xef9e,0xef9e,0xef9e,0xef9e,0xef9e,0xef9e,
  0xef9e,0xef9e,0xef9e,0xef9e,0xef9e,0xef9e,0xef9e,0xef9e,0xef9e,0xef9e,0xef9e,0xef9e,0xef7e,0xef9e,0xf7bf,0xffbe,
  0xe5b7,0xda4b,0xf6db,0xffdf,0xe73d,0xffff,0xffff,0xffff,0xffff,0xffdf,0x5b0c,0x0169,0x1905,0xf79e,0xffff,0xffff,
  0xffff,0xffff,0xffff,0xffff,0xffff,0xffff,0xffff,0xffff,0xffff,0xffff,0xffff,0xffff,0xffff,0xffff,0xffff,0xffff,
  0xffff,0xffff,0xffff,0xffff,0xffff,0xffff,0xffff,0xffff,0xffff,0xffff,0xffff,0xffff,0xffff,0xc638,0x0947,0x0989,
  0xbdf7,0xf7be,0xffff,0xffde,0xeef9,0xd486,0xde13,0xffde,0xbe39,0x9535,0x9535,0xbe5a,0xef9e,0xef9e,0xef9e,0xef9e,
  0xef9e,0xef9e,0xef9e,0xef9e,0xef9e,0xef9e,0xef9e,0xef9e,0xef9e,0xef9e,0xef9e,0xef9e,0xef9e,0xef9e,0xef9e,0xef9e,
  0xef9e,0xef9e,0xef9e,0xef9e,0xef9e,0xef9e,0xef9e,0xef9e,0xef9e,0xef9e,0xef9e,0xef9e,0xef9e,0xef9e,0xef9e,0xf7be,
  0xffdf,0xedd8,0xda8c,0xedd8,0xf79e,0xffdf,0xef5d,0xffff,0xffff,0xd6ba,0x1188,0x0989,0xbdf8,0xffff,0xffff,0xffff,
  0xffff,0xffff,0xffff,0xffff,0xffff,0xffff,0xffff,0xffff,0xffff,0xffff,0xffff,0xffdf,0xa535,0xad75,0xffdf,0xffff,
  0xffff,0xffff,0xffff,0xffff,0xffff,0xffff,0xffff,0xffff,0xffff,0xffff,0xffff,0xffff,0xffff,0xffdf,0x632d,0x0148,
  0x18e4,0xd69a,0xe73c,0xeeb6,0xd487,0xe654,0xffdf,0xb619,0x9515,0x9515,0xbe5a,0xef7e,0xef9e,0xef9e,0xef9e,0xef9e,
  0xef9e,0xef9e,0xef9e,0xef9e,0xef9e,0xef9e,0xef9e,0xef9e,0xef9e,0xef9e,0xef9e,0xef9e,0xef9e,0xef9e,0xef9e,0xef9e,
  0xef9e,0xef9e,0xef9e,0xef9e,0xef9e,0xef9e,0xef9e,0xef9e,0xef9e,0xef9e,0xef9e,0xef9e,0xef9e,0xef9e,0xef9e,0xef7e,
  0xef9e,0xffdf,0xee7a,0xda8c,0xecb3,0xef1c,0xffff,0xf7df,0xef9e,0x39e8,0x018a,0x4a6a,0xffdf,0xffff,0xffff,0xffff,
  0xffff,0xffff,0xffff,0xffff,0xf739,0xee74,0xeed7,0xff7c,0xffff,0xffff,0xffff,0xef5d,0x10c4,0x29a7,0xf79e,0xffff,
  0xffff,0xffff,0xffff,0xffff,0xffff,0xffff,0xffff,0xffff,0xffff,0xffff,0xffff,0xffff,0xffff,0xffff,0xdefc,0x39c7,
  0x52ab,0xe6fb,0xe5f0,0xcc66,0xeed8,0xef9e,0xadb8,0x9515,0x9535,0xbe19,0xef7e,0xef9e,0xef9e,0xef9e,0xef9e,0xef9e,
  0xef9e,0xef9e,0xef9e,0xef9e,0xef9e,0xef9e,0xef9e,0xef9e,0xef9e,0xef9e,0xef9e,0xef9e,0xef9e,0xef9e,0xef9e,0xef9e,
  0xef9e,0xef9e,0xef9e,0xef9e,0xef9e,0xef9e,0xef9e,0xef9e,0xef9e,0xef9e,0xef9e,0xef9e,0xef9e,0xef9e,0xef9e,0xef7e,
  0xe75d,0xe77e,0xffdf,0xf79e,0xdb90,0xdaed,0xff5d,0xdefc,0xb5d7,0x0883,0x0905,0xbdd7,0xffff,0xffff,0xffff,0xffff,
  0xffff,0xffff,0xffff,0xffff,0xf75b,0xcbe2,0xcc23,0xf719,0xffff,0xffff,0xffff,0xef5d,0x11a9,0x21c9,0xef7e,0xffff,
  0xffff,0xffff,0xffff,0xffff,0xffff,0xffff,0xffff,0xffff,0xffff,0xffff,0xffff,0xffff,0xffff,0xffff,0xdefc,0xf77d,
  0xf77c,0xd4a8,0xd50b,0xf79d,0xef7d,0xa597,0x9535,0x9535,0xbe5a,0xef9e,0xef9e,0xef9e,0xef9e,0xef9e,0xef9e,0xef9e,
  0xef9e,0xef9e,0xef9e,0xef9e,0xef9e,0xef9e,0xef9e,0xef9e,0xef9e,0xef9e,0xef9e,0xef9e,0xef9e,0xef9e,0xef9e,0xef9e,
  0xef9e,0xef9e,0xef9e,0xef9e,0xef9e,0xef9e,0xef9e,0xef9e,0xef9e,0xef9e,0xef9e,0xef9e,0xef9e,0xef9e,0xef9e,0xef7e,
  0xe75d,0xe73d,0xe75d,0xef9e,0xf77e,0xe556,0xdaac,0xe493,0xe6db,0x8431,0x73af,0xe75d,0xffff,0xffff,0xffff,0xffff,
  0xffff,0xffff,0xffff,0xffff,0xffff,0xdd4c,0xeed7,0xffff,0xffff,0xffff,0xffff,0xef7d,0x19c9,0x19c9,0xef7d,0xffff,
  0xffff,0xffff,0xffff,0xffff,0xffff,0xffff,0xe73c,0xffff,0xffff,0xffff,0xffdf,0xffff,0xef7e,0xffff,0xf77d,0xddd0,
  0xd487,0xde13,0xf79d,0xcebb,0xa576,0x9535,0x9d36,0xce9b,0xef9e,0xef9e,0xef9e,0xef9e,0xef9e,0xef9e,0xef9e,0xef9e,
  0xef9e,0xef9e,0xef9e,0xef9e,0xef9e,0xef9e,0xef9e,0xef9e,0xef9e,0xef9e,0xef9e,0xef9e,0xef9e,0xef9e,0xef9e,0xef9e,
  0xef9e,0xef9e,0xef9e,0xef9e,0xef9e,0xef9e,0xef9e,0xef9e,0xef9e,0xef9e,0xef9e,0xef9e,0xef9e,0xef9e,0xef9e,0xef9e,
  0xef7e,0xe75d,0xdf3d,0xdf1d,0xef7d,0xf7be,0xeefc,0xdbb0,0xe34f,0xedd7,0xf73c,0xe71c,0xffff,0xef9e,0xffff,0xffdf,
  0xffff,0xffff,0xffff,0xdefc,0xffff,0xffde,0xffff,0xffff,0xffff,0xffff,0xffff,0xef7d,0x21c9,0x11a9,0xef5d,0xffff,
  0xffff,0xffff,0xffff,0xffff,0xffff,0xffff,0xb5d7,0xffdf,0xffdf,0xffdf,0xffdf,0xef7d,0xf77d,0xde55,0xd4ea,0xd52c,
  0xef1b,0xef7d,0xc659,0x9d36,0x9535,0xa576,0xcebb,0xef9e,0xef9e,0xef9e,0xef9e,0xef9e,0xef9e,0xef9e,0xef9e,0xef9e,
  0xef9e,0xef9e,0xef9e,0xef9e,0xef9e,0xef9e,0xef9e,0xef9e,0xef9e,0xef9e,0xef9e,0xef9e,0xef9e,0xef9e,0xef9e,0xef9e,
  0xef9e,0xef9e,0xef9e,0xef9e,0xef9e,0xef9e,0xef9e,0xef9e,0xef9e,0xef9e,0xef9e,0xef9e,0xef9e,0xef9e,0xef9e,0xef9e,
  0xef9e,0xef9e,0xdf3d,0xdf1c,0xdefc,0xdf1c,0xf79e,0xffdf,0xee5a,0xda8c,0xdaac,0xf67a,0xffbe,0xef5d,0xf7be,0xe73d,
  0xffff,0xffdf,0xffdf,0xa535,0xffff,0xffff,0xffff,0xffff,0xffff,0xffff,0xffff,0xef9e,0x21c9,0x0989,0xef5d,0xffff,
  0xffff,0xffff,0xffff,0xffff,0xffff,0xffff,0xce9a,0xce9a,0xffdf,0xdefc,0xffde,0xe6b8,0xd4a7,0xcc66,0xe6b8,0xf7be,
  0xdf1c,0x9d76,0x9515,0x9535,0xadb7,0xe75d,0xef9e,0xef9e,0xef9e,0xef9e,0xef9e,0xef9e,0xef9e,0xef9e,0xef9e,0xef9e,
  0xef9e,0xef9e,0xef9e,0xef9e,0xef9e,0xef9e,0xef9e,0xef9e,0xef9e,0xef9e,0xef9e,0xef9e,0xef9e,0xef9e,0xef9e,0xef9e,
  0xef9e,0xef9e,0xef9e,0xef9e,0xef9e,0xef9e,0xef9e,0xef9e,0xef9e,0xef9e,0xef9e,0xef9e,0xef9e,0xef9e,0xef9e,0xef9e,
  0xef9e,0xef9e,0xef9e,0xe75d,0xd6fc,0xd6dc,0xd6db,0xdf1c,0xf7be,0xf7be,0xedd8,0xdb4f,0xdaac,0xecb4,0xeedb,0xffdf,
  0xef7e,0xef5d,0xf7df,0xb5d7,0xf7df,0xf7df,0xffff,0xffff,0xffff,0xffff,0xffff,0xf79e,0x29c8,0x0989,0xd6ba,0xffff,
  0xffff,0xffdf,0xffff,0xef5d,0xffff,0xef5d,0xef7d,0x7c31,0xf75c,0xddf1,0xd4a7,0xd4ca,0xe676,0xf7be,0xe73d,0xb5d8,
  0x9515,0x9515,0x9d36,0xc67a,0xef7e,0xef9e,0xef9e,0xef9e,0xef9e,0xef9e,0xef9e,0xef9e,0xef9e,0xef9e,0xef9e,0xef9e,
  0xef9e,0xef9e,0xef9e,0xef9e,0xef9e,0xef9e,0xef9e,0xef9e,0xef9e,0xef9e,0xef9e,0xef9e,0xef9e,0xef9e,0xef9e,0xef9e,
  0xef9e,0xef9e,0xef9e,0xef9e,0xef9e,0xef9e,0xef9e,0xef9e,0xef9e,0xef9e,0xef9e,0xef9e,0xef9e,0xef9e,0xef9e,0xef9e,
  0xef9e,0xef9e,0xef9e,0xef9e,0xef7e,0xdf1c,0xd6db,0xcebb,0xcebb,0xdefc,0xef9e,0xffbe,0xee9b,0xdc11,0xda8c,0xe36f,
  0xe4f5,0xf69a,0xd6bb,0xd69a,0xef7d,0xffdf,0xf7be,0xe73d,0xffff,0xef7e,0xf7be,0xe73c,0x31a7,0x10e4,0xc618,0xef7d,
  0xffdf,0xdefc,0xffdf,0xe71c,0xffdf,0xe6b8,0xee74,0xccc9,0xcc66,0xd54c,0xeef9,0xf7be,0xe73c,0xb5f8,0x9d36,0x9515,
  0x9515,0xadd8,0xdf1c,0xef9e,0xef9e,0xef9e,0xef9e,0xef9e,0xef9e,0xef9e,0xef9e,0xef9e,0xef9e,0xef9e,0xef9e,0xef9e,
  0xef9e,0xef9e,0xef9e,0xef9e,0xef9e,0xef9e,0xef9e,0xef9e,0xef9e,0xef9e,0xef9e,0xef9e,0xef9e,0xef9e,0xef9e,0xef9e,
  0xef9e,0xef9e,0xef9e,0xef9e,0xef9e,0xef9e,0xef9e,0xef9e,0xef9e,0xef9e,0xef9e,0xef9e,0xef9e,0xef9e,0xef9e,0xef9e,
  0xef9e,0xef9e,0xef9e,0xef9e,0xef9e,0xef9e,0xe75d,0xd6db,0xce9b,0xce9a,0xc67a,0xce9b,0xef7d,0xffbe,0xff9e,0xeebb,
  0xdc11,0xda0a,0xd1c9,0xdb2e,0xed15,0xff1c,0xef1c,0xf73d,0xffbe,0xef5d,0xf77d,0xef5d,0xf79d,0xf77d,0xf79d,0xef3c,
  0xffbd,0xe6fa,0xe653,0xdd2b,0xcc03,0xcc24,0xd52c,0xe6d9,0xf7be,0xf7be,0xdf1c,0xa597,0x9d36,0x9515,0x9535,0x9d76,
  0xd6fc,0xef9e,0xef9e,0xef9e,0xef9e,0xef9e,0xef9e,0xef9e,0xef9e,0xef9e,0xef9e,0xef9e,0xef9e,0xef9e,0xef9e,0xef9e,
  0xef9e,0xef9e,0xef9e,0xef9e,0xef9e,0xef9e,0xef9e,0xef9e,0xef9e,0xef9e,0xef9e,0xef9e,0xef9e,0xef9e,0xef9e,0xef9e,
  0xef9e,0xef9e,0xef9e,0xef9e,0xef9e,0xef9e,0xef9e,0xef9e,0xef9e,0xef9e,0xef9e,0xef9e,0xef9e,0xef9e,0xef9e,0xef9e,
  0xef9e,0xef9e,0xef9e,0xef9e,0xef9e,0xef9e,0xef9e,0xef7e,0xdf3d,0xcebb,0xc67a,0xc65a,0xc65a,0xc67a,0xd6bb,0xe73d,
  0xf77e,0xf73d,0xee7a,0xedb8,0xe4d4,0xdbb0,0xdb4f,0xdb2e,0xdb0d,0xd4ca,0xd4e9,0xd4ea,0xd50a,0xd4e9,0xd4c9,0xd4c8,
  0xd4ea,0xd50b,0xddb0,0xe655,0xeed8,0xf75c,0xf77d,0xd6db,0xbe19,0xa597,0x9d36,0x9515,0x9535,0xa597,0xce9b,0xe75d,
  0xef9e,0xef9e,0xef9e,0xef9e,0xef9e,0xef9e,0xef9e,0xef9e,0xef9e,0xef9e,0xef9e,0xef9e,0xef9e,0xef9e,0xef9e,0xef9e,
  0xef9e,0xef9e,0xef9e,0xef9e,0xef9e,0xef9e,0xef9e,0xef9e,0xef9e,0xef9e,0xef9e,0xef9e,0xef9e,0xef9e,0xef9e,0xef9e,
  0xef9e,0xef9e,0xef9e,0xef9e,0xef9e,0xef7e,0xef7e,0xef7e,0xef7e,0xce7a,0x94d3,0xef9e,0xef9e,0xef9e,0xef9e,0xef9e,
  0xef9e,0xef9e,0xef9e,0xef9e,0xef9e,0xef9e,0xef9e,0xef9e,0xef9e,0xef9e,0xdf1d,0xcebb,0xc65a,0xbe39,0xbe19,0xbe19,
  0xbe19,0xc67a,0xdefc,0xe75d,0xef7d,0xf77e,0xf75d,0xef3d,0xeefc,0xeefa,0xe6d9,0xe6b8,0xe6d8,0xeef9,0xef1b,0xef5c,
  0xf77d,0xef7d,0xe75d,0xdf1c,0xcebb,0xb5f8,0x9d56,0x9d36,0x9515,0x9535,0x9d36,0xadb8,0xce9b,0xef7e,0xef9e,0xef9e,
  0xef9e,0xef9e,0xef9e,0xef9e,0xef9e,0xef9e,0xef9e,0xef9e,0xef9e,0xef9e,0xef9e,0xef9e,0xef9e,0xef9e,0xef9e,0xef9e,
  0xef9e,0xef9e,0xef9e,0xef9e,0xef9e,0xef9e,0xef9e,0xef9e,0xef9e,0xef9e,0xef9e,0xef9e,0xef9e,0xef9e,0xef9e,0xef9e,
  0xef9e,0xef9e,0xef9e,0xef7e,0x9cf4,0x94b3,0x94b3,0x94b3,0x94b3,0x632d,0x0882,0xce9a,0xef9e,0xef9e,0xef9e,0xef9e,
  0xef9e,0xef9e,0xef9e,0xef9e,0xef9e,0xef9e,0xef9e,0xef9e,0xef9e,0xef9e,0xef9e,0xef9e,0xef7e,0xd6dc,0xbe39,0xb619,
  0xb5f8,0xb5d8,0xadd8,0xadb8,0xadb7,0xadb7,0xadb7,0xbe19,0xc65a,0xc67a,0xce9a,0xce9a,0xce9a,0xc67a,0xbe39,0xb5d8,
  0x9d56,0x9d56,0x9d36,0x9535,0x9515,0x9515,0x9535,0x9d36,0x9d56,0xbe39,0xe75d,0xef9e,0xef9e,0xef9e,0xef9e,0xef9e,
  0xef9e,0xef9e,0xef9e,0xef9e,0xef9e,0xef9e,0xef9e,0xef9e,0xef9e,0xef9e,0xef9e,0xef9e,0xef9e,0xef9e,0xef9e,0xef9e,
  0xef9e,0xef9e,0xef9e,0xef9e,0xef9e,0xef9e,0xef9e,0xef9e,0xef9e,0xef9e,0xef9e,0xef9e,0xef9e,0xef9e,0xef9e,0xef9e,
  0xef9e,0xef9e,0xef9e,0xe75d,0x31a7,0x2125,0x2125,0x2125,0x2125,0x2125,0x2966,0xce7a,0xef9e,0xef9e,0xef9e,0xef9e,
  0xef9e,0xef9e,0xef9e,0xef9e,0xef9e,0xef9e,0xef9e,0xef9e,0xef9e,0xef9e,0xef9e,0xef9e,0xef9e,0xef9e,0xef9e,0xe73d,
  0xd6fc,0xc67a,0xb5f8,0xadb7,0xadb7,0xa597,0xa577,0x9d76,0x9d56,0x9d36,0x9535,0x9515,0x9515,0x9515,0x9515,0x9515,
  0x9515,0x9515,0x9515,0x9535,0x9d56,0xb5f8,0xce9b,0xdf1c,0xef7e,0xef9e,0xef9e,0xef9e,0xef9e,0xef9e,0xef9e,0xef9e,
  0xef9e,0xef9e,0xef9e,0xef9e,0xef9e,0xef9e,0xef9e,0xef9e,0xef9e,0xef9e,0xef9e,0xef9e,0xef9e,0xef9e,0xef9e,0xef9e,
  0xef9e,0xef9e,0xef9e,0xef9e,0xef9e,0xef9e,0xef9e,0xef9e,0xef9e,0xef9e,0xef9e,0xef9e,0xef9e,0xef9e,0xef9e,0xef9e,
  0xef9e,0xef9e,0xef9e,0xef9e,0xef9e,0xef7e,0xef7e,0xef7e,0xef7e,0xef7e,0xef9e,0xef9e,0xef9e,0xef9e,0xef9e,0xef9e,
  0xef9e,0xef9e,0xef9e,0xef9e,0xef9e,0xef9e,0xef9e,0xef9e,0xef9e,0xef9e,0xef9e,0xef9e,0xef9e,0xef9e,0xef9e,0xef9e,
  0xef9e,0xef9e,0xef9e,0xe75d,0xdefc,0xce9b,0xbe5a,0xb619,0xb5f8,0xadd8,0xadb7,0xa597,0xa597,0xadb7,0xadd8,0xb5d8,
  0xb619,0xc67a,0xd6db,0xdf3d,0xef9e,0xef9e,0xef9e,0xef9e,0xef9e,0xef9e,0xef9e,0xef9e,0xef9e,0xef9e,0xef9e,0xef9e,
  0xef9e,0xef9e,0xef9e,0xef9e,0xef9e,0xef9e,0xef9e,0xef9e,0xef9e,0xef9e,0xef9e,0xef9e,0xef9e,0xef9e,0xef9e,0xef9e,
  0xef9e,0xef9e,0xef9e,0xef9e,0xef9e,0xef9e,0xef9e,0xef9e,0xef9e,0xef9e,0xef9e,0xef9e,0xef9e,0xef9e,0xef9e,0xef9e,
  0xef9e,0xef9e,0xef9e,0xef9e,0xef9e,0xef9e,0xef9e,0xef9e,0xef9e,0xef9e,0xef9e,0xef9e,0xef9e,0xef9e,0xef9e,0xef9e,
  0xef9e,0xef9e,0xef9e,0xef9e,0xef9e,0xef9e,0xef9e,0xef9e,0xef9e,0xef9e,0xef9e,0xef9e,0xef9e,0xef9e,0xef9e,0xef9e,
  0xef9e,0xef9e,0xef9e,0xef9e,0xef9e,0xef9e,0xef9e,0xef9e,0xef9e,0xef9e,0xef9e,0xef7e,0xef9e,0xef9e,0xef9e,0xef9e,
  0xef9e,0xef9e,0xef9e,0xef9e,0xef9e,0xef9e,0xef9e,0xef9e,0xef9e,0xef9e,0xef9e,0xef9e,0xef9e,0xef9e,0xef9e,0xef9e,
  0xef9e,0xef9e,0xef9e,0xef9e,0xef9e,0xef9e,0xef9e,0xef9e,0xef9e,0xe75d,0xef7e,0xef9e,0xef9e,0xef9e,0xef9e,0xef9e,
  0xef9e,0xef9e,0xef9e,0xef9e,0xef9e,0xef9e,0xef9e,0xef9e,0xef9e,0xef9e,0xef9e,0xef9e,0xef9e,0xef9e,0xef9e,0xef9e,
  0xef9e,0xef9e,0xef9e,0xef9e,0xef9e,0xef9e,0xef9e,0xef9e,0xef9e,0xef9e,0xef9e,0xef9e,0xef9e,0xef9e,0xef9e,0xef9e,
  0xef9e,0xef9e,0xef9e,0xef9e,0xef9e,0xef9e,0xef9e,0xef9e,0xef9e,0xef9e,0xef9e,0xef9e,0xef9e,0xef9e,0xef9e,0xef9e,
  0xef9e,0xef9e,0xef9e,0xef9e,0xef9e,0xef9e,0xef9e,0xef9e,0xef9e,0xef9e,0xef9e,0xef9e,0xef9e,0xef9e,0xef9e,0xef9e,
  0xef9e,0xef9e,0xef9e,0xef9e,0xef9e,0xef9e,0xef9e,0xef9e,0xef9e,0xef9e,0xef9e,0xef9e,0xef9e,0xef9e,0xef9e,0xef9e,
  0xef9e,0xef9e,0xef9e,0xef7e,0xe73d,0xdf1c,0xdf1c,0xdf1c,0xdf1c,0x31c7,0x9cf4,0xef9e,0xef9e,0xef9e,0xef9e,0xef9e,
  0xef9e,0xef9e,0xef9e,0xef9e,0xef9e,0xef9e,0xef9e,0xef9e,0xef9e,0xef9e,0xef9e,0xef9e,0xef9e,0xef9e,0xef9e,0xef9e,
  0xef9e,0xef9e,0xef9e,0xef7e,0xad76,0xbdf8,0xef7e,0xef9e,0xd6bb,0xa555,0xd6db,0xef9e,0xef9e,0xef9e,0xef9e,0xef9e,
  0xef9e,0xef9e,0xef9e,0xef9e,0xef9e,0xef9e,0xef9e,0xef9e,0xef9e,0xef9e,0xef9e,0xef9e,0xef9e,0xef9e,0xef9e,0xef9e,
  0xef9e,0xef9e,0xef9e,0xef9e,0xef9e,0xef9e,0xef9e,0xef9e,0xef9e,0xef9e,0xef9e,0xef9e,0xef9e,0xef9e,0xef9e,0xef9e,
  0xef9e,0xef9e,0xef9e,0xef9e,0xef9e,0xef9e,0xef9e,0xef9e,0xef9e,0xef9e,0xef9e,0xef9e,0xef9e,0xef9e,0xef9e,0xef9e,
  0xef9e,0xef9e,0xef9e,0xe75d,0x2986,0x2966,0x2966,0x2966,0x2966,0x0882,0x5aec,0xef7e,0xef9e,0xef9e,0xef9e,0xef9e,
  0xef9e,0xef9e,0xef9e,0xef9e,0xef9e,0xef9e,0xef9e,0xef9e,0xef9e,0xef9e,0xef9e,0xef9e,0xef9e,0xef9e,0xef9e,0xef9e,
  0xef9e,0xef9e,0xef9e,0xe75d,0x18e4,0x0882,0x9cf4,0xe75d,0xa555,0x10c3,0x2145,0xef7e,0xef9e,0xef9e,0xef9e,0xef9e,
  0xef9e,0xef9e,0xef9e,0xef9e,0xef9e,0xef9e,0xef9e,0xef9e,0xef9e,0xef9e,0xef9e,0xef9e,0xef9e,0xef9e,0xef9e,0xef9e,
  0xef9e,0xef9e,0xef9e,0xef9e,0xef9e,0xef9e,0xef9e,0xef9e,0xef9e,0xef9e,0xef9e,0xef9e,0xef9e,0xef9e,0xef9e,0xef9e,
  0xef9e,0xef9e,0xef9e,0xef9e,0xef9e,0xef9e,0xef9e,0xef9e,0xef9e,0xef9e,0xef9e,0xef9e,0xef9e,0xef9e,0xef9e,0xef9e,
  0xef9e,0xef9e,0xef9e,0xe75d,0x9d14,0x9cf4,0x9cf4,0x9cf4,0x9cf4,0x9cf4,0xbdf8,0xef7e,0xef9e,0xef9e,0xef9e,0xef9e,
  0xef9e,0xef9e,0xef9e,0xef9e,0xef9e,0xef9e,0xef9e,0xef9e,0xef9e,0xef9e,0xef9e,0xef9e,0xef9e,0xef9e,0xef9e,0xef9e,
  0xef9e,0xef9e,0xef9e,0xe73d,0x18e4,0x4249,0x10a3,0x6b6e,0xd6db,0xa535,0x10a3,0xc659,0xef9e,0xef9e,0xef9e,0xef9e,
  0xef9e,0xef9e,0xef9e,0xef9e,0xef9e,0xef9e,0xef9e,0xef9e,0xef9e,0xef9e,0xef9e,0xef9e,0xef9e,0xef9e,0xef9e,0xef9e,
  0xef9e,0xef9e,0xef9e,0xef9e,0xef9e,0xef9e,0xef9e,0xef9e,0xef9e,0xef9e,0xef9e,0xef9e,0xef9e,0xef9e,0xef9e,0xef9e,
  0xef9e,0xef9e,0xef9e,0xef9e,0xef9e,0xef9e,0xef9e,0xef9e,0xef9e,0xef9e,0xef9e,0xef9e,0xef9e,0xef9e,0xef9e,0xef9e,
  0xef9e,0xef9e,0xef9e,0xef9e,0xef9e,0xef9e,0xef9e,0xef9e,0xef9e,0xef9e,0xef9e,0xef9e,0xef9e,0xef9e,0xef9e,0xef9e,
  0xef9e,0xef9e,0xef9e,0xef9e,0xef9e,0xef9e,0xef9e,0xef9e,0xef9e,0xef9e,0xef9e,0xef9e,0xef9e,0xef9e,0xef9e,0xef9e,
  0xef9e,0xef9e,0xef9e,0xe73d,0x1904,0x94d3,0xa514,0x1904,0x2966,0x31c7,0x18e4,0xdefc,0xef9e,0xef9e,0xef9e,0xef9e,
  0xef9e,0xef9e,0xef9e,0xef9e,0xef9e,0xef9e,0xef9e,0xef9e,0xef9e,0xef9e,0xef9e,0xef9e,0xef9e,0xef9e,0xef9e,0xef9e,
  0xef9e,0xef9e,0xef9e,0xef9e,0xef9e,0xef9e,0xef9e,0xef9e,0xef9e,0xef9e,0xef9e,0xef9e,0xef9e,0xef9e,0xef9e,0xef9e,
  0xef9e,0xef9e,0xef9e,0xef9e,0xef9e,0xef9e,0xef9e,0xef9e,0xef9e,0xef9e,0xef9e,0xef9e,0xef9e,0xef9e,0xef9e,0xef9e,
  0xef9e,0xef9e,0xef9e,0xef9e,0xb5b7,0x634d,0x73af,0xad76,0x6b8e,0x8431,0xdefc,0xef9e,0xef9e,0xef9e,0xef9e,0xef9e,
  0xef9e,0xef9e,0xef9e,0xef9e,0xef9e,0xef9e,0xef9e,0xef9e,0xef9e,0xef9e,0xef9e,0xef9e,0xef9e,0xef9e,0xef9e,0xef9e,
  0xef9e,0xef9e,0xef9e,0xef7e,0x31a7,0xa555,0xef7e,0xdf1c,0x6b8e,0x52ab,0xce7a,0xef9e,0xef9e,0xef9e,0xef9e,0xef9e,
  0xef9e,0xef9e,0xef9e,0xef9e,0xef9e,0xef9e,0xef9e,0xef9e,0xef9e,0xef9e,0xef9e,0xef9e,0xef9e,0xef9e,0xef9e,0xef9e,
  0xef9e,0xef9e,0xef9e,0xef9e,0xef9e,0xef9e,0xef9e,0xef9e,0xef9e,0xef9e,0xef9e,0xef9e,0xef9e,0xef9e,0xef9e,0xef9e,
  0xef9e,0xef9e,0xef9e,0xef9e,0xef9e,0xef9e,0xef9e,0xef9e,0xef9e,0xef9e,0xef9e,0xef9e,0xef9e,0xef9e,0xef9e,0xef9e,
  0xef9e,0xef9e,0xef9e,0xe73d,0x2966,0x2145,0x2125,0x0862,0x2966,0x10a3,0x8431,0xef7e,0xef9e,0xef9e,0xef9e,0xef9e,
  0xef9e,0xef9e,0xef9e,0xef9e,0xef9e,0xef9e,0xef9e,0xef9e,0xef9e,0xef9e,0xef9e,0xef9e,0xef9e,0xef9e,0xef9e,0xef9e,
  0xef9e,0xef9e,0xef9e,0xef9e,0xe73d,0xb5d7,0xad96,0xdefc,0xc639,0xad96,0xe73d,0xef9e,0xef9e,0xef9e,0xef9e,0xef9e,
  0xef9e,0xef9e,0xef9e,0xef9e,0xef9e,0xef9e,0xef9e,0xef9e,0xef9e,0xef9e,0xef9e,0xef9e,0xef9e,0xef9e,0xef9e,0xef9e,
  0xef9e,0xef9e,0xef9e,0xef9e,0xef9e,0xef9e,0xef9e,0xef9e,0xef9e,0xef9e,0xef9e,0xef9e,0xef9e,0xef9e,0xef9e,0xef9e,
  0xef9e,0xef9e,0xef9e,0xef9e,0xef9e,0xef9e,0xef9e,0xef9e,0xef9e,0xef9e,0xef9e,0xef9e,0xef9e,0xef9e,0xef9e,0xef9e,
  0xef9e,0xef9e,0xef9e,0xdf1c,0x10c3,0xb596,0xad76,0x0021,0xb5b7,0x4a6a,0x5b0c,0xef7e,0xef9e,0xef9e,0xef9e,0xef9e,
  0xef9e,0xef9e,0xef9e,0xef9e,0xef9e,0xef9e,0xef9e,0xef9e,0xef9e,0xef9e,0xef9e,0xef9e,0xef9e,0xef9e,0xef9e,0xef9e,
  0xef9e,0xef9e,0xef9e,0xef7e,0xa535,0x18e4,0x1904,0x31c7,0x2125,0x1904,0x52cb,0xe75d,0xef9e,0xef9e,0xef9e,0xef9e,
  0xef9e,0xef9e,0xef9e,0xef9e,0xef9e,0xef9e,0xef9e,0xef9e,0xef9e,0xef9e,0xef9e,0xef9e,0xef9e,0xef9e,0xef9e,0xef9e,
  0xef9e,0xef9e,0xef9e,0xef9e,0xef9e,0xef9e,0xef9e,0xef9e,0xef9e,0xef9e,0xef9e,0xef9e,0xef9e,0xef9e,0xef9e,0xef9e,
  0xef9e,0xef9e,0xef9e,0xef9e,0xef9e,0xef9e,0xef9e,0xef9e,0xef9e,0xef9e,0xef9e,0xef9e,0xef9e,0xef9e,0xef9e,0xef9e,
  0xef9e,0xef9e,0xef9e,0xe75d,0x4249,0x18e4,0x18e4,0x2986,0x18e4,0x10c3,0x9d14,0xef9e,0xef9e,0xef9e,0xef9e,0xef9e,
  0xef9e,0xef9e,0xef9e,0xef9e,0xef9e,0xef9e,0xef9e,0xef9e,0xef9e,0xef9e,0xef9e,0xef9e,0xef9e,0xef9e,0xef9e,0xef9e,
  0xef9e,0xef9e,0xef9e,0xe75d,0x1904,0x73cf,0xce7a,0x0041,0x7bf0,0xa535,0x10a3,0xce7a,0xef9e,0xef9e,0xef9e,0xef9e,
  0xef9e,0xef9e,0xef9e,0xef9e,0xef9e,0xef9e,0xef9e,0xef9e,0xef9e,0xef9e,0xef9e,0xef9e,0xef9e,0xef9e,0xef9e,0xef9e,
  0xef9e,0xef9e,0xef9e,0xef9e,0xef9e,0xef9e,0xef9e,0xef9e,0xef9e,0xef9e,0xef9e,0xef9e,0xef9e,0xef9e,0xef9e,0xef9e,
  0xef9e,0xef9e,0xef9e,0xef9e,0xef9e,0xef9e,0xef9e,0xef9e,0xef9e,0xef9e,0xef9e,0xef9e,0xef9e,0xef9e,0xef9e,0xef9e,
  0xef9e,0xef9e,0xef9e,0xef9e,0xdefc,0xad96,0xbe18,0xe73d,0xbe18,0xd69a,0xef7e,0xef9e,0xef9e,0xef9e,0xef9e,0xef9e,
  0xef9e,0xef9e,0xef9e,0xef9e,0xef9e,0xef9e,0xef9e,0xef9e,0xef9e,0xef9e,0xef9e,0xef9e,0xef9e,0xef9e,0xef9e,0xef9e,
  0xef9e,0xef9e,0xef9e,0xe75d,0x4a6a,0x2986,0x5aec,0x0862,0x2986,0x4229,0x10a3,0xd6db,0xef9e,0xef9e,0xef9e,0xef9e,
  0xef9e,0xef9e,0xef9e,0xef9e,0xef9e,0xef9e,0xef9e,0xef9e,0xef9e,0xef9e,0xef9e,0xef9e,0xef9e,0xef9e,0xef9e,0xef9e,
  0xef9e,0xef9e,0xef9e,0xef9e,0xef9e,0xef9e,0xef9e,0xef9e,0xef9e,0xef9e,0xef9e,0xef9e,0xef9e,0xef9e,0xef9e,0xef9e,
  0xef9e,0xef9e,0xef9e,0xef9e,0xef9e,0xef9e,0xef9e,0xef9e,0xef9e,0xef9e,0xef9e,0xef9e,0xef9e,0xef9e,0xef9e,0xef9e,
  0xef9e,0xef9e,0xef9e,0xef7e,0x6b8e,0x94b3,0xef9e,0xef9e,0xef9e,0xef9e,0xef9e,0xef9e,0xef9e,0xef9e,0xef9e,0xef9e,
  0xef9e,0xef9e,0xef9e,0xef9e,0xef9e,0xef9e,0xef9e,0xef9e,0xef9e,0xef9e,0xef9e,0xef9e,0xef9e,0xef9e,0xef9e,0xef9e,
  0xef9e,0xef9e,0xef9e,0xef9e,0xdf1c,0x5aec,0x4249,0x8c92,0x6b6e,0x52ab,0xad76,0xef9e,0xef9e,0xef9e,0xef9e,0xef9e,
  0xef9e,0xef9e,0xef9e,0xef9e,0xef9e,0xef9e,0xef9e,0xef9e,0xef9e,0xef9e,0xef9e,0xef9e,0xef9e,0xef9e,0xef9e,0xef9e,
  0xef9e,0xef9e,0xef9e,0xef9e,0xef9e,0xef9e,0xef9e,0xef9e,0xef9e,0xef9e,0xef9e,0xef9e,0xef9e,0xef9e,0xef9e,0xef9e,
  0xef9e,0xef9e,0xef9e,0xef9e,0xef9e,0xef9e,0xef9e,0xef9e,0xef9e,0xef9e,0xef9e,0xef9e,0xef9e,0xef9e,0xef9e,0xef9e,
  0xef9e,0xef9e,0xef9e,0xef7e,0x73cf,0x94d3,0xef9e,0xef9e,0xef9e,0xef9e,0xef9e,0xef9e,0xef9e,0xef9e,0xef9e,0xef9e,
  0xef9e,0xef9e,0xef9e,0xef9e,0xef9e,0xef9e,0xef9e,0xef9e,0xef9e,0xef9e,0xef9e,0xef9e,0xef9e,0xef9e,0xef9e,0xef9e,
  0xef9e,0xef9e,0xef9e,0xef9e,0xef9e,0xe75d,0x52ab,0xa535,0xdefc,0xe75d,0xef7e,0xef9e,0xef9e,0xef9e,0xef9e,0xef9e,
  0xef9e,0xef9e,0xef9e,0xef9e,0xef9e,0xef9e,0xef9e,0xef9e,0xef9e,0xef9e,0xef9e,0xef9e,0xef9e,0xef9e,0xef9e,0xef9e,
  0xef9e,0xef9e,0xef9e,0xef9e,0xef9e,0xef9e,0xef9e,0xef9e,0xef9e,0xef9e,0xef9e,0xef9e,0xef9e,0xef9e,0xef9e,0xef9e,
  0xef9e,0xef9e,0xef9e,0xef9e,0xef9e,0xef9e,0xef9e,0xef9e,0xef9e,0xef9e,0xef9e,0xef9e,0xef9e,0xef9e,0xef9e,0xef9e,
  0xef9e,0xef9e,0xef9e,0xef9e,0xef7e,0xb5d7,0x632d,0xc659,0xe75d,0xef9e,0xef9e,0xef9e,0xef9e,0xef9e,0xef9e,0xef9e,
  0xef9e,0xef9e,0xef9e,0xef9e,0xef9e,0xef9e,0xef9e,0xef9e,0xef9e,0xef9e,0xef9e,0xef9e,0xef9e,0xef9e,0xef9e,0xef9e,
  0xef9e,0xef9e,0xef9e,0xef9e,0xef9e,0xef7e,0x0862,0x10a3,0x2986,0x5aec,0xad76,0xef7e,0xef9e,0xef9e,0xef9e,0xef9e,
  0xef9e,0xef9e,0xef9e,0xef9e,0xef9e,0xef9e,0xef9e,0xef9e,0xef9e,0xef9e,0xef9e,0xef9e,0xef9e,0xef9e,0xef9e,0xef9e,
  0xef9e,0xef9e,0xef9e,0xef9e,0xef9e,0xef9e,0xef9e,0xef9e,0xef9e,0xef9e,0xef9e,0xef9e,0xef9e,0xef9e,0xef9e,0xef9e,
  0xef9e,0xef9e,0xef9e,0xef9e,0xef9e,0xef9e,0xef9e,0xef9e,0xef9e,0xef9e,0xef9e,0xef9e,0xef9e,0xef9e,0xef9e,0xef9e,
  0xef9e,0xef9e,0xef9e,0xef9e,0xef9e,0x9d14,0x0862,0x1904,0x39e8,0x73cf,0xce9a,0xef9e,0xef9e,0xef9e,0xef9e,0xef9e,
  0xef9e,0xef9e,0xef9e,0xef9e,0xef9e,0xef9e,0xef9e,0xef9e,0xef9e,0xef9e,0xef9e,0xef9e,0xef9e,0xef9e,0xef9e,0xef9e,
  0xef9e,0xef9e,0xef9e,0xef9e,0xe75d,0xdf1c,0x0041,0xb5d7,0x73af,0x3a08,0x2125,0xce7a,0xef9e,0xef9e,0xef9e,0xef9e,
  0xef9e,0xef9e,0xef9e,0xef9e,0xef9e,0xef9e,0xef9e,0xef9e,0xef9e,0xef9e,0xef9e,0xef9e,0xef9e,0xef9e,0xef9e,0xef9e,
  0xef9e,0xef9e,0xef9e,0xef9e,0xef9e,0xef9e,0xef9e,0xef9e,0xef9e,0xef9e,0xef9e,0xef9e,0xef9e,0xef9e,0xef9e,0xef9e,
  0xef9e,0xef9e,0xef9e,0xef9e,0xef9e,0xef9e,0xef9e,0xef9e,0xef9e,0xef9e,0xef9e,0xef9e,0xef9e,0xef9e,0xef9e,0xef9e,
  0xef9e,0xef9e,0xef9e,0xef7e,0xe75d,0x94b3,0x0041,0x9d14,0x5aec,0x2986,0x632d,0xef7e,0xef9e,0xef9e,0xef9e,0xef9e,
  0xef9e,0xef9e,0xef9e,0xef9e,0xef9e,0xef9e,0xef9e,0xef9e,0xef9e,0xef9e,0xef9e,0xef9e,0xef9e,0xef9e,0xef9e,0xef9e,
  0xef9e,0xef9e,0xef9e,0xef7e,0x3a08,0x31a7,0x0021,0x2966,0xad96,0xe75d,0xd6bb,0xe73d,0xef9e,0xef9e,0xef9e,0xef9e,
  0xef9e,0xef9e,0xef9e,0xef9e,0xef9e,0xef9e,0xef9e,0xef9e,0xef9e,0xef9e,0xef9e,0xef9e,0xef9e,0xef9e,0xef9e,0xef9e,
  0xef9e,0xef9e,0xef9e,0xef9e,0xef9e,0xef9e,0xef9e,0xef9e,0xef9e,0xef9e,0xef9e,0xef9e,0xef9e,0xef9e,0xef9e,0xef9e,
  0xef9e,0xef9e,0xef9e,0xef9e,0xef9e,0xef9e,0xef9e,0xef9e,0xef9e,0xef9e,0xef9e,0xef9e,0xef9e,0xef9e,0xef9e,0xef9e,
  0xef9e,0xef9e,0xef9e,0xe75d,0x39e8,0x1904,0x0041,0x31c7,0xef7e,0xe73d,0xd6bb,0xef7e,0xef9e,0xef9e,0xef9e,0xef7e,
  0xef9e,0xef9e,0xef9e,0xef9e,0xef9e,0xef9e,0xef9e,0xef9e,0xef9e,0xef9e,0xef9e,0xef9e,0xef9e,0xef9e,0xef9e,0xef9e,
  0xef9e,0xef9e,0xef9e,0xef7e,0x73cf,0x6b6e,0x0041,0x634d,0xc639,0xef9e,0xef9e,0xef9e,0xef9e,0xef9e,0xef9e,0xef9e,
  0xef9e,0xef9e,0xef9e,0xef9e,0xef9e,0xef9e,0xef9e,0xef9e,0xef9e,0xef9e,0xef9e,0xef9e,0xef9e,0xef9e,0xef9e,0xef9e,
  0xef9e,0xef9e,0xef9e,0xef9e,0xef9e,0xef9e,0xef9e,0xef9e,0xef9e,0xef9e,0xef9e,0xef9e,0xef9e,0xef9e,0xef9e,0xef9e,
  0xef9e,0xef9e,0xef9e,0xef9e,0xef9e,0xef9e,0xef9e,0xef9e,0xef9e,0xef9e,0xef9e,0xef9e,0xef9e,0xef9e,0xef9e,0xef9e,
  0xef9e,0xef9e,0xef9e,0xe73d,0x73af,0x4249,0x0862,0x6b8e,0xef9e,0xef9e,0xef9e,0xef9e,0xef9e,0xef9e,0xad97,0xad76,
  0xa576,0xef7e,0xef9e,0xef9e,0xef9e,0xef9e,0xef9e,0xef9e,0xef9e,0xef9e,0xef9e,0xef9e,0xef9e,0xef9e,0xef9e,0xef9e,
  0xef9e,0xef9e,0xef9e,0xef9e,0xef9e,0xef7e,0xce7a,0xef7e,0xef9e,0xef9e,0xef9e,0xef9e,0xef9e,0xef9e,0xbe19,0xa576,
  0xa556,0xe73d,0xef9e,0xef9e,0xef9e,0xef9e,0xef9e,0xef9e,0xef9e,0xef9e,0xef9e,0xef9e,0xef9e,0xef9e,0xef9e,0xef9e,
  0xef9e,0xef9e,0xef9e,0xef9e,0xef9e,0xef9e,0xef9e,0xef9e,0xef9e,0xef9e,0xef9e,0xef9e,0xef9e,0xef9e,0xef9e,0xef9e,
  0xef9e,0xef9e,0xef9e,0xef9e,0xef9e,0xef9e,0xef9e,0xef9e,0xef9e,0xef9e,0xef9e,0xef9e,0xef9e,0xef9e,0xef9e,0xef9e,
  0xef9e,0xef9e,0xef9e,0xef9e,0xef9e,0xdf1c,0xce7a,0xef9e,0xef9e,0xef9e,0xef9e,0xef9e,0xef9e,0xef9e,0xef7e,0xe75d,
  0xc65a,0xef9e,0xef9e,0xef9e,0xef9e,0xef9e,0xef9e,0xef9e,0xef9e,0xef9e,0xef9e,0xef9e,0xef9e,0xef9e,0xef9e,0xef9e,
  0xef9e,0xef9e,0xef9e,0xef9e,0xef7e,0xef7e,0xe75d,0xef9e,0xef9e,0xef9e,0xef9e,0xef9e,0xef9e,0xef9e,0xad97,0x9d35,
  0x8cb3,0xdf1d,0xef9e,0xef9e,0xef9e,0xef9e,0xef9e,0xef9e,0xef9e,0xef9e,0xef9e,0xef9e,0xef9e,0xef9e,0xef9e,0xef9e,
  0xef9e,0xef9e,0xef9e,0xef9e,0xef9e,0xef9e,0xef9e,0xef9e,0xef9e,0xef9e,0xef9e,0xef9e,0xef9e,0xef9e,0xef9e,0xef9e,
  0xef9e,0xef9e,0xef9e,0xef9e,0xef9e,0xef9e,0xef9e,0xef9e,0xef9e,0xef9e,0xef9e,0xef9e,0xef9e,0xef9e,0xef9e,0xef9e,
  0xef9e,0xef9e,0xef9e,0xef9e,0xef7e,0xe75e,0xef7e,0xef9e,0xef9e,0xef9e,0xef9e,0xef9e,0xef9e,0xef9e,0xbe19,0xbdf8,
  0xce7a,0xef7e,0xef9e,0xef9e,0xef9e,0xef9e,0xef9e,0xef9e,0xef9e,0xef9e,0xef9e,0xef9e,0xef9e,0xef9e,0xef9e,0xef9e,
  0xef9e,0xef9e,0xef9e,0xef9e,0xc65a,0x94d4,0xbe19,0xdefc,0xef9e,0xef9e,0xef9e,0xef9e,0xef9e,0xef9e,0xd6bb,0xbdf8,
  0xc639,0xe75d,0xef9e,0xef9e,0xef9e,0xef9e,0xef9e,0xef9e,0xef9e,0xef9e,0xef9e,0xef9e,0xef9e,0xef9e,0xef9e,0xef9e,
  0xef9e,0xef9e,0xef9e,0xef9e,0xef9e,0xef9e,0xef9e,0xef9e,0xef9e,0xef9e,0xef9e,0xef9e,0xef9e,0xef9e,0xef9e,0xef9e,
  0xef9e,0xef9e,0xef9e,0xef9e,0xef9e,0xef9e,0xef9e,0xef9e,0xef9e,0xef9e,0xef9e,0xef9e,0xef9e,0xef9e,0xef9e,0xef9e,
  0xef9e,0xef9e,0xef9e,0xef7e,0xb5d8,0x94f5,0xc65a,0xef7e,0xef9e,0xef9e,0xef9e,0xef9e,0xef9e,0xef9e,0xa576,0x8472,
  0xad97,0xef9e,0xef9e,0xef9e,0xef9e,0xef9e,0xef9e,0xef9e,0xef9e,0xef9e,0xef9e,0xef9e,0xef9e,0xef9e,0xef9e,0xef9e,
  0xef9e,0xef9e,0xef9e,0xef9e,0xad97,0xb5d8,0xbe19,0xef9e,0xef9e,0xef9e,0xef9e,0xef9e,0xef9e,0xef9e,0xa556,0xb5b7,
  0xa556,0xd6dc,0xef9e,0xef9e,0xef9e,0xef9e,0xef9e,0xef9e,0xef9e,0xef9e,0xef9e,0xef9e,0xef9e,0xef9e,0xef9e,0xef9e,
  0xef9e,0xef9e,0xef9e,0xef9e,0xef9e,0xef9e,0xef9e,0xef9e,0xef9e,0xef9e,0xef9e,0xef9e,0xef9e,0xef9e,0xef9e,0xef9e,
  0xef9e,0xef9e,0xef9e,0xef9e,0xef9e,0xef9e,0xef9e,0xef9e,0xef9e,0xef9e,0xef9e,0xef9e,0xef9e,0xef9e,0xef9e,0xef9e,
  0xef9e,0xef9e,0xef9e,0xef7e,0xad76,0xb5d8,0xe77e,0xef9e,0xef9e,0xef9e,0xef9e,0xef9e,0xef9e,0xef9e,0xce7a,0xc639,
  0xd6db,0xef9e,0xef9e,0xef9e,0xef9e,0xef9e,0xef9e,0xef9e,0xef9e,0xef9e,0xef9e,0xef9e,0xef9e,0xef9e,0xef9e,0xef9e,
  0xef9e,0xef9e,0xef9e,0xef9e,0x9d15,0x94f4,0xa556,0xef9e,0xef9e,0xef9e,0xef9e,0xef9e,0xef9e,0xef9e,0xd6db,0xa556,
  0xad97,0xef7e,0xef9e,0xef9e,0xef9e,0xef9e,0xef9e,0xef9e,0xef9e,0xef9e,0xef9e,0xef9e,0xef9e,0xef9e,0xef9e,0xef9e,
  0xef9e,0xef9e,0xef9e,0xef9e,0xef9e,0xef9e,0xef9e,0xef9e,0xef9e,0xef9e,0xef9e,0xef9e,0xef9e,0xef9e,0xef9e,0xef9e,
  0xef9e,0xef9e,0xef9e,0xef9e,0xef9e,0xef9e,0xef9e,0xef9e,0xef9e,0xef9e,0xef9e,0xef9e,0xef9e,0xef9e,0xef9e,0xef9e,
  0xef9e,0xef9e,0xef9e,0xef7e,0x9d15,0x8cb4,0xe77e,0xef9e,0xef9e,0xef9e,0xef9e,0xef9e,0xef9e,0xef9e,0x94d4,0x94d4,
  0xb5d8,0xef9e,0xef9e,0xef9e,0xef9e,0xef9e,0xef9e,0xef9e,0xef9e,0xef9e,0xef9e,0xef9e,0xef9e,0xef9e,0xef9e,0xef9e,
  0xef9e,0xef9e,0xef9e,0xef9e,0xad97,0xa576,0xad76,0xef9e,0xef9e,0xef9e,0xef9e,0xef9e,0xef9e,0xef9e,0xbe39,0xad76,
  0xa556,0xe75d,0xef9e,0xef9e,0xef9e,0xef9e,0xef9e,0xef9e,0xef9e,0xef9e,0xef9e,0xef9e,0xef9e,0xef9e,0xef9e,0xef9e,
  0xef9e,0xef9e,0xef9e,0xef9e,0xef9e,0xef9e,0xef9e,0xef9e,0xef9e,0xef9e,0xef9e,0xef9e,0xef9e,0xef9e,0xef9e,0xef9e,
  0xef9e,0xef9e,0xef9e,0xef9e,0xef9e,0xef9e,0xef9e,0xef9e,0xef9e,0xef9e,0xef9e,0xef9e,0xef9e,0xef9e,0xef9e,0xef9e,
  0xef9e,0xef9e,0xef9e,0xef7e,0xad97,0x9d35,0xe75d,0xef9e,0xef9e,0xef9e,0xef9e,0xef9e,0xef9e,0xef9e,0xa576,0xa536,
  0xbe18,0xef9e,0xef9e,0xef9e,0xef9e,0xef9e,0xef9e,0xef9e,0xef9e,0xef9e,0xef9e,0xef9e,0xef9e,0xef9e,0xef9e,0xef9e,
  0xef9e,0xef9e,0xef9e,0xef9e,0xc659,0xbe19,0xb5b7,0xef9e,0xef9e,0xef9e,0xef9e,0xef9e,0xef9e,0xef9e,0xb5b7,0xbe19,
  0xad97,0xdf1c,0xef9e,0xef9e,0xef9e,0xef9e,0xef9e,0xef9e,0xef9e,0xef9e,0xef9e,0xef9e,0xef9e,0xef9e,0xef9e,0xef9e,
  0xef9e,0xef9e,0xef9e,0xef9e,0xef9e,0xef9e,0xef9e,0xef9e,0xef9e,0xef9e,0xef9e,0xef9e,0xef9e,0xef9e,0xef9e,0xef9e,
  0xef9e,0xef9e,0xef9e,0xef9e,0xef9e,0xef9e,0xef9e,0xef9e,0xef9e,0xef9e,0xef9e,0xef9e,0xef9e,0xef9e,0xef9e,0xef9e,
  0xef9e,0xef9e,0xef9e,0xef7e,0xc639,0xb5b7,0xe75e,0xef9e,0xef9e,0xef9e,0xef9e,0xef9e,0xef9e,0xef9e,0xef7e,0x94d4,
  0xadb7,0xef7e,0xef9e,0xef9e,0xef9e,0xef9e,0xef9e,0xef9e,0xef9e,0xef9e,0xef9e,0xef9e,0xef9e,0xef9e,0xef9e,0xef9e,
  0xef9e,0xef9e,0xef9e,0xef9e,0xef9e,0xef9e,0xef9e,0xef9e,0xef9e,0xef9e,0xef9e,0xef9e,0xef9e,0xef9e,0xef9e,0xef7e,
  0xef9e,0xef9e,0xef9e,0xef9e,0xef9e,0xef9e,0xef9e,0xef9e,0xef9e,0xef9e,0xef9e,0xef9e,0xef9e,0xef9e,0xef9e,0xef9e,
  0xef9e,0xef9e,0xef9e,0xef9e,0xef9e,0xef9e,0xef9e,0xef9e,0xef9e,0xef9e,0xef9e,0xef9e,0xef9e,0xef9e,0xef9e,0xef9e,
  0xef9e,0xef9e,0xef9e,0xef9e,0xef9e,0xef9e,0xef9e,0xef9e,0xef9e,0xef9e,0xef9e,0xef9e,0xef9e,0xef9e,0xef9e,0xef9e,
  0xef9e,0xef9e,0xef9e,0xef9e,0xef9e,0xef9e,0xef9e,0xef9e,0xef9e,0xef9e,0xef9e,0xef9e,0xef9e,0xef9e,0xef9e,0xef7e,
  0xef7e,0xef9e,0xef9e,0xef9e,0xef9e,0xef9e,0xef9e,0xef9e,0xef9e,0xef9e,0xef9e,0xef9e,0xef9e,0xef9e,0xef9e,0xef9e,
  0xef9e,0xef9e,0xef9e,0xef9e,0xef9e,0xef9e,0xef9e,0xef9e,0xef9e,0xef9e,0xef9e,0xef9e,0xef9e,0xef9e,0xef9e,0xef9e,
  0xef9e,0xef9e,0xef9e,0xef9e,0xef9e,0xef9e,0xef9e,0xef9e,0xef9e,0xef9e,0xef9e,0xef9e,0xef9e,0xef9e,0xef9e,0xef9e,
  0xef9e,0xef9e,0xef9e,0xef9e,0xef9e,0xef9e,0xef9e,0xef9e,0xef9e,0xef9e,0xef9e,0xef9e,0xef9e,0xef9e,0xef9e,0xef9e,
  0xef9e,0xef9e,0xef9e,0xef9e,0xef9e,0xef9e,0xef9e,0xef9e,0xef9e,0xef9e,0xef9e,0xef9e,0xef9e,0xef9e,0xef9e,0xef9e,
  0xef9e,0xef9e,0xef9e,0xef9e,0xef9e,0xef9e,0xef9e,0xef9e,0xef9e,0xef9e,0xef9e,0xef9e,0xef9e,0xef9e,0xef9e,0xef9e,
  0xef9e,0xef9e,0xef9e,0xef9e,0xef9e,0xef9e,0xef9e,0xef9e,0xef9e,0xef9e,0xef9e,0xef9e,0xef9e,0xef9e,0xef9e,0xef9e,
  0xef9e,0xef9e,0xef9e,0xef9e,0xef9e,0xef9e,0xef9e,0xef9e,0xef9e,0xef9e,0xef9e,0xef9e,0xef9e,0xef9e,0xef9e,0xef9e,
  0xef9e,0xef9e,0xef9e,0xef9e,0xef9e,0xef9e,0xef9e,0xef9e,0xef9e,0xef9e,0xef9e,0xef9e,0xef9e,0xef9e,0xef9e,0xef9e,
  0xef9e,0xef9e,0xef9e,0xef9e,0xef9e,0xef9e,0xef9e,0xef9e,0xef9e,0xef9e,0xef9e,0xef9e,0xef9e,0xef9e,0xef9e,0xef9e,
  0xef9e,0xef9e,0xef9e,0xef9e,0xef9e,0xef9e,0xef9e,0xef9e,0xef9e,0xef9e,0xef9e,0xef9e,0xef9e,0xef9e,0xef9e,0xef9e,
  0xef9e,0xef9e,0xef9e,0xef9e,0xef9e,0xef9e,0xef9e,0xef9e,0xef9e,0xef9e,0xef9e,0xef9e,0xef9e,0xef9e,0xef9e,0xef9e,
  0xef9e,0xef9e,0xef9e,0xef9e,0xef9e,0xef9e,0xef9e,0xef9e,0xef9e,0xef9e,0xef9e,0xef9e,0xef9e,0xef9e,0xef9e,0xef9e,
  0xef9e,0xef9e,0xef9e,0xef9e,0xef9e,0xef9e,0xef9e,0xef9e,0xef9e,0xef9e,0xef9e,0xef9e,0xef9e,0xef9e,0xef9e,0xef9e,
  0xef9e,0xef9e,0xef9e,0xef9e,0xef9e,0xef9e,0xef9e,0xef9e,0xef9e,0xef9e,0xef9e,0xef9e,0xef9e,0xef9e,0xef9e,0xef9e,
  0xef9e,0xef9e,0xef9e,0xef9e,0xef9e,0xef9e,0xef9e,0xef9e,0xef9e,0xef9e,0xef9e,0xef9e,0xef9e,0xef9e,0xef9e,0xef9e,
  0xef9e,0xef9e,0xef9e,0xef9e,0xef9e,0xef9e,0xef9e,0xef9e,0xef9e,0xef9e,0xef9e,0xef9e,0xef9e,0xef9e,0xef9e,0xef9e,
  0xef9e,0xef9e,0xef9e,0xef9e,0xef9e,0xef9e,0xef9e,0xef9e,0xef9e,0xef9e,0xef9e,0xef9e,0xef9e,0xef9e,0xef9e,0xef9e,
  0xef9e,0xef9e,0xef9e,0xef9e,0xef9e,0xef9e,0xef9e,0xef9e,0xef9e,0xef9e,0xef9e,0xef9e,0xef9e,0xef9e,0xef9e,0xef9e,
  0xef9e,0xef9e,0xef9e,0xef9e,0xef9e,0xef9e,0xef9e,0xef9e,0xef9e,0xef9e,0xef9e,0xef9e,0xef9e,0xef9e,0xef9e,0xef9e,
  0xef9e,0xef9e,0xef9e,0xef9e,0xef9e,0xef9e,0xef9e,0xef9e,0xef9e,0xef9e,0xef9e,0xef9e,0xef9e,0xef9e,0xef9e,0xef9e,
  0xef9e,0xef9e,0xef9e,0xef9e,0xef9e,0xef9e,0xef9e,0xef9e,0xef9e,0xef9e,0xef9e,0xef9e,0xef9e,0xef9e,0xef9e,0xef9e,
  0xef9e,0xef9e,0xef9e,0xef9e,0xef9e,0xef9e,0xef9e,0xef9e,0xef9e,0xef9e,0xef9e,0xef9e,0xef9e,0xef9e,0xef9e,0xef9e,
  0xef9e,0xef9e,0xef9e,0xef9e,0xef9e,0xef9e,0xef9e,0xef9e,0xef9e,0xef9e,0xef9e,0xef9e,0xef9e,0xef9e,0xef9e,0xef9e,
  0xef9e,0xef9e,0xef9e,0xef9e,0xef9e,0xef9e,0xef9e,0xef9e,0xef9e,0xef9e,0xef9e,0xef9e,0xef9e,0xef9e,0xef9e,0xef9e,
};

static const uint16_t THUMB_APEX_DARK[144 * 96] PROGMEM = {
  0x0862,0x0862,0x0862,0x0862,0x0862,0x0862,0x0862,0x0862,0x0862,0x0862,0x0862,0x0862,0x0862,0x0862,0x0862,0x0862,
  0x0862,0x0862,0x0862,0x0862,0x0862,0x0862,0x0862,0x0862,0x0862,0x0862,0x0862,0x0862,0x0862,0x0862,0x0862,0x0862,
  0x0862,0x0862,0x0862,0x0862,0x0862,0x0862,0x0862,0x0862,0x0862,0x0862,0x0862,0x0862,0x0862,0x0862,0x0862,0x0862,
  0x0862,0x0862,0x0862,0x0862,0x0862,0x0862,0x0862,0x0862,0x0862,0x0862,0x0862,0x0862,0x0862,0x0862,0x0862,0x0862,
  0x0862,0x0862,0x0862,0x0862,0x0862,0x0862,0x0862,0x0862,0x0862,0x0862,0x0862,0x0862,0x0862,0x0862,0x0862,0x0862,
  0x0862,0x0862,0x0862,0x0862,0x0862,0x0862,0x0862,0x0862,0x0862,0x0862,0x0862,0x0862,0x0862,0x0862,0x0862,0x0862,
  0x0862,0x0862,0x0862,0x0862,0x0862,0x0862,0x0862,0x0862,0x0862,0x0862,0x0862,0x0862,0x0862,0x0862,0x0862,0x0862,
  0x0862,0x0862,0x0862,0x0862,0x0862,0x0862,0x0862,0x0862,0x0862,0x0862,0x0862,0x0862,0x0862,0x0862,0x0862,0x0862,
  0x0862,0x0862,0x0862,0x0862,0x0862,0x0862,0x0862,0x0862,0x0862,0x0862,0x0862,0x0862,0x0862,0x0862,0x0862,0x0862,
  0x0862,0x0862,0x0862,0x0862,0x0862,0x0862,0x0862,0x0862,0x0862,0x0862,0x0862,0x0862,0x0862,0x0862,0x0862,0x0862,
  0x0862,0x0862,0x0862,0x0862,0x0862,0x0862,0x0862,0x0862,0x0862,0x0862,0x0862,0x0862,0x0862,0x0862,0x0862,0x0862,
  0x0862,0x0862,0x0862,0x0862,0x0862,0x0862,0x0862,0x0862,0x0862,0x0862,0x0862,0x0862,0x0862,0x0862,0x0862,0x0862,
  0x0862,0x0862,0x0862,0x0862,0x0862,0x0862,0x0862,0x0862,0x0862,0x0862,0x0862,0x0862,0x0862,0x0862,0x0862,0x0862,
  0x0862,0x0862,0x0862,0x0862,0x0862,0x0862,0x0862,0x0862,0x0862,0x0862,0x0862,0x0862,0x0862,0x0862,0x0862,0x0862,
  0x0862,0x0862,0x0862,0x0862,0x0862,0x0862,0x0862,0x0862,0x0862,0x0862,0x0862,0x0862,0x0862,0x0862,0x0862,0x0862,
  0x0862,0x0862,0x0862,0x0862,0x0862,0x0862,0x0862,0x0862,0x0862,0x0862,0x0862,0x0862,0x0862,0x0862,0x0862,0x0862,
  0x0862,0x0862,0x0862,0x0862,0x0862,0x0862,0x0862,0x0862,0x0862,0x0862,0x0862,0x0862,0x0862,0x0862,0x0862,0x0862,
  0x0862,0x0862,0x0862,0x0862,0x0862,0x0862,0x0862,0x0862,0x0862,0x0862,0x0862,0x0862,0x0862,0x0862,0x0862,0x0862,
  0x0862,0x0862,0x0862,0x0862,0x0862,0x0862,0x0862,0x0862,0x0862,0x0862,0x0862,0x0862,0x0862,0x0862,0x0862,0x0862,
  0x0862,0x0862,0x0862,0x0862,0x0862,0x0862,0x0862,0x0862,0x0862,0x0862,0x0862,0x0862,0x0862,0x0862,0x0862,0x0862,
  0x0862,0x0862,0x0862,0x0862,0x0862,0x0862,0x0862,0x0862,0x0862,0x0862,0x0862,0x0862,0x0862,0x0862,0x0862,0x0862,
  0x0862,0x0862,0x0862,0x0862,0x0862,0x0862,0x0862,0x0862,0x0862,0x0862,0x0862,0x0862,0x0862,0x0862,0x0862,0x0862,
  0x0862,0x0862,0x0862,0x0862,0x0862,0x0862,0x0862,0x0862,0x0862,0x0862,0x0862,0x0862,0x0862,0x0862,0x0862,0x0862,
  0x0862,0x0862,0x0862,0x0862,0x0862,0x0862,0x0862,0x0862,0x0862,0x0862,0x0862,0x0862,0x0862,0x0862,0x0862,0x0862,
  0x0862,0x0862,0x0862,0x0862,0x0862,0x0862,0x0862,0x0862,0x0862,0x0862,0x0862,0x0862,0x0862,0x0862,0x0862,0x0862,
  0x0862,0x0862,0x0862,0x0862,0x0862,0x0862,0x0862,0x0862,0x0862,0x0862,0x0862,0x0862,0x0862,0x0862,0x0862,0x0862,
  0x0862,0x0862,0x0862,0x0862,0x0862,0x0862,0x0862,0x0862,0x0862,0x0862,0x0862,0x0862,0x0862,0x0862,0x0862,0x0862,
  0x0862,0x0862,0x0862,0x0862,0x0862,0x0862,0x0862,0x0862,0x0862,0x0862,0x0862,0x0862,0x0862,0x0862,0x0862,0x0862,
  0x0862,0x0862,0x0862,0x0862,0x0862,0x0862,0x0862,0x0862,0x0862,0x0862,0x0862,0x0862,0x0862,0x0862,0x0862,0x0862,
  0x0862,0x0883,0x08a3,0x0882,0x0862,0x0862,0x0862,0x0862,0x0862,0x0862,0x0862,0x0862,0x0862,0x0862,0x0862,0x0862,
  0x0862,0x0862,0x10c3,0x10c3,0x10c3,0x10c3,0x10c3,0x10c3,0x10c3,0x10c3,0x10c3,0x10c3,0x10c3,0x10c3,0x10c3,0x10c3,
  0x10c3,0x10c3,0x10a3,0x0862,0x0862,0x0862,0x0862,0x0862,0x0883,0x10a3,0x10c3,0x10c3,0x10c3,0x10c3,0x10c3,0x10c3,
  0x10c3,0x10c3,0x10c3,0x0862,0x0862,0x0862,0x0862,0x0862,0x0862,0x0862,0x0862,0x0862,0x0862,0x0862,0x0862,0x0862,
  0x0862,0x0862,0x0862,0x0862,0x0862,0x0862,0x0862,0x0862,0x0862,0x0862,0x0862,0x0862,0x0862,0x0862,0x0862,0x0862,
  0x0862,0x0862,0x0862,0x0862,0x0862,0x0862,0x0862,0x0862,0x0862,0x0862,0x0862,0x2166,0x2166,0x1925,0x0862,0x0862,
  0x08c4,0x1d5b,0x1cf9,0x13f3,0x09e9,0x0862,0x0862,0x0862,0x0862,0x0862,0x0862,0x0862,0x0862,0x0862,0x0862,0x0862,
  0x0862,0x0862,0x10a3,0x10a3,0x10a3,0x10a3,0x10a3,0x10a3,0x10a3,0x10a3,0x10a3,0x10a3,0x10a3,0x10a3,0x10a3,0x10a3,
  0x10a3,0x10a3,0x10a3,0x10c3,0x0862,0x0862,0x0862,0x0862,0x0882,0x10a3,0x10a3,0x10a3,0x10a3,0x10a3,0x10a3,0x10a3,
  0x10a3,0x10a3,0x10a3,0x10c3,0x0862,0x0862,0x0862,0x0862,0x0862,0x0862,0x0862,0x0862,0x0862,0x0862,0x0862,0x0862,
  0x0862,0x0862,0x0862,0x0862,0x0862,0x0862,0x0862,0x0862,0x0862,0x0862,0x0862,0x0862,0x0862,0x0862,0x0862,0x0862,
  0x0862,0x0862,0x0862,0x0862,0x0862,0x0862,0x0862,0x0862,0x0862,0x0862,0x0862,0x2967,0x2125,0x2125,0x0862,0x0862,
  0x08c4,0x1ddd,0x263f,0x261f,0x1c14,0x0882,0x0862,0x0862,0x0862,0x0862,0x0862,0x0862,0x0862,0x0862,0x0862,0x0862,
  0x0862,0x0862,0x10a3,0x10a3,0x10a3,0x10a3,0x10a3,0x10a3,0x10a3,0x10a3,0x10a3,0x10a3,0x10a3,0x10a3,0x10a3,0x10a3,
  0x10a3,0x10a3,0x10a3,0x10a3,0x10c3,0x0862,0x0862,0x0862,0x0882,0x10a3,0x10a3,0x10a3,0x10a3,0x10a3,0x10a3,0x10a3,
  0x10a3,0x10a3,0x10a3,0x10a3,0x10c3,0x0862,0x0862,0x0862,0x0862,0x0862,0x0862,0x0862,0x0862,0x0862,0x0862,0x0862,
  0x0862,0x0862,0x0862,0x0862,0x0862,0x0862,0x0862,0x0862,0x0862,0x0862,0x0862,0x0862,0x0862,0x0862,0x0862,0x0862,
  0x0862,0x0862,0x0862,0x0862,0x0862,0x0862,0x0862,0x0862,0x0862,0x0862,0x0862,0x0862,0x0862,0x0862,0x0862,0x0862,
  0x08a3,0x1ddd,0x263f,0x263f,0x1c15,0x0882,0x0862,0x0862,0x0862,0x0862,0x0862,0x0862,0x0862,0x0862,0x0862,0x0862,
  0x0862,0x0862,0x10a3,0x10a3,0x10a3,0x10a3,0x10a3,0x10a3,0x10a3,0x10a3,0x10a3,0x10a3,0x10a3,0x10a3,0x10a3,0x10a3,
  0x10a3,0x10a3,0x10a3,0x10a3,0x10a3,0x10a3,0x0862,0x0862,0x0882,0x10a3,0x10a3,0x10a3,0x10a3,0x10c3,0x18c3,0x18c3,
  0x10a3,0x10a3,0x10a3,0x10a3,0x10c3,0x0862,0x0862,0x0862,0x0862,0x0862,0x0862,0x0862,0x0862,0x0862,0x0862,0x0862,
  0x0862,0x0862,0x0862,0x0862,0x0862,0x0862,0x0862,0x0862,0x0862,0x0862,0x0862,0x0862,0x0862,0x0862,0x0862,0x0862,
  0x0862,0x0862,0x0862,0x0862,0x0862,0x0862,0x0862,0x0862,0x0862,0x0862,0x0862,0x0862,0x0862,0x0862,0x0862,0x0862,
  0x08a3,0x09ea,0x130f,0x1c55,0x1392,0x0882,0x0862,0x0862,0x0862,0x0862,0x0862,0x0862,0x0862,0x0862,0x0862,0x0862,
  0x0862,0x0862,0x10a3,0x10a3,0x10a3,0x10a3,0x10a3,0x10c3,0x10c3,0x10a3,0x10a3,0x10a3,0x10a3,0x10a3,0x10a3,0x10a3,
  0x10c3,0x10a3,0x10a3,0x10a3,0x10a3,0x10a3,0x0862,0x0862,0x0882,0x10a3,0x10a3,0x10a3,0x10a3,0x5203,0x8b23,0x8b23,
  0x3143,0x10a3,0x10a3,0x10a3,0x10c3,0x0862,0x0862,0x0862,0x0862,0x0862,0x0862,0x0862,0x0862,0x0862,0x0862,0x0862,
  0x0862,0x0862,0x0862,0x0862,0x0862,0x0862,0x0862,0x0862,0x0862,0x0862,0x0862,0x0862,0x0862,0x0862,0x0862,0x0862,
  0x0862,0x0862,0x0862,0x0862,0x0862,0x0862,0x0862,0x0862,0x0862,0x0862,0x0862,0x0862,0x0862,0x0862,0x0862,0x0862,
  0x08a3,0x1cd8,0x13d3,0x128d,0x0967,0x0862,0x0862,0x0862,0x0862,0x0862,0x0862,0x0862,0x0862,0x0862,0x0862,0x0862,
  0x0862,0x0862,0x10a3,0x10a3,0x10a3,0x10a3,0x10a3,0xb5b7,0x8451,0x2966,0x18e4,0x10c3,0x10a3,0x10a3,0x10a3,0x52cc,
  0x52ec,0x3a29,0x10a3,0x10a3,0x10a3,0x10a3,0x0862,0x0862,0x0882,0x10a3,0x10a3,0x10a3,0x10a3,0x10c3,0x5a23,0xabc3,
  0x3143,0x10a3,0x10a3,0x10a3,0x10c3,0x0862,0x0862,0x0862,0x0862,0x0862,0x0862,0x0862,0x0862,0x0862,0x0862,0x0862,
  0x0862,0x0862,0x0862,0x0862,0x0862,0x0862,0x0862,0x0862,0x0862,0x0862,0x0862,0x0862,0x0862,0x0862,0x0862,0x0862,
  0x0862,0x0862,0x0862,0x0862,0x0862,0x0862,0x0862,0x0862,0x0862,0x0862,0x0862,0x0862,0x0862,0x0862,0x0862,0x0862,
  0x08c4,0x1ddd,0x263f,0x263f,0x1414,0x0882,0x0862,0x0862,0x0862,0x0862,0x0862,0x0862,0x0862,0x0862,0x0862,0x0862,
  0x0862,0x0862,0x10a3,0x10a3,0x10a3,0x10a3,0x10a3,0xef7e,0xf7df,0xe75d,0xbdf8,0x73af,0x1904,0x10a3,0x10c3,0x4aab,
  0x638f,0x4a8b,0x10a3,0x10a3,0x10a3,0x10a3,0x0862,0x0862,0x0882,0x10a3,0x10a3,0x10a3,0x10a3,0x3163,0x49e3,0x5a23,
  0x18e3,0x10a3,0x10a3,0x10a3,0x10c3,0x0862,0x0862,0x0862,0x0862,0x0862,0x0862,0x0862,0x0862,0x0862,0x0862,0x0862,
  0x0862,0x0862,0x0862,0x0862,0x0862,0x0862,0x0862,0x0862,0x0862,0x0862,0x0862,0x0862,0x0862,0x0862,0x0862,0x0862,
  0x0862,0x0862,0x0862,0x0862,0x0862,0x0862,0x0862,0x0862,0x0862,0x0862,0x0862,0x0862,0x0862,0x0862,0x0862,0x0862,
  0x08c4,0x1ddd,0x263f,0x263f,0x1c15,0x0882,0x0862,0x0862,0x0862,0x0862,0x0862,0x0862,0x0862,0x0862,0x0862,0x0862,
  0x0862,0x0862,0x10a3,0x10a3,0x10a3,0x10c3,0x18e4,0xef7e,0x8c72,0x8c72,0xc639,0xef7e,0x5aec,0x10a3,0x10a3,0x2166,
  0x2986,0x2145,0x10a3,0x10a3,0x10a3,0x10a3,0x0862,0x0862,0x0882,0x10a3,0x10a3,0x10a3,0x10a3,0x8b23,0x7ac3,0x82e3,
  0x3963,0x10a3,0x10a3,0x10a3,0x10c3,0x0862,0x0862,0x0862,0x0862,0x0862,0x0862,0x0862,0x0862,0x0862,0x0862,0x0862,
  0x0862,0x0862,0x0862,0x0862,0x0862,0x0862,0x0862,0x0862,0x0862,0x0862,0x0862,0x0862,0x0862,0x0862,0x0862,0x0862,
  0x0862,0x0862,0x0862,0x0862,0x0862,0x0862,0x0862,0x0862,0x0862,0x0862,0x0862,0x0862,0x0862,0x0862,0x0862,0x0862,
  0x0882,0x12ef,0x1c56,0x1d3a,0x13f4,0x0882,0x0862,0x0862,0x0862,0x0862,0x0862,0x0862,0x0862,0x0862,0x0862,0x0862,
  0x0862,0x0862,0x10a3,0x10a3,0x10c3,0x94d3,0xdf1c,0xf7bf,0xef7e,0x9d14,0x18e4,0x31c7,0x2986,0x10a3,0x10a3,0x3a49,
  0x424a,0x31c7,0x10a3,0x10a3,0x10a3,0x10a3,0x0862,0x0862,0x0882,0x10a3,0x10a3,0x10a3,0x10a3,0x3983,0x10c3,0x2923,
  0x20e3,0x10a3,0x10a3,0x10a3,0x10c3,0x0862,0x0862,0x0862,0x0862,0x0862,0x0862,0x0862,0x0862,0x0862,0x0862,0x0862,
  0x0862,0x0862,0x0862,0x0862,0x0862,0x0862,0x0862,0x0862,0x0862,0x0862,0x0862,0x0862,0x0862,0x0862,0x0862,0x0862,
  0x0862,0x0862,0x0862,0x0862,0x0862,0x0862,0x0862,0x0862,0x0862,0x0862,0x0862,0x0862,0x0862,0x0862,0x0862,0x0862,
  0x08a3,0x1c97,0x12ef,0x0946,0x08c3,0x0862,0x0862,0x0862,0x0862,0x0862,0x0862,0x0862,0x0862,0x0862,0x0862,0x0862,
  0x0862,0x0862,0x10a3,0x10a3,0x10c3,0x634d,0x94d3,0xef7e,0xb5d7,0x6b6e,0x10a3,0x10a3,0x10a3,0x10a3,0x10c3,0x52cc,
  0x4a8b,0x424a,0x10a3,0x10a3,0x10a3,0x10a3,0x0862,0x0862,0x0882,0x10a3,0x10a3,0x10a3,0x10a3,0x5203,0x8b23,0x5a43,
  0x18e3,0x10a3,0x10a3,0x10a3,0x10c3,0x0862,0x0862,0x0862,0x0862,0x0862,0x0862,0x0862,0x0862,0x0862,0x0862,0x0862,
  0x0862,0x0862,0x0862,0x0862,0x0862,0x0862,0x0862,0x0862,0x0862,0x0862,0x0862,0x0862,0x0862,0x0862,0x0862,0x0862,
  0x0862,0x0862,0x0862,0x0862,0x0862,0x0862,0x0862,0x0862,0x0862,0x0862,0x0862,0x0862,0x0862,0x0862,0x0862,0x0862,
  0x08c4,0x1ddd,0x261f,0x1ddd,0x1392,0x0882,0x0862,0x0862,0x0862,0x0862,0x0862,0x0862,0x0862,0x0862,0x0862,0x0862,
  0x0862,0x0862,0x10a3,0x10a3,0x10a3,0x31a7,0x3a08,0x52ab,0x2986,0x1904,0x4229,0x2145,0x10a3,0x10a3,0x10c3,0x4aab,
  0x31e8,0x4249,0x10a3,0x10a3,0x10a3,0x10a3,0x0862,0x0862,0x0882,0x10a3,0x10a3,0x10a3,0x10a3,0x49c3,0x9363,0x9363,
  0x2923,0x10a3,0x10a3,0x10a3,0x10c3,0x0862,0x0862,0x0862,0x0862,0x0862,0x0862,0x0862,0x0862,0x0862,0x0862,0x0862,
  0x0862,0x0862,0x0862,0x0862,0x0862,0x0862,0x0862,0x0862,0x0862,0x0862,0x0862,0x0862,0x0862,0x0862,0x0862,0x0862,
  0x0862,0x0862,0x0862,0x0862,0x0862,0x0862,0x0862,0x0862,0x0862,0x0862,0x0862,0x0862,0x0862,0x0862,0x0862,0x0862,
  0x08c3,0x1ddd,0x263f,0x263f,0x1c15,0x0882,0x0862,0x0862,0x0862,0x0862,0x0862,0x0862,0x0862,0x0862,0x0862,0x0862,
  0x0862,0x0862,0x10a3,0x10a3,0x10c3,0x9d14,0xe73d,0x4a8a,0x10c3,0x39e8,0xdf1c,0xc639,0x10c3,0x10a3,0x10a3,0x18e4,
  0x1904,0x10e4,0x10a3,0x10a3,0x10a3,0x10a3,0x0862,0x0862,0x0882,0x10a3,0x10a3,0x10a3,0x10a3,0x18e3,0x2103,0x18c3,
  0x10a3,0x10a3,0x10a3,0x10a3,0x10c3,0x0862,0x0862,0x0862,0x0862,0x0862,0x0862,0x0862,0x0862,0x0862,0x0862,0x0862,
  0x0862,0x0862,0x0862,0x0862,0x0862,0x0862,0x0862,0x0862,0x0862,0x0862,0x0862,0x0862,0x0862,0x0862,0x0862,0x0862,
  0x0862,0x0862,0x0862,0x0862,0x0862,0x0862,0x0862,0x0862,0x0862,0x0862,0x0862,0x0862,0x0862,0x0862,0x0862,0x0862,
  0x08a3,0x1c56,0x25fe,0x25fe,0x13f4,0x0882,0x0862,0x0862,0x0862,0x0862,0x0862,0x0862,0x0862,0x0862,0x0862,0x0862,
  0x0862,0x0862,0x10a3,0x10a3,0x10c3,0xa535,0xef7e,0xef9e,0x8451,0x2966,0x634d,0xe73d,0x52ab,0x10a3,0x10c3,0x530d,
  0x5b0d,0x4a8a,0x10a3,0x10a3,0x10a3,0x10a3,0x0862,0x0862,0x0882,0x10a3,0x10a3,0x10a3,0x10a3,0x49c3,0xc443,0x9b63,
  0x2103,0x10a3,0x10a3,0x10a3,0x10c3,0x0862,0x0862,0x0862,0x0862,0x0862,0x0862,0x0862,0x0862,0x0862,0x0862,0x0862,
  0x0862,0x0862,0x0862,0x0862,0x0862,0x0862,0x0862,0x0862,0x0862,0x0862,0x0862,0x0862,0x0862,0x0862,0x0862,0x0862,
  0x0862,0x0862,0x0862,0x0862,0x0862,0x0862,0x0862,0x0862,0x0862,0x0862,0x0862,0x0862,0x0862,0x0862,0x0862,0x0862,
  0x0883,0x1310,0x0a2b,0x09c9,0x0988,0x0862,0x0862,0x0862,0x0862,0x0862,0x0862,0x0862,0x0862,0x0862,0x0862,0x0862,
  0x0862,0x0862,0x10a3,0x10a3,0x10c3,0xa535,0xad76,0x94d3,0xe75d,0xbe18,0x8451,0xe75d,0x52ab,0x10a3,0x10a3,0x29a7,
  0x18e4,0x2986,0x10a3,0x10a3,0x10a3,0x10a3,0x0862,0x0862,0x0882,0x10a3,0x10a3,0x10a3,0x10a3,0x6243,0x41c3,0x6243,
  0x2923,0x10a3,0x10a3,0x10a3,0x10c3,0x0862,0x0862,0x0862,0x0862,0x0862,0x0862,0x0862,0x0862,0x0862,0x0862,0x0862,
  0x0862,0x0862,0x0862,0x0862,0x0862,0x0862,0x0862,0x0862,0x0862,0x0862,0x0862,0x0862,0x0862,0x0862,0x0862,0x0862,
  0x0862,0x0862,0x0862,0x0862,0x0862,0x0862,0x0862,0x0862,0x0862,0x0862,0x0862,0x0862,0x0862,0x0862,0x0862,0x0862,
  0x08c4,0x1ddd,0x263f,0x1ddd,0x1330,0x0882,0x0862,0x0862,0x0862,0x0862,0x0862,0x0862,0x0862,0x0862,0x0862,0x0862,
  0x0862,0x0862,0x10a3,0x10a3,0x10c3,0x9d14,0x9d14,0x1904,0x52cc,0xd6db,0xe75d,0xb5b7,0x10c3,0x10a3,0x10a3,0x10a3,
  0x10a3,0x10a3,0x10a3,0x10a3,0x10a3,0x10a3,0x0862,0x0862,0x0882,0x10a3,0x10a3,0x10a3,0x10a3,0x10a3,0x10a3,0x10a3,
  0x10a3,0x10a3,0x10a3,0x10a3,0x10c3,0x0862,0x0862,0x0862,0x0862,0x0862,0x0862,0x0862,0x0862,0x0862,0x0862,0x0862,
  0x0862,0x0862,0x0862,0x0862,0x0862,0x0862,0x0862,0x0862,0x0862,0x0862,0x0862,0x0862,0x0862,0x0862,0x0862,0x0862,
  0x0862,0x0862,0x0862,0x0862,0x0862,0x0862,0x0862,0x0862,0x0862,0x0862,0x0862,0x0862,0x0862,0x0862,0x0862,0x0862,
  0x08c4,0x1ddd,0x263f,0x263f,0x1c14,0x0882,0x0862,0x0862,0x0862,0x0862,0x0862,0x0862,0x0862,0x0862,0x0862,0x0862,
  0x0862,0x0862,0x10a3,0x10a3,0x10a3,0x31c7,0x3a08,0x10c3,0x18e4,0x2986,0x39e8,0x1904,0x10a3,0x10a3,0x10a3,0x10a3,
  0x10a3,0x10a3,0x10a3,0x10a3,0x10a3,0x10a3,0x0862,0x0862,0x0882,0x10a3,0x10a3,0x10a3,0x10a3,0x10a3,0x10a3,0x10a3,
  0x10a3,0x10a3,0x10a3,0x10a3,0x10c3,0x0862,0x0862,0x0862,0x0862,0x0862,0x0862,0x0862,0x0862,0x0862,0x0862,0x0862,
  0x0862,0x0862,0x0862,0x0862,0x0862,0x0862,0x0862,0x0862,0x0862,0x0862,0x0862,0x0862,0x0862,0x0862,0x0862,0x0862,
  0x0862,0x0862,0x0862,0x0862,0x0862,0x0862,0x0862,0x0862,0x0862,0x0862,0x0862,0x0862,0x0862,0x0862,0x0862,0x0862,
  0x08a3,0x1c97,0x1dfe,0x25fe,0x1c14,0x0882,0x0862,0x0862,0x0862,0x0862,0x0862,0x0862,0x0862,0x0862,0x0862,0x0862,
  0x0862,0x0862,0x10a3,0x10a3,0x10a3,0x39e8,0xbe18,0x18e4,0x3a08,0xb5d7,0x18e4,0x10a3,0x10a3,0x10a3,0x10a3,0x10a3,
  0x10a3,0x10a3,0x10a3,0x10a3,0x10a3,0x10a3,0x0862,0x0862,0x0882,0x10a3,0x10a3,0x10a3,0x10a3,0x10a3,0x10a3,0x10a3,
  0x10a3,0x10a3,0x10a3,0x10a3,0x10c3,0x0862,0x0862,0x0862,0x0862,0x0862,0x0862,0x0862,0x0862,0x0862,0x0862,0x0862,
  0x0862,0x0862,0x0862,0x0862,0x0862,0x0862,0x0862,0x0862,0x0862,0x0862,0x0862,0x0862,0x0862,0x0862,0x0862,0x0862,
  0x0862,0x0862,0x0862,0x0862,0x0862,0x0862,0x0862,0x0862,0x0862,0x0862,0x0862,0x0862,0x0862,0x0862,0x0862,0x0862,
  0x0883,0x0a2b,0x0a2b,0x12ee,0x128d,0x0882,0x0862,0x0862,0x0862,0x0862,0x0862,0x0862,0x0862,0x0862,0x0862,0x0862,
  0x0862,0x0862,0x10a3,0x10a3,0x10a3,0x31c7,0xc639,0x18e4,0x39e8,0xb5d7,0x1904,0x10a3,0x10a3,0x10a3,0x10a3,0x10a3,
  0x10a3,0x10a3,0x10a3,0x10a3,0x10a3,0x10a3,0x0862,0x0862,0x0882,0x10a3,0x10a3,0x10a3,0x10a3,0x10a3,0x10a3,0x10a3,
  0x10a3,0x10a3,0x10a3,0x10a3,0x10c3,0x0862,0x0862,0x0862,0x0862,0x0862,0x0862,0x0862,0x0862,0x0862,0x0862,0x10a3,
  0x10c3,0x2966,0x4a6a,0x4229,0x0882,0x0862,0x0862,0x0862,0x0862,0x0862,0x0862,0x0862,0x0862,0x0862,0x0862,0x0862,
  0x0862,0x0882,0x10a3,0x10a3,0x10a3,0x10a3,0x0882,0x0862,0x0862,0x0862,0x0862,0x0862,0x0862,0x0862,0x0862,0x0862,
  0x08c4,0x1dbd,0x1dfe,0x1d5b,0x128d,0x0862,0x0862,0x0862,0x0862,0x0862,0x0862,0x0862,0x0862,0x0862,0x0862,0x0862,
  0x0862,0x0862,0x10a3,0x10a3,0x10a3,0x10a3,0x10a3,0x10a3,0x10a3,0x10a3,0x10a3,0x10a3,0x10a3,0x10a3,0x10a3,0x10a3,
  0x10a3,0x10a3,0x10a3,0x10a3,0x10a3,0x10a3,0x0862,0x0862,0x0882,0x10a3,0x10a3,0x10a3,0x10a3,0x10a3,0x10a3,0x10a3,
  0x10a3,0x10a3,0x10a3,0x10a3,0x10c3,0x0862,0x0862,0x0862,0x0862,0x0862,0x0862,0x0862,0x0862,0x0882,0x4a6a,0xad96,
  0xdf1c,0xf7bf,0xf7df,0xc659,0x10a3,0x0862,0x0862,0x0862,0x0862,0x0862,0x0862,0x0862,0x0862,0x0862,0x0862,0x0862,
  0x0882,0x6b8e,0xcebb,0xd6bb,0xd6bb,0xc639,0x10c3,0x0862,0x0862,0x0862,0x0862,0x0862,0x0862,0x0862,0x0862,0x0862,
  0x08c4,0x1ddd,0x263f,0x263f,0x1c15,0x0882,0x0862,0x0862,0x0862,0x0862,0x0862,0x0862,0x0862,0x0862,0x0862,0x0862,
  0x0862,0x0862,0x10a3,0x10a3,0x10a3,0x10a3,0x10a3,0x10a3,0x10a3,0x10a3,0x1904,0x4a6a,0x10a3,0x10a3,0x10a3,0x10a3,
  0x10a3,0x10a3,0x10a3,0x10a3,0x10a3,0x10a3,0x0862,0x0862,0x0882,0x10a3,0x10a3,0x10a3,0x10a3,0x10a3,0x10a3,0x10a3,
  0x10a3,0x10a3,0x10a3,0x10a3,0x10c3,0x0862,0x0862,0x0862,0x0862,0x0862,0x0862,0x0862,0x10a3,0x7c10,0xef9e,0xf7df,
  0xf7df,0xf7df,0xf7df,0xc659,0x10a3,0x0862,0x0862,0x0862,0x0862,0x0862,0x0862,0x0862,0x0862,0x0862,0x0862,0x0862,
  0x0882,0x94b3,0xf7bf,0xf7df,0xf7df,0xef7e,0x1904,0x0862,0x0862,0x0862,0x0862,0x0862,0x0862,0x0862,0x0862,0x0862,
  0x08a3,0x1d5b,0x263f,0x263f,0x1c15,0x0882,0x0862,0x0862,0x0862,0x0862,0x0862,0x0862,0x0862,0x0862,0x0862,0x0862,
  0x0862,0x0862,0x10a3,0x10a3,0x10a3,0x2966,0x39e8,0x3a08,0x3a08,0x3a08,0x4249,0xef7e,0x4229,0x10a3,0x10a3,0x10a3,
  0x10a3,0x10a3,0x10a3,0x10a3,0x10a3,0x10a3,0x0862,0x0862,0x0882,0x10a3,0x10a3,0x10a3,0x10a3,0x10a3,0x10a3,0x10a3,
  0x10a3,0x10a3,0x10a3,0x10a3,0x10c3,0x0862,0x0862,0x0862,0x0862,0x0862,0x0862,0x0882,0x7c10,0xef9e,0xf7df,0xf7df,
  0xf7df,0xf7df,0xf7df,0xc659,0x10a3,0x0862,0x0862,0x0862,0x0862,0x0862,0x0862,0x0862,0x0862,0x0862,0x0862,0x0862,
  0x0882,0x94b3,0xf7df,0xf7df,0xf7df,0xef7e,0x1904,0x0862,0x0862,0x0862,0x0862,0x0862,0x0862,0x0862,0x0862,0x0862,
  0x0883,0x08c4,0x0988,0x1371,0x1371,0x0862,0x0862,0x0862,0x0862,0x0862,0x0862,0x0862,0x0862,0x0862,0x0862,0x0862,
  0x0862,0x0862,0x10a3,0x10a3,0x10c3,0x94d3,0xdf1c,0xe73d,0xe73d,0xe73d,0xe73d,0xef7e,0x5aec,0x10a3,0x10a3,0x10a3,
  0x10a3,0x10a3,0x10a3,0x10a3,0x10a3,0x10a3,0x0862,0x0862,0x0882,0x10a3,0x10a3,0x10a3,0x10a3,0x10a3,0x10a3,0x10a3,
  0x10a3,0x10a3,0x10a3,0x10a3,0x10c3,0x0862,0x0862,0x0862,0x0862,0x0862,0x0862,0x2145,0xdefc,0xf7df,0xf7df,0xf7df,
  0xf7df,0xf7df,0xf7df,0xc659,0x10a3,0x0862,0x0862,0x0862,0x0862,0x0882,0x4229,0xa535,0x2145,0x0862,0x0862,0x0862,
  0x0882,0x94b3,0xf7df,0xf7df,0xf7df,0xef7e,0x1904,0x0862,0x0862,0x0862,0x0862,0x0862,0x0862,0x0862,0x0862,0x0862,
  0x08a3,0x1d3a,0x1cf9,0x1414,0x0a0a,0x0882,0x0862,0x0862,0x0862,0x0862,0x0862,0x0862,0x0862,0x0862,0x0862,0x0862,
  0x0862,0x0862,0x10a3,0x10a3,0x10a3,0x3a08,0x52cb,0x52cb,0x52cb,0x52cb,0x52cb,0x52cb,0x2145,0x10a3,0x10a3,0x10a3,
  0x10a3,0x10a3,0x10a3,0x10a3,0x10a3,0x10a3,0x0862,0x0862,0x0882,0x10a3,0x10a3,0x10a3,0x10a3,0x10a3,0x10a3,0x10a3,
  0x10a3,0x10a3,0x10a3,0x10a3,0x10c3,0x0862,0x0862,0x0862,0x0862,0x0862,0x0862,0x9cf4,0xf7bf,0xf7df,0xf7df,0xf7df,
  0xf7df,0xf7bf,0xef9e,0xbdf8,0x10a3,0x0862,0x0862,0x0862,0x0882,0x52cb,0xe75d,0xf7df,0xbdf8,0x2145,0x0882,0x0862,
  0x0882,0x94b3,0xf7df,0xf7df,0xf7df,0xef7e,0x1904,0x0862,0x0862,0x0862,0x0862,0x0862,0x0862,0x0862,0x0862,0x0862,
  0x08c4,0x1ddd,0x263f,0x263f,0x1c14,0x0882,0x0862,0x0862,0x0862,0x0862,0x0862,0x0862,0x0862,0x0862,0x0862,0x0862,
  0x0862,0x0862,0x10a3,0x10a3,0x10a3,0x10a3,0x18e4,0x18e4,0x18e4,0x18e4,0x18e4,0x10c3,0x10a3,0x10a3,0x10a3,0x10a3,
  0x10a3,0x10a3,0x10a3,0x10a3,0x10a3,0x10a3,0x0862,0x0862,0x0882,0x10a3,0x10a3,0x10a3,0x10a3,0x10a3,0x10a3,0x10a3,
  0x10a3,0x10a3,0x10a3,0x10a3,0x10c3,0x0862,0x0862,0x0862,0x0862,0x0862,0x10c3,0xef7e,0xf7df,0xf7df,0xf7df,0xf7df,
  0xe73d,0x8431,0x4a6a,0x2145,0x0862,0x0862,0x0862,0x0862,0x5b0c,0xef7e,0xf7df,0xf7df,0xf7df,0xd6db,0x2966,0x0862,
  0x0882,0x94b3,0xf7df,0xf7df,0xf7df,0xef7e,0x1904,0x0862,0x0862,0x0862,0x0862,0x0862,0x0862,0x0862,0x0862,0x0862,
  0x08a3,0x1dbd,0x261f,0x261f,0x1c14,0x0882,0x0862,0x0862,0x0862,0x0862,0x0862,0x0862,0x0862,0x0862,0x0862,0x0862,
  0x0862,0x0862,0x10a3,0x10a3,0x10a3,0x2986,0xb5b7,0xce9a,0xa555,0xa555,0xce7a,0x8c92,0x10c3,0x10a3,0x10a3,0x10a3,
  0x10a3,0x10a3,0x10a3,0x10a3,0x10a3,0x10a3,0x0862,0x0862,0x0882,0x10a3,0x10a3,0x10a3,0x10a3,0x10a3,0x10a3,0x10a3,
  0x10a3,0x10a3,0x10a3,0x10a3,0x10c3,0x0862,0x0862,0x0862,0x0862,0x0862,0x2986,0xef9e,0xf7df,0xf7df,0xf7df,0xdf1c,
  0x2986,0x0862,0x0862,0x0862,0x0862,0x0862,0x0862,0x0862,0x8431,0xf7bf,0xf7df,0xf7df,0xf7df,0xf7df,0xc639,0x31a7,
  0x10a3,0x94b3,0xf7df,0xf7df,0xf7df,0xef7e,0x1904,0x0862,0x0862,0x0862,0x0862,0x0862,0x0862,0x0862,0x0862,0x0862,
  0x0882,0x09e9,0x130f,0x1c76,0x13d3,0x0882,0x0862,0x0862,0x0862,0x0862,0x0862,0x0862,0x0862,0x0862,0x0862,0x0862,
  0x0862,0x0862,0x10a3,0x10a3,0x10c3,0x94b3,0xdefc,0x9d14,0xdf1c,0xdf1c,0xa555,0xe75d,0x4a6a,0x10a3,0x10a3,0x10a3,
  0x10a3,0x10a3,0x10a3,0x10a3,0x10a3,0x10a3,0x0862,0x0862,0x0882,0x10a3,0x10a3,0x10a3,0x10a3,0x10a3,0x10a3,0x10a3,
  0x10a3,0x10a3,0x10a3,0x10a3,0x10c3,0x0862,0x0862,0x0862,0x0862,0x0862,0x31a7,0xef9e,0xf7df,0xf7df,0xf7bf,0x9d14,
  0x0882,0x0862,0x0862,0x0862,0x0862,0x0862,0x0862,0x0862,0x2986,0xef7e,0xf7df,0xf7df,0xf7df,0xf7df,0xf7df,0xce7a,
  0x31c7,0x94b3,0xf7df,0xf7df,0xf7df,0xef7e,0x1904,0x0862,0x0862,0x0862,0x0862,0x0862,0x0862,0x0862,0x0862,0x0862,
  0x08a3,0x1cf9,0x13f4,0x128d,0x0946,0x0862,0x0862,0x0862,0x0862,0x0862,0x0862,0x0862,0x0862,0x0862,0x0862,0x0862,
  0x0862,0x0862,0x10a3,0x10a3,0x10c3,0x9d14,0xce7a,0x4a8a,0xce7a,0xce9a,0x5aec,0xe73d,0x52cb,0x10a3,0x10a3,0x10a3,
  0x10a3,0x10a3,0x10a3,0x10a3,0x10a3,0x10a3,0x0862,0x0862,0x0882,0x10a3,0x10a3,0x10a3,0x10a3,0x10a3,0x10a3,0x10a3,
  0x10a3,0x10a3,0x10a3,0x10a3,0x10c3,0x0862,0x0862,0x0862,0x0862,0x0862,0x31a7,0xef9e,0xf7df,0xf7df,0xf7df,0xa555,
  0x0882,0x0862,0x0862,0x0862,0x0862,0x0862,0x0862,0x0862,0x3a08,0xef9e,0xf7df,0xf7df,0xf7df,0xf7df,0xf7df,0xf7bf,
  0xe75d,0xbdf8,0xf7df,0xf7df,0xf7df,0xef7e,0x1904,0x0862,0x0862,0x0862,0x0862,0x0862,0x0862,0x0862,0x0862,0x0862,
  0x08c4,0x1ddd,0x263f,0x261e,0x13f4,0x0882,0x0862,0x0862,0x0862,0x0862,0x0862,0x0862,0x0862,0x0862,0x0862,0x0862,
  0x0862,0x0862,0x10a3,0x10a3,0x10a3,0x4a6a,0xdefc,0xe73d,0xce9a,0xce7a,0xe73d,0xbe18,0x2125,0x10a3,0x10a3,0x10a3,
  0x10a3,0x10a3,0x10a3,0x10a3,0x10a3,0x10a3,0x0862,0x0862,0x0882,0x10a3,0x10a3,0x10a3,0x10a3,0x10a3,0x10a3,0x10a3,
  0x10a3,0x10a3,0x10a3,0x10a3,0x10c3,0x0862,0x0862,0x0862,0x0862,0x0862,0x2145,0xef7e,0xf7df,0xf7df,0xf7df,0xef7e,
  0x634d,0x10c3,0x0882,0x0862,0x0862,0x0882,0x10a3,0x2966,0xb5d7,0xf7bf,0xf7df,0xf7df,0xf7df,0xf7df,0xf7df,0xf7df,
  0xf7df,0xf7bf,0xf7df,0xf7df,0xf7df,0xef7e,0x1904,0x0862,0x0862,0x0862,0x0862,0x0862,0x0862,0x0862,0x0862,0x0862,
  0x08a3,0x1ddd,0x263f,0x263f,0x1c15,0x0882,0x0862,0x0862,0x0862,0x0862,0x0862,0x0862,0x0862,0x0862,0x0862,0x0862,
  0x0862,0x0862,0x10a3,0x10a3,0x10a3,0x10a3,0x31a7,0x52ab,0x2986,0x2966,0x4a8a,0x2145,0x10a3,0x10a3,0x10a3,0x10a3,
  0x10a3,0x10a3,0x10a3,0x10a3,0x10a3,0x10a3,0x0862,0x0862,0x0882,0x10a3,0x10a3,0x10a3,0x10a3,0x10a3,0x10a3,0x10a3,
  0x10a3,0x10a3,0x10a3,0x10a3,0x10c3,0x0862,0x0862,0x0862,0x0862,0x0862,0x0882,0xdefc,0xf7df,0xf7df,0xf7df,0xf7df,
  0xef7e,0xbdf8,0x8c72,0x73cf,0x73af,0x7c10,0xa535,0xe73d,0xf7bf,0xf7df,0xf7df,0xe75d,0xe73d,0xf7df,0xf7df,0xf7df,
  0xf7df,0xf7df,0xf7df,0xf7df,0xf7df,0xef7e,0x1904,0x0862,0x0862,0x0862,0x0862,0x0862,0x0862,0x0862,0x0862,0x0862,
  0x08a3,0x1330,0x1c77,0x1d1a,0x13d3,0x0882,0x0862,0x0862,0x0862,0x0862,0x0862,0x0862,0x0862,0x0862,0x0862,0x0862,
  0x0862,0x0862,0x10a3,0x10a3,0x10a3,0x10a3,0x10a3,0x10a3,0x10a3,0x10a3,0x10a3,0x10a3,0x10a3,0x10a3,0x10a3,0x10a3,
  0x10a3,0x10a3,0x10a3,0x10a3,0x10a3,0x10a3,0x0862,0x0862,0x0882,0x10a3,0x10a3,0x10a3,0x10a3,0x10a3,0x10a3,0x10a3,
  0x10a3,0x10a3,0x10a3,0x10a3,0x10c3,0x0862,0x0862,0x0862,0x0862,0x0862,0x0862,0x6b8e,0xef9e,0xf7df,0xf7df,0xf7df,
  0xf7df,0xf7df,0xf7df,0xf7df,0xf7df,0xf7df,0xf7df,0xf7df,0xf7df,0xf7df,0xf7bf,0x9d14,0x4a8a,0xef7e,0xf7df,0xf7df,
  0xf7df,0xf7df,0xf7df,0xf7df,0xf7df,0xef7e,0x1904,0x0862,0x0862,0x0862,0x0862,0x2166,0x0862,0x1905,0x0862,0x0862,
  0x0883,0x1c76,0x12ad,0x0926,0x08c4,0x0862,0x0862,0x0862,0x0862,0x0862,0x0862,0x0862,0x0862,0x0862,0x0862,0x0862,
  0x0862,0x0862,0x10a3,0x10a3,0x10a3,0x10a3,0x10a3,0x10a3,0x10a3,0x10a3,0x10a3,0x10a3,0x10a3,0x10a3,0x10a3,0x10a3,
  0x10a3,0x10a3,0x10a3,0x10a3,0x10a3,0x10a3,0x0862,0x0862,0x0882,0x10a3,0x10a3,0x10a3,0x10a3,0x10a3,0x10a3,0x10a3,
  0x10a3,0x10a3,0x10a3,0x10a3,0x10c3,0x0862,0x0862,0x0862,0x0862,0x0862,0x0862,0x10c3,0xc639,0xf7df,0xf7df,0xf7df,
  0xf7df,0xf7df,0xf7df,0xf7df,0xf7df,0xf7df,0xf7df,0xf7df,0xf7df,0xf7df,0xef9e,0x4a6a,0x0862,0x3a08,0xd6bb,0xf7df,
  0xf7df,0xf7df,0xf7df,0xf7df,0xf7df,0xef7e,0x1904,0x0862,0x0862,0x0862,0x0882,0x2987,0x2987,0x2146,0x0862,0x0862,
  0x08c4,0x1ddd,0x263f,0x261e,0x1392,0x0882,0x0862,0x0862,0x0862,0x0862,0x0862,0x0862,0x0862,0x0862,0x0862,0x0862,
  0x0862,0x0862,0x10a3,0x10a3,0x10a3,0x10a3,0x10a3,0x10a3,0x10a3,0x10a3,0x10a3,0x10a3,0x10a3,0x10a3,0x10a3,0x10a3,
  0x10a3,0x10a3,0x10a3,0x10a3,0x10a3,0x10a3,0x0862,0x0862,0x0882,0x10a3,0x10a3,0x10a3,0x10a3,0x10a3,0x10a3,0x10a3,
  0x10a3,0x10a3,0x10a3,0x10a3,0x10c3,0x0862,0x0862,0x0862,0x0862,0x0862,0x0862,0x0862,0x3a08,0xce9a,0xf7df,0xf7df,
  0xf7df,0xf7df,0xf7df,0xf7df,0xf7df,0xf7df,0xf7df,0xf7df,0xf7df,0xef9e,0x94d3,0x0882,0x0862,0x0862,0x39e8,0xc659,
  0xf7df,0xf7df,0xf7df,0xf7df,0xf7df,0xef7e,0x1904,0x0862,0x0862,0x0862,0x0862,0x2146,0x2146,0x1904,0x0862,0x0862,
  0x08c4,0x1ddd,0x263f,0x263f,0x1c15,0x0882,0x0862,0x0862,0x0862,0x0862,0x0862,0x0862,0x0862,0x0862,0x0862,0x0862,
  0x0862,0x0862,0x10a3,0x10a3,0x10a3,0x10a3,0x10a3,0x10a3,0x10a3,0x10a3,0x10a3,0x10a3,0x10a3,0x10a3,0x10a3,0x10a3,
  0x10a3,0x10a3,0x10a3,0x10a3,0x10a3,0x10a3,0x0862,0x0862,0x0882,0x10a3,0x10a3,0x10a3,0x10a3,0x10a3,0x10a3,0x10a3,
  0x10a3,0x10a3,0x10a3,0x10a3,0x10c3,0x0862,0x0862,0x0862,0x0862,0x0862,0x0862,0x0862,0x0882,0x2145,0xbdf8,0xef9e,
  0xf7df,0xf7df,0xf7df,0xf7df,0xf7df,0xf7df,0xf7df,0xf7df,0xe75d,0x7bf0,0x10a3,0x0862,0x0862,0x0862,0x0862,0x2145,
  0xd6bb,0xf7df,0xf7df,0xf7df,0xf7df,0xef7e,0x1904,0x0862,0x0862,0x0862,0x0862,0x31c8,0x2987,0x2166,0x0862,0x0862,
  0x0883,0x1415,0x1ddd,0x25fe,0x1c14,0x0882,0x0862,0x0862,0x0862,0x0862,0x0862,0x0862,0x0862,0x0862,0x0862,0x0862,
  0x0862,0x0862,0x10a3,0x10a3,0x10a3,0x10a3,0x10a3,0x10a3,0x10a3,0x10a3,0x10a3,0x10a3,0x10a3,0x10a3,0x10a3,0x10a3,
  0x10a3,0x10a3,0x10a3,0x10a3,0x10a3,0x10a3,0x0862,0x0862,0x0882,0x10a3,0x10a3,0x10a3,0x10a3,0x10a3,0x10a3,0x10a3,
  0x10a3,0x10a3,0x10a3,0x10a3,0x10c3,0x0862,0x0862,0x0862,0x0862,0x0862,0x0862,0x0862,0x0862,0x0862,0x10c3,0x4229,
  0x7bf0,0xb5b7,0xce9a,0xd6db,0xd6db,0xce7a,0xa555,0x6b8e,0x31a7,0x0882,0x0862,0x0862,0x0862,0x0862,0x0862,0x0862,
  0x1904,0x9cf4,0xc639,0xc639,0xc639,0xb5d7,0x10c3,0x0862,0x0862,0x0862,0x0862,0x0882,0x08a3,0x0862,0x0862,0x0862,
  0x08a3,0x1371,0x128d,0x0a0a,0x09a8,0x0862,0x0862,0x0862,0x0862,0x0862,0x0862,0x0862,0x0862,0x0862,0x0862,0x0862,
  0x0862,0x0862,0x10a3,0x10a3,0x10a3,0x10a3,0x10a3,0x10a3,0x10a3,0x10a3,0x10a3,0x10a3,0x10a3,0x10a3,0x10a3,0x10a3,
  0x10a3,0x10a3,0x10a3,0x10a3,0x10a3,0x10a3,0x0862,0x0862,0x0882,0x10a3,0x10a3,0x10a3,0x10a3,0x10a3,0x10a3,0x10a3,
  0x10a3,0x10a3,0x10a3,0x10a3,0x10c3,0x0862,0x0862,0x0862,0x0862,0x0862,0x0862,0x0862,0x0862,0x0862,0x0862,0x0862,
  0x0882,0x10a3,0x10c3,0x10c3,0x10c3,0x10c3,0x10a3,0x0862,0x0862,0x0862,0x0862,0x0862,0x0862,0x0862,0x0862,0x0862,
  0x0862,0x0882,0x10c3,0x10c3,0x10c3,0x10a3,0x0882,0x0862,0x0862,0x0862,0x0862,0x0862,0x0862,0x0862,0x0862,0x0862,
  0x08c4,0x1dbd,0x25fe,0x1d9c,0x130f,0x0862,0x0862,0x0862,0x0862,0x0862,0x0862,0x0862,0x0862,0x0862,0x0862,0x0862,
  0x0862,0x0862,0x10a3,0x10a3,0x10a3,0x10a3,0x10a3,0x10a3,0x10a3,0x10a3,0x10a3,0x10a3,0x10a3,0x10a3,0x10a3,0x10a3,
  0x10a3,0x10a3,0x10a3,0x10a3,0x10a3,0x10a3,0x0862,0x0862,0x0882,0x10a3,0x10a3,0x10a3,0x10a3,0x10a3,0x10a3,0x10a3,
  0x10a3,0x10a3,0x10a3,0x10a3,0x10c3,0x0862,0x0862,0x0862,0x0862,0x0862,0x0862,0x0862,0x0862,0x0862,0x0862,0x0862,
  0x0862,0x0862,0x0862,0x0862,0x0862,0x0862,0x0862,0x0862,0x0862,0x0862,0x0862,0x0862,0x0862,0x0862,0x0862,0x0862,
  0x0862,0x0862,0x0862,0x0862,0x0862,0x0862,0x0862,0x0862,0x0862,0x0862,0x0862,0x0862,0x0862,0x0862,0x0862,0x0862,
  0x08c4,0x1ddd,0x263f,0x263f,0x1c15,0x0882,0x0862,0x0862,0x0862,0x0862,0x0862,0x0862,0x0862,0x0862,0x0862,0x0862,
  0x0862,0x0862,0x10a3,0x10a3,0x10a3,0x10a3,0x10a3,0x10a3,0x10a3,0x10a3,0x10a3,0x10a3,0x10a3,0x10a3,0x10a3,0x10a3,
  0x10a3,0x10a3,0x10a3,0x10a3,0x10a3,0x10a3,0x0862,0x0862,0x0882,0x10a3,0x10a3,0x10a3,0x10a3,0x10a3,0x10a3,0x10a3,
  0x10a3,0x10a3,0x10a3,0x10a3,0x10c3,0x0862,0x0862,0x0862,0x0862,0x0862,0x0862,0x0862,0x0862,0x0862,0x0862,0x0862,
  0x0862,0x0862,0x0862,0x0862,0x0862,0x0862,0x0862,0x0862,0x0862,0x0862,0x0862,0x0862,0x0862,0x0862,0x0862,0x0862,
  0x0862,0x0862,0x0862,0x0862,0x0862,0x0862,0x0862,0x0862,0x0862,0x0862,0x0862,0x0862,0x0862,0x0862,0x0862,0x0862,
  0x08a3,0x1cd8,0x261f,0x261f,0x1c14,0x0882,0x0862,0x0862,0x0862,0x0862,0x0862,0x0862,0x0862,0x0862,0x0862,0x0862,
  0x0862,0x0862,0x10a3,0x10a3,0x10a3,0x10a3,0x10a3,0x10a3,0x10a3,0x10a3,0x10a3,0x10a3,0x10a3,0x10a3,0x10a3,0x10a3,
  0x10a3,0x10a3,0x10a3,0x10a3,0x10a3,0x10a3,0x0862,0x0862,0x0882,0x10a3,0x10a3,0x10a3,0x10a3,0x10a3,0x10a3,0x10a3,
  0x10a3,0x10a3,0x10a3,0x10a3,0x10c3,0x0862,0x0862,0x0862,0x0862,0x0862,0x0862,0x0862,0x0862,0x0862,0x0862,0x0862,
  0x0862,0x0862,0x0862,0x0862,0x0862,0x0862,0x0862,0x0862,0x0862,0x0862,0x0862,0x0862,0x0862,0x0862,0x0862,0x0862,
  0x0862,0x0862,0x0862,0x0862,0x0862,0x0862,0x0862,0x0862,0x0862,0x0862,0x0862,0x0862,0x0862,0x0862,0x0862,0x0862,
  0x0883,0x09ea,0x09c9,0x128c,0x126c,0x0862,0x0862,0x0862,0x0862,0x0862,0x0862,0x0862,0x0862,0x0862,0x0862,0x0862,
  0x0862,0x0862,0x10a3,0x10a3,0x10a3,0x10a3,0x10a3,0x10a3,0x10a3,0x10a3,0x10a3,0x10a3,0x10a3,0x10a3,0x10a3,0x10a3,
  0x10a3,0x10a3,0x10a3,0x10a3,0x10a3,0x10a3,0x0862,0x0862,0x0882,0x10a3,0x10a3,0x10a3,0x10a3,0x10a3,0x10a3,0x10a3,
  0x10a3,0x10a3,0x10a3,0x10a3,0x10c3,0x0862,0x0862,0x0862,0x0862,0x0862,0x0862,0x0862,0x0862,0x0862,0x0862,0x10c3,
  0x4249,0x94d3,0x6b6e,0x0882,0x0862,0x2966,0xad96,0xb5d7,0xb5d7,0xb5d7,0xb5d7,0xb5d7,0xb5d7,0xb5d7,0xb5d7,0xb5d7,
  0xb5d7,0xb5d7,0xb5d7,0xb5d7,0xb5d7,0xa555,0x10c3,0x0862,0x0862,0x0862,0x0862,0x0862,0x0862,0x0862,0x0862,0x0862,
  0x08a3,0x1dbd,0x25fe,0x1d9c,0x12ce,0x0882,0x0862,0x0862,0x0862,0x0862,0x0862,0x0862,0x0862,0x0862,0x0862,0x0862,
  0x0862,0x0862,0x10a3,0x10a3,0x10a3,0x10a3,0x10a3,0x10a3,0x10a3,0x10a3,0x10a3,0x10a3,0x10a3,0x10a3,0x10a3,0x10a3,
  0x10a3,0x10a3,0x10a3,0x10a3,0x10a3,0x10a3,0x0862,0x0862,0x0882,0x10a3,0x10a3,0x10a3,0x10a3,0x10a3,0x10a3,0x10a3,
  0x10a3,0x10a3,0x10a3,0x10a3,0x10c3,0x0862,0x0862,0x0862,0x0862,0x0862,0x0862,0x0862,0x0862,0x1904,0x8c72,0xce9a,
  0xef7e,0xf7bf,0x9d14,0x0882,0x0862,0x52ab,0xf7bf,0xf7df,0xf7df,0xf7df,0xf7df,0xf7df,0xf7df,0xf7df,0xf7df,0xf7df,
  0xf7df,0xf7df,0xf7df,0xf7df,0xf7df,0xef7e,0x18e4,0x0862,0x0862,0x0862,0x0862,0x0862,0x0862,0x0862,0x0862,0x0862,
  0x08c4,0x1ddd,0x263f,0x263f,0x1c14,0x0882,0x0862,0x0862,0x0862,0x0862,0x0862,0x0862,0x0862,0x0862,0x0862,0x0862,
  0x0862,0x0862,0x10a3,0x10a3,0x10a3,0x10a3,0x10a3,0x10a3,0x10a3,0x10a3,0x10a3,0x10a3,0x10a3,0x10a3,0x10a3,0x10a3,
  0x10a3,0x10a3,0x10a3,0x10a3,0x10a3,0x10a3,0x0862,0x0862,0x0882,0x10a3,0x10a3,0x10a3,0x10a3,0x10a3,0x10a3,0x10a3,
  0x10a3,0x10a3,0x10a3,0x10a3,0x10c3,0x0862,0x0862,0x0862,0x0862,0x0862,0x0862,0x0862,0x2966,0xb5b7,0xf7bf,0xf7df,
  0xf7df,0xf7df,0xa535,0x10a3,0x0862,0x52ab,0xf7bf,0xf7df,0xf7df,0xf7df,0xf7df,0xf7df,0xf7df,0xf7df,0xf7df,0xf7df,
  0xf7df,0xf7df,0xf7df,0xf7df,0xf7df,0xef7e,0x1904,0x0862,0x0862,0x0862,0x0862,0x0862,0x0862,0x0862,0x0862,0x0862,
  0x08a3,0x1d3a,0x25fe,0x261e,0x1c14,0x0882,0x0862,0x0862,0x0862,0x0862,0x0862,0x0862,0x0862,0x0862,0x0862,0x0862,
  0x0862,0x0862,0x10a3,0x10a3,0x10a3,0x10a3,0x10a3,0x10a3,0x10a3,0x10a3,0x10a3,0x10a3,0x10a3,0x10a3,0x10a3,0x10a3,
  0x10a3,0x10a3,0x10a3,0x10a3,0x10a3,0x10a3,0x0862,0x0862,0x0882,0x10a3,0x10a3,0x10a3,0x10a3,0x10a3,0x10a3,0x10a3,
  0x10a3,0x10a3,0x10a3,0x10a3,0x10c3,0x0862,0x0862,0x0862,0x0862,0x0862,0x0862,0x0882,0xad96,0xf7bf,0xf7df,0xf7df,
  0xf7df,0xf7df,0xa535,0x10a3,0x0862,0x52ab,0xf7bf,0xf7df,0xf7df,0xf7df,0xf7df,0xf7df,0xf7df,0xf7df,0xf7df,0xf7df,
  0xf7df,0xf7df,0xf7df,0xf7df,0xf7df,0xef7e,0x1904,0x0862,0x0862,0x0862,0x0862,0x0862,0x0862,0x0862,0x0862,0x0862,
  0x0883,0x08e4,0x09c9,0x13b3,0x1392,0x0882,0x0862,0x0862,0x0862,0x0862,0x0862,0x0862,0x0862,0x0862,0x0862,0x0862,
  0x0862,0x0862,0x10a3,0x10a3,0x10a3,0x10a3,0x10a3,0x10a3,0x10a3,0x10a3,0x10a3,0x10a3,0x10a3,0x10a3,0x10a3,0x10a3,
  0x10a3,0x10a3,0x10a3,0x10a3,0x10a3,0x10a3,0x0862,0x0862,0x0882,0x10a3,0x10a3,0x10a3,0x10a3,0x10a3,0x10a3,0x10a3,
  0x10a3,0x10a3,0x10a3,0x10a3,0x10c3,0x0862,0x0862,0x0862,0x0862,0x0862,0x0862,0x4a6a,0xef7e,0xf7df,0xf7df,0xf7df,
  0xf7df,0xf7df,0xa535,0x10a3,0x0862,0x52ab,0xf7bf,0xf7df,0xf7df,0xf7df,0xf7df,0xf7df,0xf7df,0xf7df,0xf7df,0xf7df,
  0xf7df,0xf7df,0xf7df,0xf7df,0xf7df,0xef7e,0x1904,0x0862,0x0862,0x0862,0x0862,0x0862,0x0862,0x0862,0x0862,0x0862,
  0x08c4,0x1d5b,0x1cf9,0x13f3,0x09e9,0x0862,0x0862,0x0862,0x0862,0x0862,0x0862,0x0862,0x0862,0x0862,0x0862,0x0862,
  0x0862,0x0862,0x10a3,0x10a3,0x10a3,0x10a3,0x10a3,0x10a3,0x10a3,0x10a3,0x10a3,0x10a3,0x10a3,0x10a3,0x10a3,0x10a3,
  0x10a3,0x10a3,0x10a3,0x10a3,0x10a3,0x10a3,0x0862,0x0862,0x0882,0x10a3,0x10a3,0x10a3,0x10a3,0x10a3,0x10a3,0x10a3,
  0x10a3,0x10a3,0x10a3,0x10a3,0x10c3,0x0862,0x0862,0x0862,0x0862,0x0862,0x0862,0xc659,0xf7df,0xf7df,0xf7df,0xf7df,
  0xf7df,0xf7bf,0x8c92,0x0882,0x0862,0x4a6a,0xef9e,0xf7df,0xf7df,0xf7df,0xf7df,0xdefc,0xd6bb,0xd6bb,0xd6bb,0xd6bb,
  0xd6bb,0xe75d,0xf7df,0xf7df,0xf7df,0xef7e,0x1904,0x0862,0x0862,0x0862,0x0862,0x0862,0x0862,0x0862,0x0862,0x0862,
  0x08c4,0x1ddd,0x263f,0x261f,0x1c14,0x0882,0x0862,0x0862,0x0862,0x0862,0x0862,0x0862,0x0862,0x0862,0x0862,0x0862,
  0x0862,0x0862,0x10a3,0x10a3,0x10a3,0x10a3,0x10e4,0x10e4,0x10e4,0x10e4,0x10e4,0x10e4,0x10e4,0x10e4,0x10e4,0x10e4,
  0x10e4,0x10e4,0x10a3,0x10a3,0x10a3,0x10a3,0x0862,0x0862,0x0882,0x10a3,0x10a3,0x10a3,0x10a3,0x10a3,0x10a3,0x10a3,
  0x10a3,0x10a3,0x10a3,0x10a3,0x10c3,0x0862,0x0862,0x0862,0x0862,0x0862,0x2125,0xef7e,0xf7df,0xf7df,0xf7df,0xf7df,
  0xb5b7,0x2966,0x0882,0x0862,0x0862,0x0882,0x52cb,0xef9e,0xf7df,0xf7df,0xf7bf,0x7c10,0x10c3,0x10a3,0x10a3,0x10a3,
  0x18e4,0x9cf4,0xf7df,0xf7df,0xf7df,0xef7e,0x1904,0x0862,0x0862,0x0862,0x0862,0x0862,0x0862,0x0862,0x0862,0x0862,
  0x08a3,0x1ddd,0x263f,0x263f,0x1c15,0x0882,0x0862,0x0862,0x0862,0x0862,0x0862,0x0862,0x0862,0x0862,0x0862,0x0862,
  0x0862,0x0862,0x10a3,0x10a3,0x10a3,0x10a3,0x10a3,0x10a3,0x10a3,0x10a3,0x10a3,0x10a3,0x10a3,0x10a3,0x10a3,0x10a3,
  0x10a3,0x10a3,0x10a3,0x10a3,0x10a3,0x10a3,0x0862,0x0862,0x0882,0x10a3,0x10a3,0x10a3,0x10a3,0x10a3,0x10a3,0x10a3,
  0x18e4,0x18e4,0x10a3,0x10a3,0x10c3,0x0862,0x0862,0x0862,0x0862,0x0862,0x31a7,0xef9e,0xf7df,0xf7df,0xf7df,0xc659,
  0x1904,0x0862,0x0862,0x0862,0x0862,0x0862,0x0882,0x9d14,0xf7bf,0xf7df,0xf7df,0xdf1c,0x10c3,0x0862,0x0862,0x0862,
  0x0882,0x94b3,0xf7df,0xf7df,0xf7df,0xef7e,0x1904,0x0862,0x0862,0x0862,0x0862,0x0862,0x0862,0x0862,0x0862,0x0862,
  0x08a3,0x09ea,0x130f,0x1c55,0x1392,0x0882,0x0862,0x0862,0x0862,0x0862,0x0862,0x0862,0x0862,0x0862,0x0862,0x0862,
  0x0862,0x0862,0x10a3,0x10a3,0x10a3,0x10a3,0x10a3,0x10a3,0x10a3,0x10a3,0x10a3,0x10a3,0x10a3,0x10a3,0x10a3,0x10a3,
  0x10a3,0x10a3,0x10a3,0x10a3,0x10a3,0x10a3,0x0862,0x0862,0x0882,0x10a3,0x10a3,0x10c3,0x4249,0x2986,0x18e4,0x10a3,
  0x8431,0x8c92,0x10a3,0x10a3,0x10c3,0x0862,0x0862,0x0862,0x0862,0x0862,0x31a7,0xef9e,0xf7df,0xf7df,0xf7df,0x9d14,
  0x0882,0x0862,0x0862,0x0862,0x0862,0x0862,0x0862,0x73af,0xf7bf,0xf7df,0xf7df,0xf7bf,0x4249,0x0862,0x0862,0x0862,
  0x0882,0x94b3,0xf7df,0xf7df,0xf7df,0xef7e,0x1904,0x0862,0x0862,0x0862,0x0862,0x0862,0x0862,0x0862,0x0862,0x0862,
  0x08a3,0x1cd8,0x13d3,0x128d,0x0967,0x0862,0x0862,0x0862,0x0862,0x0862,0x0862,0x0862,0x0862,0x0862,0x0862,0x0862,
  0x0862,0x0862,0x10a3,0x10a3,0x10a3,0x10a3,0x10a3,0x10a3,0x10a3,0x10a3,0x10a3,0x10a3,0x10a3,0x10a3,0x10a3,0x10a3,
  0x10a3,0x10a3,0x10a3,0x10a3,0x10a3,0x10a3,0x0862,0x0862,0x0882,0x10a3,0x10a3,0x10c3,0xc659,0xdefc,0xa535,0x4a6a,
  0x632d,0xa535,0x10a3,0x10a3,0x10c3,0x0862,0x0862,0x0862,0x0862,0x0862,0x31a7,0xef9e,0xf7df,0xf7df,0xf7df,0xc659,
  0x10a3,0x0862,0x0862,0x0862,0x0862,0x0862,0x0882,0x9d14,0xf7bf,0xf7df,0xf7df,0xf7bf,0x52cb,0x0862,0x0862,0x0862,
  0x0882,0x94b3,0xf7df,0xf7df,0xf7df,0xef7e,0x1904,0x0862,0x0862,0x0862,0x0862,0x0862,0x0862,0x0862,0x0862,0x0862,
  0x08c4,0x1ddd,0x263f,0x263f,0x1414,0x0882,0x0862,0x0862,0x0862,0x0862,0x0862,0x0862,0x0862,0x0862,0x0862,0x0862,
  0x0862,0x0862,0x10a3,0x10a3,0x10a3,0x10a3,0x10a3,0x10a3,0x10a3,0x10a3,0x10a3,0x10a3,0x10a3,0x10a3,0x10a3,0x10a3,
  0x10a3,0x10a3,0x10a3,0x10a3,0x10a3,0x10a3,0x0862,0x0862,0x0882,0x10a3,0x10a3,0x10a3,0x18e4,0x3a08,0x73af,0xb5b7,
  0xdefc,0xa535,0x10a3,0x10a3,0x10c3,0x0862,0x0862,0x0862,0x0862,0x0862,0x2125,0xef7e,0xf7df,0xf7df,0xf7df,0xf7df,
  0xa555,0x39e8,0x10a3,0x0882,0x0882,0x2145,0x7c10,0xef9e,0xf7df,0xf7df,0xf7df,0xf7bf,0x52ab,0x0862,0x0862,0x0862,
  0x0882,0x94b3,0xf7df,0xf7df,0xf7df,0xef7e,0x1904,0x0862,0x0862,0x0862,0x0862,0x0862,0x0862,0x0862,0x0862,0x0862,
  0x08c4,0x1ddd,0x263f,0x263f,0x1c15,0x0882,0x0862,0x0862,0x0862,0x0862,0x0862,0x0862,0x0862,0x0862,0x0862,0x0862,
  0x0862,0x0862,0x10a3,0x10a3,0x10a3,0x10a3,0x10a3,0x10a3,0x10a3,0x10a3,0x10a3,0x10a3,0x10a3,0x10a3,0x10a3,0x10a3,
  0x10a3,0x10c3,0x10a3,0x10a3,0x10a3,0x10a3,0x0862,0x0862,0x0882,0x10a3,0x10a3,0x10a3,0x10c3,0x5aec,0x73cf,0x3a08,
  0x2986,0x2966,0x10a3,0x10a3,0x10c3,0x0862,0x0862,0x0862,0x0862,0x0862,0x0862,0xce9a,0xf7df,0xf7df,0xf7df,0xf7df,
  0xf7df,0xf7bf,0xe73d,0xd6db,0xdefc,0xef9e,0xf7df,0xf7df,0xf7df,0xf7df,0xf7df,0xf7bf,0x31c7,0x0862,0x0862,0x0862,
  0x0882,0x94b3,0xf7df,0xf7df,0xf7df,0xef7e,0x1904,0x0862,0x0862,0x0862,0x0862,0x0862,0x0862,0x0862,0x0862,0x0862,
  0x0882,0x12ef,0x1c56,0x1d3a,0x13f4,0x0882,0x0862,0x0862,0x0862,0x0862,0x0862,0x0862,0x0862,0x0862,0x0862,0x0862,
  0x0862,0x0862,0x10a3,0x10a3,0x10a3,0x10a3,0x10a3,0x10a3,0x10a3,0x10a3,0x10a3,0x10c3,0x10a3,0x10a3,0x10a3,0x31c7,
  0x31e8,0x4a8b,0x10a3,0x10a3,0x10a3,0x10a3,0x0862,0x0862,0x0882,0x10a3,0x10a3,0x10a3,0x10c3,0x94b3,0xc639,0xdf1c,
  0xc659,0x5aec,0x10a3,0x10a3,0x10c3,0x0862,0x0862,0x0862,0x0862,0x0862,0x0862,0x52cb,0xef9e,0xf7df,0xf7df,0xf7df,
  0xf7df,0xf7df,0xf7df,0xf7df,0xf7df,0xf7df,0xf7df,0xf7df,0xf7df,0xf7df,0xf7df,0xd6db,0x0882,0x0862,0x0862,0x0862,
  0x0882,0x94b3,0xf7df,0xf7df,0xf7df,0xef7e,0x1904,0x0862,0x0862,0x0862,0x0862,0x0862,0x0862,0x0862,0x0862,0x0862,
  0x08a3,0x1c97,0x12ef,0x0946,0x08c3,0x0862,0x0862,0x0862,0x0862,0x0862,0x0862,0x0862,0x0862,0x0862,0x0862,0x0862,
  0x0862,0x0862,0x10a3,0x10a3,0x10a3,0x10c3,0x18e4,0x18e4,0x18e4,0x18e4,0x2986,0xb5b7,0x1925,0x10a3,0x10a3,0x2145,
  0x2166,0x3a09,0x10a3,0x10a3,0x10a3,0x10a3,0x0862,0x0862,0x0882,0x10a3,0x10a3,0x10c3,0x8431,0xc659,0xb5b7,0x6b6e,
  0x5aec,0x5b0c,0x10a3,0x10a3,0x10c3,0x0862,0x0862,0x0862,0x0862,0x0862,0x0862,0x10a3,0xb5d7,0xf7bf,0xf7df,0xf7df,
  0xf7df,0xf7df,0xf7df,0xf7df,0xf7df,0xf7df,0xf7df,0xf7df,0xf7df,0xf7df,0xef9e,0x632d,0x0862,0x0862,0x0862,0x0862,
  0x0882,0x94b3,0xf7df,0xf7df,0xf7df,0xef7e,0x1904,0x0862,0x0862,0x0862,0x0862,0x0862,0x0862,0x0862,0x0862,0x0862,
  0x08c4,0x1ddd,0x261f,0x1ddd,0x1392,0x0882,0x0862,0x0862,0x0862,0x0862,0x0862,0x0862,0x0862,0x0862,0x0862,0x0862,
  0x0862,0x0862,0x10a3,0x10a3,0x10c3,0x73cf,0xad96,0xad96,0xad96,0xad96,0xb5b7,0xf7bf,0x52cb,0x10a3,0x10a3,0x29a7,
  0x31c7,0x2966,0x10a3,0x10a3,0x10a3,0x10a3,0x0862,0x0862,0x0882,0x10a3,0x10a3,0x10c3,0x8451,0xad96,0xa535,0x4a8a,
  0x10c3,0x10a3,0x10a3,0x10a3,0x10c3,0x0862,0x0862,0x0862,0x0862,0x0862,0x0862,0x0862,0x31a7,0xc639,0xf7bf,0xf7df,
  0xf7df,0xf7df,0xf7df,0xf7df,0xf7df,0xf7df,0xf7df,0xf7df,0xf7df,0xef7e,0x9cf4,0x10a3,0x0862,0x0862,0x0862,0x0862,
  0x0882,0x94b3,0xf7df,0xf7df,0xf7df,0xef7e,0x1904,0x0862,0x0862,0x0862,0x0862,0x0862,0x0862,0x0862,0x0862,0x0862,
  0x08c3,0x1ddd,0x263f,0x263f,0x1c15,0x0882,0x0862,0x0862,0x0862,0x0862,0x0862,0x0862,0x0862,0x0862,0x0862,0x0862,
  0x0862,0x0862,0x10a3,0x10a3,0x10c3,0x94b3,0xd6db,0xdefc,0xdefc,0xdefc,0xdefc,0xd6db,0x52ab,0x10a3,0x10c3,0x2987,
  0x52ec,0x426a,0x10a3,0x10a3,0x10a3,0x10a3,0x0862,0x0862,0x0882,0x10a3,0x10a3,0x10a3,0x10a3,0x10c3,0x10a3,0x10a3,
  0x10a3,0x10a3,0x10a3,0x10a3,0x10c3,0x0862,0x0862,0x0862,0x0862,0x0862,0x0862,0x0862,0x0862,0x1904,0xad76,0xef7e,
  0xf7bf,0xf7bf,0xf7df,0xf7df,0xf7df,0xf7bf,0xf7bf,0xef9e,0xdf1c,0x634d,0x10a3,0x0862,0x0862,0x0862,0x0862,0x0862,
  0x0882,0x8c72,0xef7e,0xef9e,0xef9e,0xe73d,0x18e4,0x0862,0x0862,0x0862,0x0862,0x0862,0x0862,0x0862,0x0862,0x0862,
  0x08a3,0x1c35,0x25fe,0x25fe,0x13f4,0x0882,0x0862,0x0862,0x0862,0x0862,0x0862,0x0862,0x0862,0x0862,0x0862,0x0862,
  0x0862,0x0862,0x10a3,0x10a3,0x10a3,0x10a3,0x10a3,0x10a3,0x10a3,0x10a3,0x10a3,0x10a3,0x10a3,0x10a3,0x10c3,0x2987,
  0x31c7,0x2166,0x10a3,0x10a3,0x10a3,0x10a3,0x0862,0x0862,0x0882,0x10a3,0x10a3,0x10a3,0x10c3,0x10e4,0x10c3,0x10a3,
  0x10a3,0x10a3,0x10a3,0x10a3,0x10c3,0x0862,0x0862,0x0862,0x0862,0x0862,0x0862,0x0862,0x0862,0x0862,0x0862,0x31a7,
  0x632d,0x94b3,0xb5b7,0xbe18,0xbe18,0xa535,0x7c10,0x4a8a,0x1904,0x0862,0x0862,0x0862,0x0862,0x0862,0x0862,0x0862,
  0x0862,0x18e4,0x39e8,0x39e8,0x39e8,0x31c7,0x0882,0x0862,0x0862,0x0862,0x0862,0x0862,0x0862,0x0862,0x0862,0x0862,
  0x0862,0x08a3,0x08c4,0x0987,0x0987,0x0862,0x0862,0x0862,0x0862,0x0862,0x0862,0x0862,0x0862,0x0862,0x0862,0x0862,
  0x0862,0x0862,0x10a3,0x10a3,0x10a3,0x10c3,0x4a8a,0x6b8e,0x4249,0x4229,0x6b6e,0x31c7,0x10a3,0x10a3,0x10c3,0x426a,
  0x4a8b,0x31e8,0x10a3,0x10a3,0x10a3,0x10a3,0x0862,0x0862,0x0882,0x10a3,0x10a3,0x10a3,0x428a,0x6bd0,0x52cc,0x2966,
  0x10a3,0x10a3,0x10a3,0x10a3,0x10c3,0x0862,0x0862,0x0862,0x0862,0x0862,0x0862,0x0862,0x0862,0x0862,0x0862,0x0862,
  0x0862,0x0862,0x0882,0x0882,0x0882,0x0862,0x0862,0x0862,0x0862,0x0862,0x0862,0x0862,0x0862,0x0862,0x0862,0x0862,
  0x0862,0x0862,0x0862,0x0862,0x0862,0x0862,0x0862,0x0862,0x0862,0x0862,0x0862,0x0862,0x0862,0x0862,0x0862,0x0862,
  0x0862,0x10e4,0x1905,0x10e5,0x10a3,0x0862,0x0862,0x0862,0x0862,0x0862,0x0862,0x0862,0x0862,0x0862,0x0862,0x0862,
  0x0862,0x0862,0x10a3,0x10a3,0x10c3,0x634d,0xef7e,0xef7e,0xef7e,0xef7e,0xef7e,0xe73d,0x2966,0x10a3,0x10c3,0x3a09,
  0x3a29,0x31a7,0x10a3,0x10a3,0x10a3,0x10a3,0x0862,0x0862,0x0882,0x10a3,0x10a3,0x10c3,0x530c,0x2166,0x31c7,0x10a3,
  0x10a3,0x10a3,0x10a3,0x10a3,0x10c3,0x0862,0x0862,0x0862,0x0862,0x0862,0x0862,0x0862,0x0862,0x0862,0x0862,0x0862,
  0x0862,0x0862,0x0862,0x0862,0x0862,0x0862,0x0862,0x0862,0x0862,0x0862,0x0862,0x0862,0x0862,0x0862,0x0862,0x0862,
  0x0862,0x0862,0x0862,0x0862,0x0862,0x0862,0x0862,0x0862,0x0862,0x0862,0x0862,0x0862,0x0862,0x0862,0x0862,0x0862,
  0x0862,0x10e4,0x1905,0x1905,0x10c4,0x0862,0x0862,0x0862,0x0862,0x0862,0x0862,0x0862,0x0862,0x0862,0x0862,0x0862,
  0x0862,0x0862,0x10a3,0x10a3,0x10c3,0x9d14,0xc639,0x4a6a,0xc639,0xc659,0x52ab,0xdf1c,0x52cb,0x10a3,0x10a3,0x2146,
  0x5b4e,0x4a8b,0x10a3,0x10a3,0x10a3,0x10a3,0x0862,0x0862,0x0882,0x10a3,0x10a3,0x10a3,0x31e8,0x3a08,0x424a,0x10a3,
  0x10a3,0x10a3,0x10a3,0x10a3,0x10c3,0x0862,0x0862,0x0862,0x0862,0x0862,0x0862,0x0862,0x0862,0x0862,0x0862,0x0862,
  0x0862,0x0862,0x0862,0x0862,0x0862,0x0862,0x0862,0x0862,0x0862,0x0862,0x0862,0x0862,0x0862,0x0862,0x0862,0x0862,
  0x0862,0x0862,0x0862,0x0862,0x0862,0x0862,0x0862,0x0862,0x0862,0x0862,0x0862,0x0862,0x0862,0x0862,0x0862,0x0862,
  0x0862,0x10c4,0x10e4,0x10e5,0x10c4,0x0862,0x0862,0x0862,0x0862,0x0862,0x0862,0x0862,0x0862,0x0862,0x0862,0x0862,
  0x0862,0x0862,0x10a3,0x10a3,0x10c3,0x8431,0xe73d,0xb5d7,0xe73d,0xe73d,0xbe18,0xe75d,0x4229,0x10a3,0x10a3,0x10a3,
  0x2986,0x2125,0x10a3,0x10a3,0x10a3,0x10a3,0x0862,0x0862,0x0882,0x10a3,0x10a3,0x10a3,0x426a,0x4a8b,0x4aab,0x10a3,
  0x10a3,0x10a3,0x10a3,0x10a3,0x10c3,0x0862,0x0862,0x0862,0x0862,0x0862,0x0862,0x0862,0x0862,0x0862,0x0862,0x0862,
  0x0862,0x0862,0x0862,0x0862,0x0862,0x0862,0x0862,0x0862,0x0862,0x0862,0x0862,0x0862,0x0862,0x0862,0x0862,0x0862,
  0x0862,0x0862,0x0862,0x0862,0x0862,0x0862,0x0862,0x0862,0x0862,0x0862,0x0862,0x0862,0x0862,0x0862,0x0862,0x0862,
  0x0862,0x0882,0x0882,0x08a3,0x0883,0x0862,0x0862,0x0862,0x0862,0x0862,0x0862,0x0862,0x0862,0x0862,0x0862,0x0862,
  0x0862,0x0862,0x10a3,0x10a3,0x10a3,0x18e4,0x9cf4,0xd6bb,0x8431,0x7bf0,0xce7a,0x634d,0x10a3,0x10a3,0x10a3,0x10a3,
  0x10a3,0x10a3,0x10a3,0x10a3,0x10a3,0x10a3,0x0862,0x0862,0x0882,0x10a3,0x10a3,0x10a3,0x52cc,0x530d,0x4aab,0x10a3,
  0x10a3,0x10a3,0x10a3,0x10a3,0x10c3,0x0862,0x0862,0x0862,0x0862,0x0862,0x0862,0x0862,0x0882,0x0862,0x0862,0x0862,
  0x0862,0x0862,0x0862,0x0862,0x0862,0x0862,0x0862,0x0862,0x0862,0x0862,0x0862,0x0862,0x0862,0x0862,0x0862,0x0862,
  0x0862,0x0862,0x0862,0x0862,0x0862,0x0862,0x0862,0x0862,0x0862,0x0862,0x0862,0x0862,0x0862,0x0862,0x0862,0x0862,
  0x0862,0x10e4,0x10e4,0x10e4,0x0883,0x0862,0x0862,0x0862,0x0862,0x0862,0x0862,0x0862,0x0862,0x0862,0x0862,0x0862,
  0x0862,0x0862,0x10a3,0x10a3,0x10a3,0x2966,0x8451,0x10c3,0x10a3,0x10a3,0x10a3,0x10a3,0x10a3,0x10a3,0x10a3,0x10a3,
  0x10a3,0x10a3,0x10a3,0x10a3,0x10a3,0x10a3,0x0862,0x0862,0x0882,0x10a3,0x10a3,0x10a3,0x4a8b,0x4a8b,0x2145,0x10a3,
  0x10a3,0x10a3,0x10a3,0x10a3,0x10c3,0x0862,0x0862,0x0862,0x0862,0x0862,0x0862,0x31e8,0x636e,0x3a09,0x0862,0x0862,
  0x0862,0x0862,0x0862,0x0862,0x0862,0x0862,0x0862,0x0862,0x0862,0x0862,0x0862,0x0862,0x0862,0x0862,0x0862,0x0862,
  0x0862,0x0862,0x0862,0x0862,0x0862,0x0862,0x0862,0x0862,0x0862,0x0862,0x0862,0x0862,0x0862,0x0862,0x0862,0x0862,
  0x0862,0x10e4,0x1905,0x1905,0x10c4,0x0862,0x0862,0x0862,0x0862,0x0862,0x18e4,0x424a,0x18e4,0x0862,0x0862,0x0862,
  0x0862,0x0862,0x10a3,0x10a3,0x10a3,0x4a6a,0xdefc,0x18e4,0x10a3,0x10a3,0x10a3,0x10a3,0x10a3,0x10a3,0x10a3,0x10a3,
  0x10a3,0x10a3,0x10a3,0x10a3,0x10a3,0x10a3,0x0862,0x0862,0x0882,0x10a3,0x10a3,0x10a3,0x10c3,0x1905,0x3a29,0x29a7,
  0x10a3,0x10a3,0x10a3,0x10a3,0x10c3,0x0862,0x0862,0x0862,0x0862,0x0862,0x0862,0x426a,0x29a7,0x31e8,0x0862,0x0862,
  0x0862,0x0862,0x0862,0x0862,0x0862,0x0862,0x0862,0x0862,0x0862,0x0862,0x0862,0x0862,0x0862,0x0862,0x0862,0x0862,
  0x0862,0x0862,0x0862,0x0862,0x0862,0x0862,0x0862,0x0862,0x0862,0x0862,0x0862,0x10c3,0x2987,0x10c4,0x0862,0x0862,
  0x0862,0x10e4,0x1905,0x1905,0x10c4,0x0862,0x0862,0x0862,0x0862,0x0862,0x18e4,0x424a,0x18e4,0x0862,0x0862,0x0862,
  0x0862,0x0862,0x10a3,0x10a3,0x10a3,0x10a3,0x18e4,0x5aec,0x31c7,0x18e4,0x10a3,0x10a3,0x10a3,0x10a3,0x10a3,0x10a3,
  0x10a3,0x10a3,0x10a3,0x10a3,0x10a3,0x10a3,0x0862,0x0862,0x0882,0x10a3,0x10a3,0x10a3,0x52ec,0x5b0d,0x6baf,0x31e8,
  0x10a3,0x10a3,0x10a3,0x10a3,0x10c3,0x0862,0x0862,0x0862,0x0862,0x0862,0x0862,0x31e8,0x3a09,0x31c7,0x0862,0x0862,
  0x0862,0x0862,0x0862,0x0862,0x0862,0x0862,0x0862,0x0862,0x0862,0x0862,0x0862,0x0862,0x0862,0x0862,0x0862,0x0862,
  0x0862,0x0862,0x0862,0x0862,0x0862,0x0862,0x0862,0x0862,0x0862,0x0862,0x0862,0x31e9,0x31e9,0x0862,0x0862,0x0862,
  0x0862,0x0862,0x0882,0x10a3,0x10a3,0x0862,0x0862,0x0862,0x0862,0x0862,0x0862,0x0862,0x0862,0x0862,0x0862,0x0862,
  0x0862,0x0862,0x10a3,0x10a3,0x10a3,0x10a3,0x10a3,0xe73d,0xe75d,0xc639,0x8c72,0x39e8,0x10c3,0x10a3,0x10a3,0x10a3,
  0x10a3,0x10a3,0x10a3,0x10a3,0x10a3,0x10a3,0x0862,0x0862,0x0882,0x10a3,0x10a3,0x10a3,0x4a8b,0x4aab,0x3a29,0x10a3,
  0x10a3,0x10a3,0x10a3,0x10a3,0x10c3,0x0862,0x0862,0x0862,0x0862,0x0862,0x0862,0x2125,0x4acb,0x4a8b,0x0862,0x0862,
  0x0862,0x0862,0x0862,0x0862,0x0862,0x0862,0x0862,0x0862,0x0862,0x0862,0x0862,0x0862,0x0862,0x0862,0x0862,0x0862,
  0x0862,0x0862,0x0862,0x0862,0x0862,0x0862,0x0862,0x0862,0x0862,0x0862,0x0862,0x2166,0x2987,0x1904,0x0862,0x0862,
  0x0862,0x10e4,0x10c4,0x10c3,0x0882,0x0862,0x0862,0x0862,0x0862,0x0862,0x0862,0x0862,0x0862,0x0862,0x0862,0x0862,
  0x0862,0x0862,0x10a3,0x10a3,0x10a3,0x10a3,0x10c3,0xef7e,0xb5d7,0xbdf8,0xdf1c,0xdf1c,0x4a8a,0x10a3,0x10a3,0x10a3,
  0x10a3,0x10a3,0x10a3,0x10a3,0x10a3,0x10a3,0x0862,0x0862,0x0882,0x10a3,0x10a3,0x10a3,0x10c3,0x10c3,0x10a3,0x10a3,
  0x10a3,0x10a3,0x10a3,0x10a3,0x10c3,0x0862,0x0862,0x0862,0x0862,0x0862,0x0862,0x426a,0x4aab,0x426a,0x0862,0x0862,
  0x0862,0x0862,0x0862,0x0862,0x0862,0x0862,0x0862,0x0862,0x0862,0x0862,0x0862,0x0862,0x0862,0x0862,0x0862,0x0862,
  0x0862,0x0862,0x0862,0x0862,0x0862,0x0862,0x0862,0x0862,0x0862,0x0862,0x0862,0x2987,0x1905,0x2146,0x0862,0x0862,
  0x0862,0x10e4,0x1905,0x1905,0x10c4,0x0862,0x0862,0x0862,0x0862,0x0862,0x0946,0x13d3,0x0946,0x0862,0x0862,0x0862,
  0x0862,0x0862,0x10a3,0x10a3,0x10a3,0x5b2d,0x8c92,0xf7bf,0xb5d7,0x6b6e,0x2966,0x8c72,0x4a8a,0x10a3,0x10a3,0x10a3,
  0x10a3,0x10a3,0x10a3,0x10a3,0x10a3,0x10a3,0x0862,0x0862,0x0882,0x10c3,0x10a3,0x10a3,0x10a3,0x10a3,0x10a3,0x10a3,
  0x10a3,0x10a3,0x10a3,0x10a3,0x10c3,0x0862,0x0862,0x0862,0x0862,0x0862,0x0862,0x52ec,0x2145,0x0862,0x0862,0x0862,
  0x0862,0x0862,0x0862,0x0862,0x0862,0x0862,0x0862,0x0862,0x0862,0x0862,0x0862,0x0862,0x0862,0x0862,0x0862,0x0862,
  0x0862,0x0862,0x0862,0x0862,0x0862,0x0862,0x0862,0x0862,0x0862,0x0862,0x0862,0x0862,0x0882,0x0862,0x0862,0x0862,
  0x0862,0x10e4,0x18e5,0x18e5,0x10c4,0x0862,0x0862,0x0862,0x0862,0x0862,0x126c,0x261e,0x126c,0x0862,0x0862,0x0862,
  0x0862,0x0862,0x10a3,0x10a3,0x10c3,0x9cf4,0xe75d,0xf7bf,0xef7e,0x9cf4,0x10a3,0x10a3,0x10a3,0x10a3,0x10a3,0x10a3,
  0x10a3,0x10a3,0x10a3,0x10a3,0x10a3,0x10a3,0x0862,0x0862,0x0862,0x0882,0x10c3,0x10a3,0x10a3,0x10a3,0x10a3,0x10a3,
  0x10a3,0x10a3,0x10a3,0x10a3,0x10c3,0x0862,0x0862,0x0862,0x0862,0x0862,0x0862,0x10a3,0x2166,0x2987,0x0862,0x0862,
  0x0862,0x0862,0x0862,0x0862,0x0862,0x0862,0x0862,0x0862,0x0862,0x0862,0x0862,0x0862,0x0862,0x0862,0x0862,0x0862,
  0x0862,0x0862,0x0862,0x0862,0x0862,0x0862,0x0862,0x0862,0x0862,0x0862,0x0862,0x0862,0x0862,0x0862,0x0862,0x0862,
  0x0862,0x0882,0x08a3,0x10c4,0x10a3,0x0862,0x0862,0x0862,0x0862,0x0862,0x128c,0x261f,0x126c,0x0862,0x0862,0x0862,
  0x0862,0x0862,0x10a3,0x10a3,0x10a3,0x10a3,0x10c3,0x8c72,0x3a08,0x10a3,0x10a3,0x10a3,0x10a3,0x10a3,0x10a3,0x10a3,
  0x10a3,0x10a3,0x10a3,0x10a3,0x10a3,0x10a3,0x0862,0x0862,0x0862,0x0862,0x0882,0x10c3,0x10c3,0x10c3,0x10c3,0x10c3,
  0x10c3,0x10c3,0x10c3,0x10c3,0x10c4,0x0862,0x0862,0x0862,0x0862,0x0862,0x0862,0x3a08,0x426a,0x31c8,0x0862,0x0862,
  0x0862,0x0862,0x0862,0x0862,0x0862,0x0862,0x0862,0x0862,0x0862,0x0862,0x0862,0x0862,0x0862,0x0862,0x0862,0x0862,
  0x0862,0x0862,0x0862,0x0862,0x0862,0x0862,0x0862,0x0862,0x0862,0x0862,0x0862,0x0862,0x0862,0x0862,0x0862,0x0862,
  0x0862,0x10c4,0x10c3,0x0883,0x0862,0x0862,0x0862,0x0862,0x0862,0x0862,0x128c,0x261f,0x126c,0x0862,0x0862,0x0862,
  0x0862,0x0862,0x10a3,0x10a3,0x10a3,0x10a3,0x10a3,0x10c3,0x10a3,0x10a3,0x10a3,0x10a3,0x10a3,0x10a3,0x10a3,0x10a3,
  0x10a3,0x10a3,0x10a3,0x10a3,0x10a3,0x10a3,0x0862,0x0862,0x0862,0x0862,0x0862,0x0862,0x0862,0x0862,0x0862,0x0862,
  0x0862,0x0862,0x0862,0x0862,0x0862,0x0862,0x0862,0x0862,0x0862,0x0862,0x0862,0x29a7,0x4aab,0x2986,0x0862,0x0862,
  0x0862,0x0862,0x0862,0x0862,0x0862,0x0862,0x0862,0x0862,0x0862,0x0862,0x0862,0x0862,0x0862,0x0862,0x0862,0x0862,
  0x0862,0x0862,0x0862,0x0862,0x0862,0x0862,0x0862,0x0862,0x0862,0x0862,0x0862,0x0862,0x0862,0x0862,0x0862,0x0862,
  0x0862,0x10e4,0x1905,0x10e5,0x10c3,0x0862,0x0862,0x0862,0x0862,0x0862,0x126c,0x261e,0x126c,0x0862,0x0862,0x0862,
  0x0862,0x0862,0x10a3,0x10a3,0x10a3,0x31c7,0x52cc,0x426a,0x31c7,0x10a3,0x10a3,0x10a3,0x10a3,0x10a3,0x10a3,0x10a3,
  0x10a3,0x10a3,0x10a3,0x10a3,0x10a3,0x10a3,0x0862,0x0862,0x0862,0x0862,0x0862,0x0862,0x0862,0x0862,0x0862,0x0862,
  0x0862,0x0862,0x0862,0x0862,0x0862,0x0862,0x0862,0x0862,0x0862,0x0862,0x0862,0x1905,0x2125,0x1904,0x0862,0x0862,
  0x0862,0x0862,0x0862,0x0862,0x0862,0x0862,0x0862,0x0862,0x0862,0x0862,0x0862,0x0862,0x0862,0x0862,0x0862,0x0862,
  0x0862,0x0862,0x0862,0x0862,0x0862,0x0862,0x0862,0x0862,0x0862,0x0862,0x0862,0x0862,0x0862,0x0862,0x0862,0x0862,
  0x0862,0x10e4,0x1905,0x1905,0x10c4,0x0862,0x0862,0x0862,0x0862,0x0862,0x0946,0x13d3,0x0946,0x0862,0x0862,0x0862,
  0x0862,0x0862,0x10a3,0x10a3,0x10a3,0x2987,0x4acc,0x428a,0x10c3,0x10a3,0x10a3,0x10a3,0x10a3,0x10a3,0x10a3,0x10a3,
  0x10a3,0x10a3,0x10a3,0x10a3,0x10a3,0x10a3,0x0862,0x0862,0x0862,0x0862,0x0862,0x0862,0x0862,0x0862,0x0862,0x0862,
  0x0862,0x0862,0x0862,0x0862,0x0862,0x0862,0x0862,0x0862,0x0862,0x0862,0x0862,0x0862,0x0862,0x0862,0x0862,0x0862,
  0x0862,0x0862,0x0862,0x0862,0x0862,0x0862,0x0862,0x0862,0x0862,0x0862,0x0862,0x0862,0x0862,0x0862,0x0862,0x0862,
  0x0862,0x0862,0x0862,0x0862,0x0862,0x0862,0x0862,0x0862,0x0862,0x0862,0x0862,0x0862,0x0862,0x0862,0x0862,0x0862,
  0x0862,0x08a3,0x10c4,0x10e4,0x10c3,0x0862,0x0862,0x0862,0x0862,0x0862,0x0862,0x0862,0x0862,0x0862,0x0862,0x0862,
  0x0862,0x0862,0x10a3,0x10a3,0x10a3,0x3a08,0x4aab,0x4a8b,0x10c3,0x10a3,0x10a3,0x10a3,0x10a3,0x10a3,0x10a3,0x10a3,
  0x10a3,0x10a3,0x10a3,0x10a3,0x10a3,0x10a3,0x0862,0x0862,0x0862,0x0862,0x0862,0x0862,0x0862,0x0862,0x0862,0x0862,
  0x0862,0x0862,0x0862,0x0862,0x0862,0x0862,0x0862,0x0862,0x0862,0x0862,0x0862,0x0862,0x0862,0x0862,0x0862,0x0862,
  0x0862,0x0862,0x0862,0x0862,0x0862,0x0862,0x0862,0x0862,0x0862,0x0862,0x0862,0x0862,0x0862,0x0862,0x0862,0x0862,
  0x0862,0x0862,0x0862,0x0862,0x0862,0x0862,0x0862,0x0862,0x0862,0x0862,0x0862,0x0862,0x0862,0x0862,0x0862,0x0862,
  0x0862,0x10c4,0x0883,0x0862,0x0862,0x0862,0x0862,0x0862,0x0862,0x0862,0x0862,0x0862,0x0862,0x0862,0x0862,0x0862,
  0x0862,0x0862,0x10a3,0x10a3,0x10a3,0x31c8,0x4a8b,0x638f,0x10c3,0x10a3,0x10a3,0x10a3,0x10a3,0x10a3,0x10a3,0x10a3,
  0x10a3,0x10a3,0x10a3,0x10a3,0x10a3,0x10a3,0x0862,0x0862,0x0862,0x18e4,0x10c3,0x10c3,0x10c3,0x10c3,0x10c3,0x10c3,
  0x10c3,0x10c3,0x10c3,0x10c3,0x10c3,0x10c3,0x10c3,0x10c3,0x10c3,0x10c3,0x10c3,0x10c3,0x10c3,0x10c3,0x10c3,0x10c3,
  0x10c3,0x10c3,0x10c3,0x10c3,0x10c3,0x10c3,0x10c3,0x10c3,0x10c3,0x10c3,0x10c3,0x10c3,0x10c3,0x10c3,0x10c3,0x10c3,
  0x10c3,0x10c3,0x10c3,0x10c3,0x10c3,0x0882,0x0862,0x0862,0x0862,0x0862,0x0862,0x0862,0x0862,0x0862,0x0862,0x0862,
  0x0862,0x10e4,0x1905,0x10e5,0x10a3,0x0862,0x0862,0x0862,0x0862,0x0862,0x18e4,0x424a,0x18e4,0x0862,0x0862,0x0862,
  0x0862,0x0862,0x10a3,0x10a3,0x10a3,0x2987,0x3a09,0x5b4e,0x10c3,0x10a3,0x10a3,0x10a3,0x10a3,0x10a3,0x10a3,0x10a3,
  0x10a3,0x10a3,0x10a3,0x10a3,0x10a3,0x10a3,0x0862,0x0862,0x0862,0x10e4,0x10a3,0x10a3,0x10a3,0x10a3,0x10a3,0x10a3,
  0x10a3,0x10a3,0x10a3,0x10a3,0x10a3,0x10a3,0x10a3,0x10a3,0x10a3,0x10a3,0x10a3,0x10a3,0x10a3,0x10a3,0x10a3,0x10a3,
  0x10a3,0x10a3,0x10a3,0x10a3,0x10a3,0x10a3,0x10a3,0x10a3,0x10a3,0x10a3,0x10a3,0x10a3,0x10a3,0x10a3,0x10a3,0x10a3,
  0x10a3,0x10a3,0x10a3,0x10a3,0x10a3,0x10a3,0x0882,0x0862,0x0862,0x0862,0x0862,0x0862,0x0862,0x0862,0x0862,0x0862,
  0x0862,0x10e4,0x1905,0x1905,0x10c4,0x0862,0x0862,0x0862,0x0862,0x0862,0x18e4,0x424a,0x18e4,0x0862,0x0862,0x0862,
  0x0862,0x0862,0x10a3,0x10a3,0x10a3,0x1925,0x2966,0x18e4,0x10a3,0x10a3,0x10a3,0x10a3,0x10a3,0x10a3,0x10a3,0x10a3,
  0x10a3,0x10a3,0x10a3,0x10a3,0x10a3,0x10a3,0x0862,0x0862,0x0862,0x10e4,0x10a3,0x10a3,0x10a3,0x10a3,0x10a3,0x10a3,
  0x10a3,0x10a3,0x10a3,0x10a3,0x10a3,0x10a3,0x10a3,0x10a3,0x10a3,0x10a3,0x10a3,0x10a3,0x10a3,0x10a3,0x10a3,0x10a3,
  0x10a3,0x10a3,0x10a3,0x10a3,0x10a3,0x10a3,0x10a3,0x10a3,0x10a3,0x10a3,0x10a3,0x10a3,0x10a3,0x10a3,0x10a3,0x10a3,
  0x10a3,0x10a3,0x10a3,0x10a3,0x10a3,0x10a3,0x10c3,0x0882,0x0862,0x0862,0x0862,0x0862,0x0862,0x0862,0x0862,0x0862,
  0x0862,0x10c3,0x10e4,0x10e5,0x10c4,0x0862,0x0862,0x0862,0x0862,0x0862,0x0862,0x0862,0x0862,0x0862,0x0862,0x0862,
  0x0862,0x0862,0x10a3,0x10a3,0x10a3,0x10a3,0x10a3,0x10a3,0x10a3,0x10a3,0x10a3,0x10a3,0x10a3,0x10a3,0x10a3,0x10a3,
  0x10a3,0x10a3,0x10a3,0x10a3,0x10a3,0x10a3,0x0862,0x0862,0x0862,0x10e4,0x10a3,0x10a3,0x10a3,0x10a3,0x10a3,0x10a3,
  0x10a3,0x10a3,0x10a3,0x10a3,0x10a3,0x10a3,0x10a3,0x10a3,0x10a3,0x10a3,0x10a3,0x10a3,0x10a3,0x10a3,0x10a3,0x10a3,
  0x10a3,0x10a3,0x10a3,0x10a3,0x10a3,0x10a3,0x10a3,0x10a3,0x10a3,0x10a3,0x10a3,0x10a3,0x10a3,0x10a3,0x10a3,0x10a3,
  0x10a3,0x10a3,0x10a3,0x10a3,0x10a3,0x10a3,0x10a3,0x10c3,0x0882,0x0862,0x0862,0x0862,0x0862,0x0862,0x0862,0x0862,
  0x0862,0x10a3,0x0883,0x0882,0x0882,0x0862,0x0862,0x0862,0x0862,0x0862,0x0862,0x0862,0x0862,0x0862,0x0862,0x0862,
  0x0862,0x0862,0x10a3,0x10a3,0x10a3,0x10a3,0x10a3,0x10a3,0x10a3,0x10a3,0x10a3,0x10a3,0x10a3,0x10a3,0x10a3,0x10a3,
  0x10a3,0x10a3,0x10a3,0x10a3,0x10a3,0x10a3,0x0862,0x0862,0x0862,0x10e4,0x10a3,0x10a3,0x10a3,0x12ad,0x10a3,0x10a3,
  0x10a3,0x10a3,0x10a3,0x10a3,0x10a3,0x10a3,0x10a3,0x10a3,0x10a3,0x10a3,0x10a3,0x10a3,0x10a3,0x10a3,0x10a3,0x10a3,
  0x10a3,0x10a3,0x10a3,0x10a3,0x10a3,0x10a3,0x10a3,0x10a3,0x10a3,0x10a3,0x10a3,0x10a3,0x10a3,0x10a3,0x10a3,0x10a3,
  0x10a3,0x10a3,0x2966,0x2966,0x2125,0x10a3,0x10a3,0x10a3,0x10a3,0x0862,0x0862,0x0862,0x0862,0x0862,0x0862,0x0862,
  0x0862,0x10e4,0x10e5,0x10e4,0x08a3,0x0862,0x0862,0x0862,0x0862,0x0862,0x0862,0x0862,0x0862,0x0862,0x0862,0x0862,
  0x0862,0x0862,0x10a3,0x10a3,0x10a3,0x10a3,0x10a3,0x10a3,0x10a3,0x10a3,0x10a3,0x10a3,0x10a3,0x10a3,0x10a3,0x10a3,
  0x10a3,0x10a3,0x10a3,0x10a3,0x10a3,0x10a3,0x0862,0x0862,0x0862,0x10e4,0x10a3,0x10a3,0x10c3,0x1bf4,0x10e4,0x10a3,
  0x10a3,0x10a3,0x10a3,0x10a3,0x10a3,0x10a3,0x10a3,0x10a3,0x10a3,0x10a3,0x10a3,0x10a3,0x10a3,0x10a3,0x10a3,0x10a3,
  0x10a3,0x10a3,0x10a3,0x10a3,0x10a3,0x10a3,0x10a3,0x10a3,0x10a3,0x10a3,0x10a3,0x10a3,0x10a3,0x10a3,0x10a3,0x10a3,
  0x10a3,0x10a3,0x52ec,0x2987,0x2125,0x10a3,0x10a3,0x10a3,0x10a3,0x0862,0x0862,0x0862,0x0862,0x0862,0x0862,0x0862,
  0x0862,0x10e4,0x1905,0x1905,0x10c4,0x0862,0x0862,0x0862,0x0862,0x0862,0x0862,0x0862,0x0862,0x0862,0x0862,0x0862,
  0x0862,0x0862,0x10a3,0x10a3,0x10a3,0x10a3,0x10a3,0x10a3,0x10a3,0x10a3,0x10a3,0x10a3,0x10a3,0x10a3,0x10a3,0x10a3,
  0x10a3,0x10a3,0x10a3,0x10a3,0x10a3,0x10a3,0x0862,0x0862,0x0862,0x10e4,0x10a3,0x10a3,0x10c3,0x1c35,0x10c4,0x10a3,
  0x10a3,0x10a3,0x10a3,0x10a3,0x10a3,0x10a3,0x10a3,0x10a3,0x10a3,0x10a3,0x10a3,0x10a3,0x10a3,0x10a3,0x10a3,0x10a3,
  0x10a3,0x10a3,0x10a3,0x10a3,0x10a3,0x10a3,0x10a3,0x10a3,0x10a3,0x10a3,0x10a3,0x10a3,0x10a3,0x10a3,0x10a3,0x10a3,
  0x10a3,0x10a3,0x2966,0x10c3,0x10a3,0x10a3,0x10a3,0x10a3,0x10a3,0x0862,0x0862,0x0862,0x0862,0x0862,0x0862,0x0862,
  0x0862,0x10c4,0x1905,0x1905,0x10c4,0x0862,0x0862,0x0862,0x0862,0x0862,0x0862,0x0862,0x0862,0x0862,0x0862,0x0862,
  0x0862,0x0862,0x10a3,0x10a3,0x10a3,0x10a3,0x10a3,0x10a3,0x10a3,0x10a3,0x10a3,0x10a3,0x10a3,0x10a3,0x10a3,0x10a3,
  0x10a3,0x10a3,0x10a3,0x10a3,0x10a3,0x10a3,0x0862,0x0862,0x0862,0x10e4,0x10a3,0x10a3,0x10c3,0x1c35,0x10a3,0x10a3,
  0x10a3,0x10a3,0x10a3,0x10a3,0x10a3,0x10a3,0x10a3,0x10a3,0x10a3,0x10a3,0x10a3,0x10a3,0x10a3,0x10a3,0x10a3,0x10a3,
  0x10a3,0x10a3,0x10a3,0x10a3,0x10a3,0x10a3,0x10a3,0x10a3,0x10a3,0x10a3,0x10a3,0x10a3,0x10a3,0x10a3,0x10a3,0x10a3,
  0x10a3,0x10a3,0x530d,0x4aab,0x3a29,0x10a3,0x10a3,0x10a3,0x10a3,0x0862,0x0862,0x0862,0x0862,0x0862,0x0862,0x0862,
  0x0862,0x0882,0x0882,0x0883,0x0883,0x0862,0x0862,0x0862,0x0862,0x0862,0x0862,0x0862,0x0862,0x0862,0x0862,0x0862,
  0x0862,0x0862,0x10a3,0x10a3,0x10a3,0x10a3,0x10a3,0x10a3,0x10a3,0x10a3,0x10a3,0x10a3,0x10a3,0x10a3,0x10a3,0x10a3,
  0x10a3,0x10a3,0x10a3,0x10a3,0x10a3,0x10a3,0x0862,0x0862,0x0862,0x10e4,0x10a3,0x10a3,0x10c3,0x1c35,0x10a3,0x10a3,
  0x10a3,0x10a3,0x10a3,0x10a3,0x10a3,0x10a3,0x10a3,0x10a3,0x10a3,0x10a3,0x10a3,0x10a3,0x10a3,0x10a3,0x10a3,0x10a3,
  0x10a3,0x10a3,0x10a3,0x10a3,0x10a3,0x10a3,0x10a3,0x10a3,0x10a3,0x10a3,0x10a3,0x10a3,0x10a3,0x10a3,0x10a3,0x10a3,
  0x10a3,0x10a3,0x5b2d,0x636e,0x3a29,0x10a3,0x10a3,0x10a3,0x10a3,0x0862,0x0862,0x0862,0x0862,0x0862,0x0862,0x0862,
  0x0862,0x10e4,0x10e5,0x10e4,0x08a3,0x0862,0x0862,0x0862,0x0862,0x0862,0x0862,0x0862,0x0862,0x0862,0x0862,0x0862,
  0x0862,0x0862,0x10a3,0x10a3,0x10a3,0x10a3,0x10a3,0x10a3,0x10a3,0x10a3,0x10a3,0x10a3,0x10a3,0x10a3,0x10a3,0x10a3,
  0x10a3,0x10a3,0x10a3,0x10a3,0x10a3,0x10a3,0x0862,0x0862,0x0862,0x10e4,0x10a3,0x10a3,0x10c3,0x1c15,0x10e4,0x10a3,
  0x10a3,0x10a3,0x10a3,0x10a3,0x10a3,0x10a3,0x10a3,0x10a3,0x10a3,0x10a3,0x1904,0x29a7,0x10a3,0x10a3,0x10a3,0x10a3,
  0x10a3,0x10a3,0x10a3,0x10a3,0x10a3,0x10a3,0x10a3,0x10a3,0x10a3,0x10a3,0x10a3,0x10a3,0x10a3,0x10a3,0x10a3,0x10a3,
  0x10a3,0x10a3,0x424a,0x4a8b,0x31c7,0x10a3,0x10a3,0x10a3,0x10a3,0x0862,0x0862,0x0862,0x0862,0x0862,0x0862,0x0862,
  0x0862,0x10e4,0x1905,0x1905,0x10c4,0x0862,0x0862,0x0862,0x0862,0x0862,0x0862,0x0862,0x0862,0x0862,0x0862,0x0862,
  0x0862,0x0862,0x10a3,0x10a3,0x10a3,0x10a3,0x10a3,0x10a3,0x10a3,0x10a3,0x10a3,0x10a3,0x10a3,0x10a3,0x10a3,0x10a3,
  0x10a3,0x10a3,0x10a3,0x10a3,0x10a3,0x10a3,0x0862,0x0862,0x0862,0x10e4,0x10a3,0x10a3,0x10c3,0x1c14,0x1104,0x10a3,
  0x10a3,0x10a3,0x10a3,0x10a3,0x10a3,0x10a3,0x10a3,0x10a3,0x10a3,0x10a3,0x2166,0x426a,0x10a3,0x10a3,0x10a3,0x10a3,
  0x10a3,0x10a3,0x10a3,0x10a3,0x10a3,0x10a3,0x10a3,0x10a3,0x10a3,0x10a3,0x10a3,0x10a3,0x10a3,0x10a3,0x10a3,0x10a3,
  0x10a3,0x10a3,0x426a,0x636e,0x31e8,0x10a3,0x10a3,0x10a3,0x10a3,0x0862,0x0862,0x0862,0x0862,0x0862,0x0862,0x0862,
  0x0862,0x10e4,0x10e5,0x10e5,0x10c4,0x0862,0x0862,0x0862,0x0862,0x0862,0x0862,0x0862,0x0862,0x0862,0x0862,0x0862,
  0x0862,0x0862,0x10a3,0x10a3,0x10a3,0x10a3,0x10a3,0x10a3,0x10a3,0x10a3,0x10a3,0x10a3,0x10a3,0x10a3,0x10a3,0x10a3,
  0x10a3,0x10a3,0x10a3,0x10a3,0x10a3,0x10a3,0x0862,0x0862,0x0862,0x10e4,0x10a3,0x10a3,0x10c3,0x1c35,0x10a3,0x10a3,
  0x10a3,0x10a3,0x10a3,0x10a3,0x10a3,0x10a3,0x10a3,0x10a3,0x10a3,0x10a3,0x2145,0x3a49,0x10c3,0x10a3,0x10a3,0x10a3,
  0x10a3,0x10a3,0x10a3,0x10a3,0x10a3,0x10a3,0x10a3,0x10a3,0x10a3,0x10a3,0x10a3,0x10a3,0x10a3,0x10a3,0x10a3,0x10a3,
  0x10a3,0x10a3,0x4a8b,0x428b,0x31c8,0x10a3,0x10a3,0x10a3,0x10a3,0x0862,0x0862,0x0862,0x0862,0x0862,0x0862,0x0862,
  0x0862,0x0862,0x0882,0x10a3,0x10a3,0x0862,0x0862,0x0862,0x0862,0x0862,0x0862,0x0862,0x0862,0x0862,0x0862,0x0862,
  0x0862,0x0862,0x10a3,0x10a3,0x10a3,0x10a3,0x10a3,0x10a3,0x10a3,0x10a3,0x10a3,0x10a3,0x10a3,0x10a3,0x10a3,0x10a3,
  0x10a3,0x10a3,0x10a3,0x10a3,0x10a3,0x10a3,0x0862,0x0862,0x0862,0x10e4,0x10a3,0x10a3,0x10c4,0x1c55,0x10a3,0x10a3,
  0x10a3,0x10a3,0x10a3,0x10a3,0x10a3,0x10a3,0x10a3,0x10a3,0x10a3,0x10a3,0x1166,0x126c,0x122b,0x11a8,0x10e4,0x10a3,
  0x10a3,0x10a3,0x10a3,0x10a3,0x10a3,0x10c3,0x10a3,0x10a3,0x10a3,0x10a3,0x10a3,0x10a3,0x10a3,0x10a3,0x10a3,0x10a3,
  0x10a3,0x10a3,0x426a,0x4aab,0x29a7,0x10a3,0x10a3,0x10a3,0x10a3,0x0862,0x0862,0x0862,0x0862,0x0862,0x0862,0x0862,
  0x0862,0x10e4,0x10c4,0x10c3,0x0882,0x0862,0x0862,0x0862,0x0862,0x0862,0x0862,0x0862,0x0862,0x0862,0x0862,0x0862,
  0x0862,0x0862,0x10a3,0x10a3,0x10a3,0x10a3,0x10a3,0x10a3,0x10a3,0x10a3,0x10a3,0x10a3,0x10a3,0x10a3,0x10a3,0x10a3,
  0x10a3,0x10a3,0x10a3,0x10a3,0x10a3,0x10a3,0x0862,0x0862,0x0862,0x10e4,0x10a3,0x10a3,0x10c3,0x1c35,0x10e4,0x10a3,
  0x10a3,0x10a3,0x10a3,0x10a3,0x10a3,0x10a3,0x10a3,0x10a3,0x10a3,0x1146,0x25dd,0x263f,0x263f,0x263f,0x261f,0x1d19,
  0x1b92,0x120a,0x10e4,0x10a3,0x10a3,0x2987,0x10a3,0x10a3,0x10a3,0x10a3,0x10a3,0x10a3,0x10a3,0x10a3,0x10a3,0x10a3,
  0x10a3,0x10a3,0x52ec,0x3a29,0x3a29,0x10a3,0x10a3,0x10a3,0x10a3,0x0862,0x0862,0x0862,0x0862,0x0862,0x0862,0x0862,
  0x0862,0x10e4,0x1905,0x1905,0x10c4,0x0862,0x0862,0x0862,0x0862,0x0862,0x0862,0x0862,0x0862,0x0862,0x0862,0x0862,
  0x0862,0x0862,0x10a3,0x10a3,0x10a3,0x10a3,0x10a3,0x10a3,0x10a3,0x10a3,0x10a3,0x10a3,0x10a3,0x10a3,0x10a3,0x10a3,
  0x10a3,0x10a3,0x10a3,0x10a3,0x10a3,0x10a3,0x0862,0x0862,0x0862,0x10e4,0x10a3,0x10a3,0x10a3,0x128c,0x1bf4,0x10c4,
  0x10a3,0x10a3,0x10a3,0x10a3,0x10a3,0x10a3,0x10a3,0x10a3,0x10a3,0x11e9,0x261f,0x263f,0x263f,0x263f,0x263f,0x263f,
  0x261f,0x261e,0x1d9c,0x128c,0x10e4,0x10c3,0x10a3,0x10a3,0x10a3,0x10a3,0x10a3,0x10a3,0x10a3,0x10a3,0x10a3,0x10a3,
  0x10a3,0x10a3,0x10c4,0x10c3,0x10a3,0x10a3,0x10a3,0x10a3,0x10a3,0x0862,0x0862,0x0862,0x0862,0x0862,0x0862,0x0862,
  0x0862,0x10e4,0x1905,0x1905,0x10c4,0x0862,0x0862,0x0862,0x0862,0x0862,0x0862,0x0862,0x0862,0x0862,0x0862,0x0862,
  0x0862,0x0862,0x10a3,0x10a3,0x10a3,0x10a3,0x10a3,0x10a3,0x10a3,0x10a3,0x10a3,0x10a3,0x10a3,0x10a3,0x10a3,0x10a3,
  0x10a3,0x10a3,0x10a3,0x10a3,0x10a3,0x10a3,0x0862,0x0862,0x0862,0x10e4,0x10a3,0x10a3,0x10a3,0x1146,0x12ee,0x12ad,
  0x10a3,0x10a3,0x10a3,0x10a3,0x10a3,0x10a3,0x10a3,0x10a3,0x10a3,0x10c3,0x130f,0x1c55,0x1c97,0x1d3a,0x25de,0x261e,
  0x263f,0x263f,0x263f,0x25fe,0x1cd8,0x120a,0x10a3,0x10a3,0x10a3,0x10a3,0x10a3,0x10a3,0x10a3,0x10a3,0x10a3,0x10a3,
  0x10a3,0x10a3,0x1905,0x10a3,0x10a3,0x10a3,0x10a3,0x10a3,0x10a3,0x0862,0x0862,0x0862,0x0862,0x0862,0x0862,0x0862,
  0x0862,0x0882,0x08a3,0x10c4,0x10a3,0x0862,0x0862,0x0862,0x0862,0x0862,0x0862,0x0862,0x0862,0x0862,0x0862,0x0862,
  0x0862,0x0862,0x10a3,0x10a3,0x10a3,0x10a3,0x10a3,0x10a3,0x10a3,0x10a3,0x10a3,0x10a3,0x10a3,0x10a3,0x10a3,0x10a3,
  0x10a3,0x10a3,0x10a3,0x10a3,0x10a3,0x10a3,0x0862,0x0862,0x0862,0x10e4,0x10a3,0x10a3,0x10a3,0x1146,0x11ea,0x1c97,
  0x10e4,0x10a3,0x10a3,0x10a3,0x10a3,0x10a3,0x10a3,0x10a3,0x10a3,0x10a3,0x10a3,0x10c3,0x10e4,0x10e4,0x1146,0x128d,
  0x1c55,0x1d7c,0x261f,0x263f,0x263f,0x25dd,0x12ee,0x10c4,0x10a3,0x10a3,0x10a3,0x10a3,0x10a3,0x10a3,0x10a3,0x10a3,
  0x10a3,0x10a3,0x10a3,0x10a3,0x10a3,0x10a3,0x10a3,0x10a3,0x10a3,0x0862,0x0862,0x0862,0x0862,0x0862,0x0862,0x0862,
  0x0862,0x10c4,0x10a3,0x0883,0x0862,0x0862,0x0862,0x0862,0x0862,0x0862,0x0862,0x0862,0x0862,0x0862,0x0862,0x0862,
  0x0862,0x0862,0x10a3,0x10a3,0x10a3,0x10a3,0x10e4,0x10e4,0x10e4,0x10e4,0x10e4,0x10e4,0x10e4,0x10e4,0x10e4,0x10e4,
  0x10e4,0x10e4,0x10a3,0x10a3,0x10a3,0x10a3,0x0862,0x0862,0x0862,0x10e4,0x10a3,0x10a3,0x10a3,0x1146,0x1187,0x130f,
  0x126c,0x10a3,0x10a3,0x10a3,0x10a3,0x10a3,0x10a3,0x10a3,0x10a3,0x10a3,0x10a3,0x10a3,0x10a3,0x10a3,0x10a3,0x10a3,
  0x10a3,0x1104,0x1bd3,0x25fe,0x263f,0x263f,0x261f,0x1bf3,0x10c4,0x10a3,0x10a3,0x10a3,0x10a3,0x10a3,0x10a3,0x10a3,
  0x10a3,0x10a3,0x1925,0x2966,0x18e4,0x10a3,0x10a3,0x10a3,0x10a3,0x0862,0x0862,0x0862,0x0862,0x0862,0x0862,0x0862,
  0x0862,0x10e4,0x1905,0x1905,0x10c3,0x0862,0x0862,0x0862,0x0862,0x0862,0x0862,0x0862,0x0862,0x0862,0x0862,0x0862,
  0x0862,0x0862,0x10a3,0x10a3,0x10a3,0x10a3,0x10a3,0x10a3,0x10a3,0x10a3,0x10a3,0x10a3,0x10a3,0x10a3,0x10a3,0x10a3,
  0x10a3,0x10a3,0x10a3,0x10a3,0x10a3,0x10a3,0x0862,0x0862,0x0862,0x10e4,0x10a3,0x10a3,0x10a3,0x1146,0x1167,0x1188,
  0x1bf4,0x11a8,0x10a3,0x10a3,0x10a3,0x10a3,0x10a3,0x10a3,0x10a3,0x10a3,0x10a3,0x10a3,0x10a3,0x10a3,0x10a3,0x10a3,
  0x10a3,0x10a3,0x10a3,0x11e9,0x1d3a,0x263f,0x263f,0x263f,0x1bb3,0x10c3,0x10a3,0x10a3,0x10a3,0x10a3,0x10a3,0x10a3,
  0x10a3,0x10a3,0x5b2d,0x4aab,0x426a,0x10a3,0x10a3,0x10a3,0x10a3,0x0862,0x0862,0x0862,0x0862,0x0862,0x0862,0x0862,
  0x0862,0x10e4,0x1905,0x1905,0x10c4,0x0862,0x0862,0x0862,0x0862,0x0862,0x0862,0x0862,0x0862,0x0862,0x0862,0x0862,
  0x0862,0x0862,0x10a3,0x10a3,0x10a3,0x10a3,0x10a3,0x10a3,0x10a3,0x10a3,0x10a3,0x10a3,0x10a3,0x10a3,0x10a3,0x10a3,
  0x10a3,0x10a3,0x10a3,0x10a3,0x10a3,0x10a3,0x0862,0x0862,0x0862,0x10e4,0x10a3,0x10a3,0x10a3,0x1146,0x1167,0x1167,
  0x120a,0x1bd3,0x10a3,0x10a3,0x10a3,0x10a3,0x10a3,0x10a3,0x10a3,0x10a3,0x10a3,0x10a3,0x10a3,0x10a3,0x10a3,0x10a3,
  0x10a3,0x10a3,0x10a3,0x10a3,0x10e4,0x1c76,0x263f,0x263f,0x261f,0x1b50,0x10a3,0x10a3,0x10a3,0x10a3,0x10a3,0x10a3,
  0x10a3,0x10a3,0x31e8,0x29a7,0x2146,0x10a3,0x10a3,0x10a3,0x10a3,0x0862,0x0862,0x0862,0x0862,0x0862,0x0862,0x0862,
  0x0862,0x08a3,0x10c4,0x10e4,0x10c3,0x0862,0x0862,0x0862,0x0862,0x0862,0x0862,0x0862,0x0862,0x0862,0x0862,0x0862,
  0x0862,0x0862,0x10a3,0x10a3,0x10a3,0x10a3,0x10a3,0x10a3,0x10a3,0x10a3,0x10a3,0x10a3,0x10a3,0x10a3,0x10a3,0x10a3,
  0x10a3,0x10a3,0x10a3,0x10a3,0x10a3,0x10a3,0x0862,0x0862,0x0862,0x10e4,0x10a3,0x10a3,0x10a3,0x1146,0x1187,0x1187,
  0x11c9,0x1bf4,0x10a3,0x10a3,0x10a3,0x10a3,0x10a3,0x10a3,0x10a3,0x10a3,0x10a3,0x10a3,0x10a3,0x18e4,0x1904,0x1904,
  0x18e4,0x10c3,0x10a3,0x10a3,0x10a3,0x10c4,0x1c76,0x261f,0x263f,0x25dd,0x1187,0x10a3,0x1904,0x10e4,0x10a3,0x10a3,
  0x10a3,0x10a3,0x10a3,0x10a3,0x10a3,0x10a3,0x10a3,0x10a3,0x10a3,0x0862,0x0862,0x10a3,0x10e4,0x08a3,0x0862,0x0862,
  0x0862,0x10c4,0x08a3,0x0862,0x0862,0x0862,0x0862,0x0862,0x0862,0x0862,0x0862,0x0862,0x0862,0x0862,0x0862,0x0862,
  0x0862,0x0862,0x10a3,0x10a3,0x10a3,0x10a3,0x10a3,0x10a3,0x10a3,0x10a3,0x10a3,0x10a3,0x10a3,0x10a3,0x10a3,0x10a3,
  0x10a3,0x10a3,0x10a3,0x10a3,0x10a3,0x10a3,0x0862,0x0862,0x0862,0x10e4,0x10a3,0x10a3,0x10a3,0x1146,0x1167,0x1187,
  0x11a8,0x1b92,0x10e4,0x10a3,0x10a3,0x10a3,0x10a3,0x10a3,0x10a3,0x10a3,0x10a3,0x10c3,0x7bf0,0xc639,0xce9a,0xce9a,
  0xce7a,0xb5d7,0x31c7,0x10a3,0x10a3,0x10a3,0x1126,0x1d1a,0x263f,0x263f,0x1d7b,0x1125,0x1925,0x10a3,0x10a3,0x10a3,
  0x10a3,0x10a3,0x10a3,0x10a3,0x10a3,0x10a3,0x10a3,0x10a3,0x10a3,0x0862,0x0862,0x31c8,0x3a09,0x2146,0x0862,0x0862,
  0x0862,0x10e4,0x18e5,0x10e4,0x10a3,0x0862,0x0862,0x0862,0x0862,0x0862,0x0862,0x0862,0x0862,0x0862,0x0862,0x0862,
  0x0862,0x0862,0x10a3,0x10a3,0x10a3,0x10a3,0x10a3,0x10a3,0x10a3,0x10a3,0x10a3,0x10a3,0x10a3,0x10a3,0x10a3,0x2145,
  0x2986,0x1904,0x10a3,0x10a3,0x10a3,0x10a3,0x0862,0x0862,0x0862,0x10e4,0x10a3,0x10a3,0x10a3,0x1146,0x1167,0x1167,
  0x1187,0x128d,0x132f,0x10c3,0x10a3,0x10a3,0x10a3,0x10a3,0x10a3,0x10a3,0x10a3,0x1904,0xdefc,0xb5d7,0x9cf4,0x9cf4,
  0x9d14,0xdf1c,0x8c92,0x10c3,0x10a3,0x10a3,0x10a3,0x1166,0x1d9c,0x263f,0x261f,0x130f,0x10a3,0x10a3,0x10a3,0x10a3,
  0x10a3,0x10a3,0x10a3,0x10a3,0x10a3,0x10a3,0x10a3,0x10a3,0x10a3,0x0862,0x0862,0x2146,0x2146,0x10e4,0x0862,0x0862,
  0x0862,0x10e4,0x1905,0x1905,0x10c4,0x0862,0x0862,0x0862,0x0862,0x0862,0x0862,0x0862,0x0862,0x0862,0x0862,0x0862,
  0x0862,0x0862,0x10a3,0x10a3,0x10a3,0x10a3,0x10a3,0x10a3,0x10a3,0x10a3,0x10c3,0x18e4,0x10a3,0x10a3,0x10c3,0x4acc,
  0x2966,0x426a,0x10a3,0x10a3,0x10a3,0x10a3,0x0862,0x0862,0x0862,0x10e4,0x10a3,0x10a3,0x10a3,0x1146,0x1167,0x1167,
  0x1167,0x11a8,0x1bf4,0x11c9,0x10a3,0x10a3,0x10a3,0x10a3,0x10a3,0x10a3,0x10a3,0x2125,0xe73d,0x3a08,0x1904,0x1904,
  0x1904,0xad76,0x9d14,0x10c3,0x10a3,0x10a3,0x10a3,0x10a3,0x1b50,0x261f,0x263f,0x1d9c,0x10c4,0x10a3,0x10a3,0x10a3,
  0x10a3,0x10a3,0x10a3,0x10a3,0x10a3,0x10a3,0x10a3,0x10a3,0x10a3,0x0862,0x0862,0x2987,0x10a3,0x2146,0x0862,0x0862,
  0x0862,0x10c4,0x10e5,0x10e5,0x10c3,0x0862,0x0862,0x0862,0x0862,0x0862,0x0862,0x0862,0x0862,0x0862,0x0862,0x0862,
  0x0862,0x0862,0x10a3,0x10a3,0x10a3,0x1904,0x2145,0x2145,0x2145,0x2145,0x39e8,0xdefc,0x31a7,0x10a3,0x10c3,0x31e8,
  0x3a29,0x2986,0x10a3,0x10a3,0x10a3,0x10a3,0x0862,0x0862,0x0862,0x10e4,0x10a3,0x10a3,0x10a3,0x1146,0x1167,0x1167,
  0x1167,0x1188,0x1330,0x11e9,0x10a3,0x10a3,0x10a3,0x10a3,0x10a3,0x10a3,0x10a3,0x18e4,0xc659,0xef7e,0xe73d,0xe73d,
  0xe75d,0xef9e,0x6b6e,0x10a3,0x10a3,0x10a3,0x10a3,0x10a3,0x1125,0x1d3a,0x263f,0x263f,0x12ad,0x10a3,0x10a3,0x10a3,
  0x10a3,0x10a3,0x10a3,0x10a3,0x10a3,0x10a3,0x10a3,0x10a3,0x10a3,0x0862,0x0862,0x10c4,0x18e4,0x10a3,0x0862,0x0862,
  0x0862,0x08a3,0x0882,0x0882,0x0882,0x0862,0x0862,0x0862,0x0862,0x0862,0x0862,0x0862,0x0862,0x0862,0x0862,0x0862,
  0x0862,0x0862,0x10a3,0x10a3,0x10c3,0x9d14,0xef7e,0xef7e,0xef7e,0xef7e,0xef9e,0xf7bf,0x5aec,0x10a3,0x10c3,0x428a,
  0x4249,0x3a09,0x10a3,0x10a3,0x10a3,0x10a3,0x0862,0x0862,0x0862,0x10e4,0x10a3,0x10a3,0x10a3,0x1146,0x1187,0x1187,
  0x1187,0x1188,0x12ce,0x122a,0x10a3,0x10a3,0x10a3,0x10a3,0x10a3,0x10a3,0x10a3,0x10a3,0x4229,0x7c10,0x7c10,0x7c10,
  0x7c10,0x52cb,0x10c3,0x10a3,0x10a3,0x10a3,0x10a3,0x10a3,0x10a3,0x1b2f,0x263f,0x263f,0x1c97,0x10c4,0x10a3,0x10a3,
  0x10a3,0x10a3,0x10a3,0x10a3,0x10a3,0x10a3,0x10a3,0x10a3,0x10a3,0x0862,0x0862,0x0862,0x0862,0x0862,0x0862,0x0862,
  0x0862,0x10e4,0x1905,0x10e4,0x10a3,0x0862,0x0862,0x0862,0x0862,0x0862,0x0862,0x0862,0x0862,0x0862,0x0862,0x0862,
  0x0862,0x0862,0x10a3,0x10a3,0x10a3,0x4a8a,0x6b8e,0x6b8e,0x6b8e,0x6b8e,0x6b8e,0x6b8e,0x2986,0x10a3,0x10c3,0x530d,
  0x31e8,0x426a,0x10a3,0x10a3,0x10a3,0x10a3,0x0862,0x0862,0x0862,0x10e4,0x10a3,0x10a3,0x10a3,0x1146,0x1167,0x1167,
  0x1167,0x1187,0x120a,0x1371,0x10a3,0x10a3,0x10a3,0x10a3,0x10a3,0x10a3,0x10a3,0x10c3,0xbe18,0x9cf4,0x10c3,0x10c3,
  0x10c3,0x10a3,0x10a3,0x10a3,0x10a3,0x10a3,0x10a3,0x10a3,0x10a3,0x11e9,0x261e,0x263f,0x1d9c,0x1105,0x10a3,0x10a3,
  0x10a3,0x10a3,0x10a3,0x10a3,0x10a3,0x10a3,0x10a3,0x10a3,0x10a3,0x0862,0x0862,0x0862,0x0862,0x0862,0x0862,0x0862,
  0x0862,0x10e4,0x1905,0x1905,0x10c4,0x0862,0x0862,0x0862,0x0862,0x0862,0x0862,0x0862,0x0862,0x0862,0x0862,0x0862,
  0x0862,0x0862,0x10a3,0x10a3,0x10a3,0x10a3,0x10c3,0x10c3,0x10c3,0x10c3,0x10c3,0x10c3,0x10a3,0x10a3,0x10c3,0x2986,
  0x3a08,0x2125,0x10a3,0x10a3,0x10a3,0x10a3,0x0862,0x0862,0x0862,0x10e4,0x10a3,0x10a3,0x10a3,0x1146,0x1167,0x1167,
  0x1167,0x1167,0x1188,0x1bf3,0x11c9,0x10a3,0x10a3,0x10a3,0x10a3,0x10a3,0x10a3,0x10c3,0x6b6e,0x52ab,0x10a3,0x10a3,
  0x10a3,0x10a3,0x10a3,0x10a3,0x10a3,0x10a3,0x10a3,0x10a3,0x10c3,0x1167,0x25dd,0x263f,0x263f,0x1187,0x10e4,0x10c3,
  0x10a3,0x10a3,0x10a3,0x10a3,0x10a3,0x10a3,0x10a3,0x10a3,0x10a3,0x0862,0x0862,0x0862,0x0862,0x0862,0x0862,0x0862,
  0x0862,0x10c4,0x10e4,0x10e5,0x10c4,0x0862,0x0862,0x0862,0x0862,0x0862,0x0862,0x0862,0x0862,0x0862,0x0862,0x0862,
  0x0862,0x0862,0x10a3,0x10a3,0x10a3,0x10a3,0x10a3,0x10a3,0x10a3,0x10a3,0x10a3,0x10a3,0x10a3,0x10a3,0x10c3,0x530d,
  0x426a,0x426a,0x10a3,0x10a3,0x10a3,0x10a3,0x0862,0x0862,0x0862,0x10e4,0x10a3,0x10a3,0x10a3,0x1146,0x1167,0x1187,
  0x1187,0x1187,0x1188,0x12ef,0x128c,0x10a3,0x10a3,0x10a3,0x10a3,0x10a3,0x10a3,0x10a3,0x3a08,0x6b6e,0x18e4,0x10a3,
  0x10a3,0x31c7,0x3a08,0x10a3,0x10a3,0x10a3,0x10a3,0x10c3,0x10e4,0x1146,0x1d3a,0x263f,0x263f,0x128d,0x1125,0x10e4,
  0x10c3,0x10a3,0x10a3,0x10a3,0x10a3,0x10a3,0x10a3,0x10a3,0x10a3,0x0862,0x0862,0x0862,0x0862,0x0862,0x0862,0x0862,
  0x0862,0x0882,0x0882,0x08a3,0x0883,0x0862,0x0862,0x0862,0x0862,0x0862,0x0862,0x0862,0x0862,0x0862,0x0862,0x0862,
  0x0862,0x0862,0x10a3,0x10a3,0x10a3,0x10c3,0x18e4,0x10a3,0x10a3,0x10a3,0x18e4,0x10c3,0x10a3,0x10a3,0x10c3,0x4a8b,
  0x5b4e,0x31c8,0x10a3,0x10a3,0x10a3,0x10a3,0x0862,0x0862,0x0862,0x10e4,0x10a3,0x10a3,0x10a3,0x1146,0x1187,0x1187,
  0x1187,0x1187,0x1188,0x130f,0x126c,0x10a3,0x10a3,0x10a3,0x10a3,0x10a3,0x10a3,0x18e4,0xce9a,0xdf1c,0x2125,0x4a6a,
  0x3a08,0x8c72,0x9d14,0x18e4,0x10a3,0x10a3,0x10a3,0x10e4,0x1105,0x1187,0x1c76,0x263f,0x263f,0x1b71,0x1187,0x1125,
  0x10e4,0x10a3,0x10a3,0x10a3,0x10a3,0x10a3,0x10a3,0x10a3,0x10a3,0x0862,0x0862,0x0862,0x0862,0x0862,0x0862,0x0862,
  0x0862,0x10e4,0x10e4,0x10e4,0x0883,0x0862,0x0862,0x0862,0x0862,0x0862,0x0862,0x0862,0x0862,0x0862,0x0862,0x0862,
  0x0862,0x0862,0x10a3,0x10a3,0x10c3,0x8c92,0xbe18,0x39e8,0x10a3,0x31c7,0xce7a,0x9cf4,0x10c3,0x10a3,0x10a3,0x10a3,
  0x10a3,0x10a3,0x10a3,0x10a3,0x10a3,0x10a3,0x0862,0x0862,0x0862,0x10e4,0x10a3,0x10a3,0x10a3,0x1146,0x1167,0x1187,
  0x1187,0x1187,0x1188,0x1330,0x12ad,0x10a3,0x10a3,0x10a3,0x10a3,0x10a3,0x10a3,0x2145,0xe73d,0x52ab,0x1904,0xbdf8,
  0xdefc,0xb5d7,0xa535,0x18e4,0x10a3,0x10a3,0x10c3,0x10e4,0x1146,0x11c8,0x1c35,0x367f,0x367f,0x1bf4,0x224b,0x326b,
  0x29e9,0x10c3,0x10a3,0x10a3,0x10a3,0x10a3,0x10a3,0x10a3,0x10a3,0x0862,0x0862,0x0862,0x0862,0x0862,0x0862,0x0862,
  0x0862,0x10e4,0x1905,0x1905,0x10c4,0x0862,0x0862,0x0862,0x0862,0x0862,0x0862,0x0862,0x0862,0x0862,0x0862,0x0862,
  0x0862,0x0862,0x10a3,0x10a3,0x10c3,0xa535,0xef9e,0xe75d,0x5b0c,0x2986,0x9cf4,0xe75d,0x4a8a,0x10a3,0x10a3,0x10a3,
  0x10a3,0x10a3,0x10a3,0x10a3,0x10a3,0x10a3,0x0862,0x0862,0x0862,0x10e4,0x10a3,0x10a3,0x10a3,0x1146,0x1167,0x1187,
  0x1187,0x1187,0x1187,0x1188,0x1c14,0x10c4,0x10a3,0x10a3,0x10a3,0x10a3,0x10a3,0x1904,0xd6db,0xdefc,0xc659,0xe75d,
  0xb5d7,0xf7bf,0xa555,0x18e4,0x10a3,0x10a3,0x10c3,0x1105,0x1166,0x11e9,0x2435,0xd79f,0xd79f,0x2435,0x228c,0x326b,
  0x2a09,0x10c3,0x10a3,0x10a3,0x10a3,0x10a3,0x10a3,0x10a3,0x10a3,0x0862,0x0862,0x0862,0x0862,0x0862,0x0862,0x0862,
  0x0862,0x10e4,0x1905,0x1905,0x10c4,0x0862,0x0862,0x0862,0x0862,0x0862,0x0862,0x0862,0x0862,0x0862,0x0862,0x0862,
  0x0862,0x0862,0x10a3,0x10a3,0x10c3,0xa535,0xad96,0xc639,0xe75d,0xa555,0x52cb,0xe73d,0x5aec,0x10a3,0x10a3,0x10a3,
  0x10a3,0x10a3,0x10a3,0x10a3,0x10a3,0x10a3,0x0862,0x0862,0x0862,0x10e4,0x10a3,0x10a3,0x10a3,0x1146,0x1187,0x1187,
  0x1187,0x1187,0x1187,0x1187,0x1371,0x10c4,0x10a3,0x10a3,0x10a3,0x10a3,0x10a3,0x10a3,0x4229,0xad76,0xb5d7,0x4a8a,
  0x1904,0xa535,0x7c10,0x10c3,0x10a3,0x10a3,0x10c3,0x1105,0x1146,0x11c9,0x1b71,0xbf5f,0xbf5f,0x1b30,0x11c9,0x1166,
  0x1105,0x10c3,0x10a3,0x10a3,0x10a3,0x10a3,0x10a3,0x10a3,0x10a3,0x0862,0x0862,0x0862,0x0862,0x0862,0x0862,0x0862,
  0x0862,0x0862,0x0882,0x10a3,0x10a3,0x0862,0x0862,0x0862,0x0862,0x0862,0x0862,0x0862,0x0862,0x0862,0x0862,0x0862,
  0x0862,0x0862,0x10a3,0x10a3,0x10c3,0x9d14,0x9d14,0x2145,0x8431,0xdefc,0xe73d,0xc659,0x2125,0x10a3,0x10a3,0x10a3,
  0x10a3,0x10a3,0x10a3,0x10a3,0x10a3,0x10a3,0x0862,0x0862,0x0862,0x10e4,0x10a3,0x10a3,0x10a3,0x1146,0x1167,0x1187,
  0x1187,0x1187,0x1187,0x1187,0x1bb2,0x1104,0x10a3,0x10a3,0x10a3,0x10a3,0x10a3,0x10a3,0x10a3,0x10c3,0x18e4,0x10a3,
  0x10a3,0x18e4,0x10c3,0x10a3,0x10a3,0x10a3,0x10c3,0x10e4,0x1126,0x1188,0x1a4b,0x2b91,0x2b71,0x120a,0x1187,0x1126,
  0x10e4,0x10a3,0x10a3,0x10a3,0x10a3,0x10a3,0x10a3,0x10a3,0x10a3,0x0862,0x0862,0x0862,0x0862,0x0862,0x0862,0x0862,
  0x0862,0x10e4,0x10c4,0x10c3,0x0882,0x0862,0x0862,0x0862,0x0862,0x0862,0x0862,0x0862,0x0862,0x0862,0x0862,0x0862,
  0x0862,0x0862,0x10a3,0x10a3,0x10a3,0x52ab,0x5aec,0x2145,0x1904,0x39e8,0x632d,0x2986,0x10a3,0x10a3,0x10a3,0x10a3,
  0x10a3,0x10a3,0x10a3,0x10a3,0x10a3,0x10a3,0x0862,0x0862,0x0862,0x10e4,0x10a3,0x10a3,0x10a3,0x1146,0x1167,0x1167,
  0x1167,0x1167,0x1187,0x11ea,0x1bf4,0x10c3,0x10a3,0x10a3,0x10a3,0x10a3,0x10a3,0x10a3,0x10c3,0x10c3,0x10c3,0x10c3,
  0x18e4,0x7c10,0x3a08,0x10a3,0x10a3,0x10a3,0x10a3,0x10c4,0x1105,0x1146,0x19c9,0x1a0a,0x1a0a,0x1188,0x1146,0x1105,
  0x10c4,0x10a3,0x10a3,0x10a3,0x10a3,0x10a3,0x10a3,0x10a3,0x10a3,0x0862,0x0862,0x0862,0x0862,0x0862,0x0862,0x0862,
  0x0862,0x10e4,0x1905,0x1905,0x10c4,0x0862,0x0862,0x0862,0x0862,0x0862,0x0862,0x0862,0x0862,0x0862,0x0862,0x0862,
  0x0862,0x0862,0x10a3,0x10a3,0x10a3,0x1904,0xad76,0xd6db,0x94b3,0x94b3,0xd6bb,0x73cf,0x10c3,0x10a3,0x10a3,0x10a3,
  0x10a3,0x10a3,0x10a3,0x10a3,0x10a3,0x10a3,0x0862,0x0862,0x0862,0x10e4,0x10a3,0x10a3,0x10a3,0x1146,0x1167,0x1167,
  0x1167,0x1167,0x1187,0x128d,0x130f,0x10c3,0x10a3,0x10a3,0x10a3,0x10a3,0x10a3,0x18e4,0x8c72,0x8c92,0x8c92,0x8c92,
  0x8c92,0xef7e,0x9d14,0x10c3,0x10a3,0x10a3,0x10a3,0x10c3,0x10e4,0x1125,0x1987,0x19a8,0x1988,0x1126,0x1105,0x10e4,
  0x10a3,0x10a3,0x10a3,0x10a3,0x10a3,0x10a3,0x10a3,0x10a3,0x10a3,0x0862,0x0862,0x0862,0x0862,0x0862,0x0862,0x0862,
  0x0862,0x10e4,0x18e5,0x18e5,0x10c4,0x0862,0x0862,0x0862,0x0862,0x0862,0x0862,0x0862,0x0862,0x0862,0x0862,0x0862,
  0x0862,0x0862,0x10a3,0x10a3,0x10c3,0x8c72,0xe75d,0xa555,0xe75d,0xe75d,0xb5b7,0xef7e,0x4249,0x10a3,0x10a3,0x10a3,
  0x10a3,0x10a3,0x10a3,0x10a3,0x10a3,0x10a3,0x0862,0x0862,0x0862,0x10e4,0x10a3,0x10a3,0x10a3,0x1146,0x1187,0x1187,
  0x1187,0x1187,0x1187,0x128c,0x130f,0x10c3,0x10a3,0x10a3,0x10a3,0x10a3,0x10a3,0x2125,0xdf1c,0xe75d,0xe75d,0xe75d,
  0xe75d,0xe75d,0x9cf4,0x10c3,0x10a3,0x10a3,0x10a3,0x10a3,0x10c3,0x1105,0x1946,0x1946,0x1126,0x10e4,0x10c4,0x10c3,
  0x10a3,0x10a3,0x10a3,0x10a3,0x10a3,0x10a3,0x10a3,0x10a3,0x10a3,0x0862,0x0862,0x0862,0x0862,0x0862,0x0862,0x0862,
  0x0862,0x0882,0x08a3,0x10c4,0x10a3,0x0862,0x0862,0x0862,0x0862,0x0862,0x0862,0x0862,0x0862,0x0862,0x0862,0x0862,
  0x0862,0x0862,0x10a3,0x10a3,0x10c3,0x9d14,0xc639,0x4a8a,0xc639,0xc659,0x52cb,0xdf1c,0x52cb,0x10a3,0x10a3,0x10a3,
  0x10a3,0x10a3,0x10a3,0x10a3,0x10a3,0x10a3,0x0862,0x0862,0x0862,0x10e4,0x10a3,0x10a3,0x10a3,0x1146,0x1167,0x1167,
  0x1167,0x1167,0x1188,0x1392,0x122a,0x10a3,0x10a3,0x10a3,0x10a3,0x10a3,0x10a3,0x10a3,0x10a3,0x10c3,0x10c3,0x10c3,
  0x10c3,0x10c3,0x10a3,0x10a3,0x10a3,0x10a3,0x10a3,0x10a3,0x10a3,0x10e5,0x1905,0x1925,0x10e4,0x10a3,0x10a3,0x10a3,
  0x10a3,0x10a3,0x10a3,0x10a3,0x10a3,0x10a3,0x10a3,0x10a3,0x10a3,0x0862,0x0862,0x0862,0x0862,0x0862,0x0862,0x0862,
  0x0862,0x10c4,0x10c3,0x0883,0x0862,0x0862,0x0862,0x0862,0x0862,0x0862,0x0862,0x0862,0x0862,0x0862,0x0862,0x0862,
  0x0862,0x0862,0x10a3,0x10a3,0x10a3,0x52cb,0xef7e,0xef7e,0xe75d,0xe73d,0xef7e,0xdefc,0x2125,0x10a3,0x10a3,0x10a3,
  0x10a3,0x10a3,0x10a3,0x10a3,0x10a3,0x10a3,0x0862,0x0862,0x0862,0x10e4,0x10a3,0x10a3,0x10a3,0x1146,0x1167,0x1167,
  0x1167,0x1187,0x11a8,0x1391,0x10a3,0x10a3,0x10a3,0x10a3,0x10a3,0x10a3,0x10a3,0x10a3,0x10a3,0x10a3,0x10a3,0x10a3,
  0x10a3,0x10a3,0x10a3,0x10a3,0x10a3,0x10a3,0x10a3,0x10a3,0x10c4,0x1905,0x1905,0x10e5,0x10a3,0x10a3,0x10a3,0x10a3,
  0x10a3,0x10a3,0x41a3,0x41a3,0x3143,0x10a3,0x10a3,0x10a3,0x10a3,0x0862,0x0862,0x0862,0x0862,0x0862,0x0862,0x0862,
  0x0862,0x10e4,0x1905,0x10e5,0x10c3,0x0862,0x0862,0x0862,0x0862,0x0862,0x0862,0x0862,0x0862,0x0862,0x0862,0x0862,
  0x0862,0x0862,0x10a3,0x10a3,0x10a3,0x10c3,0x4229,0x8c72,0x5aec,0x4229,0x52cb,0x31a7,0x10a3,0x10a3,0x10a3,0x10a3,
  0x10a3,0x10a3,0x10a3,0x10a3,0x10a3,0x10a3,0x0862,0x0862,0x0862,0x10e4,0x10a3,0x10a3,0x10a3,0x1146,0x1167,0x1167,
  0x1167,0x1188,0x13b2,0x11e9,0x10a3,0x10a3,0x10a3,0x10a3,0x10a3,0x10a3,0x10a3,0x10c3,0x3a09,0x424a,0x1904,0x10a3,
  0x10a3,0x10a3,0x10a3,0x10a3,0x10a3,0x10a3,0x10a3,0x10a3,0x10e4,0x1905,0x1905,0x10c3,0x10a3,0x10a3,0x10a3,0x10a3,
  0x10a3,0x10a3,0x49c3,0xabc3,0x7ac3,0x10a3,0x10a3,0x10a3,0x10a3,0x0862,0x0862,0x0862,0x0862,0x0862,0x0862,0x0862,
  0x0862,0x10e4,0x1905,0x1905,0x10c4,0x0862,0x0862,0x0862,0x0862,0x0862,0x0862,0x0862,0x0862,0x0862,0x0862,0x0862,
  0x0862,0x0862,0x10a3,0x10a3,0x10a3,0x10a3,0x10a3,0xe73d,0xdefc,0x9cf4,0x52ab,0x2966,0x10a3,0x10a3,0x10a3,0x10a3,
  0x10a3,0x10a3,0x10a3,0x10a3,0x10a3,0x10a3,0x0862,0x0862,0x0862,0x10e4,0x10a3,0x10a3,0x10a3,0x1146,0x1167,0x1187,
  0x1187,0x11a8,0x1371,0x11a8,0x10a3,0x10a3,0x10a3,0x10a3,0x10a3,0x10a3,0x10a3,0x10c3,0x426a,0x424a,0x4249,0x10a3,
  0x10a3,0x10a3,0x10a3,0x10a3,0x10a3,0x10a3,0x10a3,0x10e4,0x1905,0x1905,0x10e4,0x10a3,0x1905,0x10a3,0x10a3,0x10a3,
  0x10a3,0x10a3,0x18c3,0x72a3,0x49c3,0x10a3,0x10a3,0x10a3,0x10a3,0x0862,0x0862,0x0862,0x0862,0x0862,0x0862,0x0862,
  0x0862,0x08a3,0x10c4,0x10e4,0x10c3,0x0862,0x0862,0x0862,0x0862,0x0862,0x0862,0x0862,0x0862,0x0862,0x0862,0x0862,
  0x0862,0x0862,0x10a3,0x10a3,0x10a3,0x10a3,0x10c3,0xef7e,0xd6db,0xef7e,0xef7e,0xdefc,0x4249,0x10a3,0x10a3,0x10a3,
  0x10a3,0x10a3,0x10a3,0x10a3,0x10a3,0x10a3,0x0862,0x0862,0x0862,0x10e4,0x10a3,0x10a3,0x10a3,0x1146,0x1187,0x1187,
  0x1187,0x11a8,0x1bf4,0x1188,0x10a3,0x10a3,0x10a3,0x10a3,0x10a3,0x10a3,0x10a3,0x10a3,0x2146,0x2145,0x10c3,0x10a3,
  0x10a3,0x10a3,0x10a3,0x10a3,0x10a3,0x10a3,0x10e4,0x1905,0x1905,0x10e5,0x10a3,0x10a3,0x1904,0x18e4,0x10a3,0x10a3,
  0x10a3,0x10a3,0xc443,0xc443,0x8303,0x10a3,0x10a3,0x10a3,0x10a3,0x0862,0x0862,0x0862,0x0862,0x0862,0x0862,0x0862,
  0x0862,0x10c4,0x0883,0x0862,0x0862,0x0862,0x0862,0x0862,0x0862,0x0862,0x0862,0x0862,0x0862,0x0862,0x0862,0x0862,
  0x0862,0x0862,0x10a3,0x10a3,0x10a3,0x4249,0x634d,0xef9e,0x9cf4,0x632d,0x5b0c,0xad96,0x52cb,0x10a3,0x10a3,0x10a3,
  0x10a3,0x10a3,0x10a3,0x10a3,0x10a3,0x10a3,0x0862,0x0862,0x0862,0x10e4,0x10a3,0x10a3,0x10a3,0x1146,0x1167,0x1167,
  0x1187,0x124b,0x1c56,0x10a3,0x10a3,0x10a3,0x10a3,0x10a3,0x10a3,0x10a3,0x10a3,0x10a3,0x10a3,0x10a3,0x10a3,0x10a3,
  0x10a3,0x10a3,0x10a3,0x10a3,0x10a3,0x10e4,0x1905,0x1905,0x1905,0x10c3,0x10a3,0x10a3,0x10a3,0x10a3,0x10a3,0x10a3,
  0x10a3,0x10a3,0x7ac3,0x49e3,0x6263,0x10c3,0x10a3,0x10a3,0x10a3,0x0862,0x0862,0x0862,0x0862,0x0862,0x0862,0x0862,
  0x0862,0x10e4,0x1905,0x10e5,0x10a3,0x0862,0x0862,0x0862,0x0862,0x0862,0x0862,0x0862,0x0862,0x0862,0x0862,0x0862,
  0x0862,0x0862,0x10a3,0x10a3,0x10c3,0x9d14,0xef7e,0xf7df,0xf7bf,0xa535,0x10a3,0x10a3,0x10a3,0x10a3,0x10a3,0x10a3,
  0x10a3,0x10a3,0x10a3,0x10a3,0x10a3,0x10a3,0x0862,0x0862,0x0862,0x10e4,0x10a3,0x10a3,0x10a3,0x1146,0x1167,0x1187,
  0x1188,0x1351,0x1125,0x10a3,0x10a3,0x10a3,0x10a3,0x10a3,0x10a3,0x10a3,0x10a3,0x10a3,0x10a3,0x10a3,0x10a3,0x10a3,
  0x10a3,0x10a3,0x10a3,0x10a3,0x10e4,0x1905,0x1905,0x1905,0x10c4,0x10a3,0x10a3,0x10a3,0x10a3,0x10a3,0x10a3,0x10a3,
  0x10a3,0x10a3,0x49c3,0x2923,0x10a3,0x10a3,0x10a3,0x10a3,0x10a3,0x0862,0x0862,0x0862,0x0862,0x0862,0x0862,0x0862,
  0x0862,0x10e4,0x1905,0x1905,0x10c4,0x0862,0x0862,0x0862,0x0862,0x0862,0x0862,0x0862,0x0862,0x0862,0x0862,0x0862,
  0x0862,0x0862,0x10a3,0x10a3,0x10a3,0x10c3,0x1904,0xc639,0x52cb,0x18e4,0x10a3,0x10a3,0x10a3,0x10a3,0x10a3,0x10a3,
  0x10a3,0x10a3,0x10a3,0x10a3,0x10a3,0x10a3,0x0862,0x0862,0x0862,0x10e4,0x10a3,0x10a3,0x10a3,0x1146,0x1187,0x1187,
  0x11a8,0x1371,0x10e4,0x10a3,0x10a3,0x10a3,0x10a3,0x10a3,0x10a3,0x10a3,0x10a3,0x10a3,0x10a3,0x10a3,0x10a3,0x10a3,
  0x10a3,0x10a3,0x10c4,0x18e5,0x1905,0x1905,0x1905,0x10c4,0x10a3,0x10a3,0x10a3,0x10a3,0x10a3,0x10a3,0x10a3,0x10a3,
  0x10a3,0x10a3,0x6a63,0x9b63,0x8303,0x10a3,0x10a3,0x10a3,0x10a3,0x0862,0x0862,0x0862,0x0862,0x0862,0x0862,0x0862,
  0x0862,0x10c3,0x10e4,0x10e5,0x10c4,0x0862,0x0862,0x0862,0x0862,0x0862,0x0862,0x0862,0x0862,0x0862,0x0862,0x0862,
  0x0862,0x0862,0x10a3,0x10a3,0x10a3,0x10a3,0x10a3,0x18e4,0x10c3,0x10a3,0x10a3,0x10a3,0x10a3,0x10a3,0x10a3,0x10a3,
  0x10a3,0x10a3,0x10a3,0x10a3,0x10a3,0x10a3,0x0862,0x0862,0x0862,0x10e4,0x10a3,0x10a3,0x10a3,0x1146,0x1167,0x1187,
  0x11a8,0x1350,0x10e4,0x10a3,0x10a3,0x10a3,0x10a3,0x10a3,0x10a3,0x10a3,0x10a3,0x10a3,0x10a3,0x10a3,0x10a3,0x10c3,
  0x10e4,0x72c4,0x6aa4,0x1905,0x1905,0x10e4,0x10c3,0x10a3,0x10a3,0x10a3,0x10a3,0x10a3,0x10a3,0x10a3,0x10a3,0x10a3,
  0x10a3,0x10a3,0x72a3,0x5203,0x2943,0x10a3,0x10a3,0x10a3,0x10a3,0x0862,0x0862,0x0862,0x0862,0x0862,0x0862,0x0862,
  0x0862,0x10a3,0x0883,0x0882,0x0882,0x0862,0x0862,0x0862,0x0862,0x0862,0x0862,0x0862,0x0862,0x0862,0x0862,0x0862,
  0x0862,0x0862,0x10a3,0x10a3,0x10a3,0x2145,0x31e8,0x31a7,0x2145,0x10a3,0x10a3,0x10a3,0x10a3,0x10a3,0x10a3,0x10a3,
  0x10a3,0x10a3,0x10a3,0x10a3,0x10a3,0x10a3,0x0862,0x0862,0x0862,0x10e4,0x10a3,0x10a3,0x10a3,0x1146,0x1167,0x1167,
  0x11c9,0x1bb2,0x10c4,0x10a3,0x10a3,0x10a3,0x10a3,0x10a3,0x10a3,0x10a3,0x10c3,0x10e4,0x10e4,0x10e4,0x10e4,0x1905,
  0x1905,0xdcc4,0xc444,0x1925,0x10e4,0x10a3,0x10a3,0x10a3,0x10a3,0x10a3,0x10a3,0x10a3,0x10a3,0x10a3,0x10a3,0x10a3,
  0x10a3,0x10a3,0x72a3,0x9343,0x51e3,0x10a3,0x10a3,0x10a3,0x10a3,0x0862,0x0862,0x0862,0x0862,0x0862,0x0862,0x0862,
  0x0862,0x10e4,0x10e5,0x10e4,0x08a3,0x0862,0x0862,0x0862,0x0862,0x0862,0x0862,0x0862,0x0862,0x0862,0x0862,0x0862,
  0x0862,0x0862,0x10a3,0x10a3,0x10a3,0x2125,0x5b4e,0x4aab,0x10c3,0x10a3,0x10a3,0x10a3,0x10a3,0x10a3,0x10a3,0x10a3,
  0x10a3,0x10a3,0x10a3,0x10a3,0x10a3,0x10a3,0x0862,0x0862,0x0862,0x10e4,0x10a3,0x10a3,0x10a3,0x1146,0x1187,0x1187,
  0x1371,0x128d,0x10a3,0x10a3,0x10a3,0x10a3,0x10a3,0x10a3,0x10a3,0x10a3,0x1905,0x1905,0x1905,0x1905,0x1905,0x1905,
  0x1905,0x2144,0x2124,0x10c3,0x10a3,0x10c3,0x10a3,0x10a3,0x10a3,0x10a3,0x10a3,0x10a3,0x10a3,0x10a3,0x10a3,0x10a3,
  0x10a3,0x10a3,0x8b23,0x9343,0x6a63,0x10a3,0x10a3,0x10a3,0x10a3,0x0862,0x0862,0x0862,0x0862,0x0862,0x0862,0x0862,
  0x0862,0x10e4,0x1905,0x1905,0x10c4,0x0862,0x0862,0x0862,0x0862,0x0862,0x0862,0x0862,0x0862,0x0862,0x0862,0x0862,
  0x0862,0x0862,0x10a3,0x10a3,0x10a3,0x3a29,0x424a,0x426a,0x10a3,0x10a3,0x10a3,0x10a3,0x10a3,0x10a3,0x10a3,0x10a3,
  0x10a3,0x10a3,0x10a3,0x10a3,0x10a3,0x10a3,0x0862,0x0862,0x0862,0x10e4,0x10a3,0x10a3,0x10a3,0x1146,0x1167,0x1187,
  0x1c35,0x1105,0x10a3,0x10a3,0x10a3,0x10a3,0x10a3,0x10a3,0x10a3,0x10a3,0x10e4,0x1905,0x1905,0x1905,0x10e5,0x10e4,
  0x10c4,0x10a3,0x10a3,0x10a3,0x10a3,0x2987,0x10a3,0x10a3,0x10a3,0x10a3,0x10a3,0x10a3,0x10a3,0x10a3,0x10a3,0x10a3,
  0x10a3,0x10a3,0x2943,0x10a3,0x20e3,0x10a3,0x10a3,0x10a3,0x10a3,0x0862,0x0862,0x0862,0x0862,0x0862,0x0862,0x0862,
  0x0862,0x10c4,0x1905,0x1905,0x10c4,0x0862,0x0862,0x0862,0x0862,0x0862,0x0862,0x0862,0x0862,0x0862,0x0862,0x0862,
  0x0862,0x0862,0x10a3,0x10a3,0x10a3,0x2987,0x3a09,0x636e,0x10c3,0x10a3,0x10a3,0x10a3,0x10a3,0x10a3,0x10a3,0x10a3,
  0x10a3,0x10a3,0x10a3,0x10a3,0x10a3,0x10a3,0x0862,0x0862,0x0862,0x10e4,0x10a3,0x10a3,0x10a3,0x1146,0x1167,0x1167,
  0x1bf4,0x1126,0x10a3,0x10a3,0x10a3,0x10a3,0x10a3,0x10a3,0x10a3,0x10a3,0x10a3,0x10a3,0x10a3,0x10a3,0x10a3,0x10a3,
  0x10a3,0x10a3,0x10a3,0x10a3,0x10a3,0x10a3,0x10a3,0x10a3,0x10a3,0x10a3,0x10a3,0x10a3,0x10a3,0x10a3,0x10a3,0x10a3,
  0x10a3,0x10a3,0x10a3,0x10a3,0x10a3,0x10a3,0x10a3,0x10a3,0x10a3,0x0862,0x0862,0x0862,0x0862,0x0862,0x0862,0x0862,
  0x0862,0x0882,0x0882,0x0883,0x0883,0x0862,0x0862,0x0862,0x0862,0x0862,0x0862,0x0862,0x0862,0x0862,0x0862,0x0862,
  0x0862,0x0862,0x10a3,0x10a3,0x10a3,0x2145,0x29a7,0x5b0d,0x10c3,0x10a3,0x10a3,0x10a3,0x10a3,0x10a3,0x10a3,0x10a3,
  0x10a3,0x10a3,0x10a3,0x10a3,0x10a3,0x10a3,0x0862,0x0862,0x0862,0x10e4,0x10a3,0x10a3,0x10a3,0x1146,0x1167,0x1187,
  0x1371,0x122a,0x10a3,0x10a3,0x10a3,0x10a3,0x10a3,0x10a3,0x10a3,0x10a3,0x2145,0x3a29,0x10a3,0x10a3,0x10a3,0x10a3,
  0x10a3,0x10a3,0x10a3,0x10a3,0x10a3,0x10a3,0x10a3,0x10a3,0x10a3,0x10a3,0x10a3,0x10a3,0x10a3,0x10a3,0x10a3,0x10a3,
  0x10a3,0x10a3,0xabe3,0xbc23,0x72a3,0x10a3,0x10a3,0x10a3,0x10a3,0x0862,0x0862,0x0862,0x0862,0x0862,0x0862,0x0862,
  0x0862,0x10e4,0x10e5,0x10e4,0x08a3,0x0862,0x0862,0x0862,0x0862,0x0862,0x0862,0x0862,0x0862,0x0862,0x0862,0x0862,
  0x0862,0x0862,0x10a3,0x10a3,0x10a3,0x2966,0x31e8,0x31c7,0x10a3,0x10a3,0x10a3,0x10a3,0x10a3,0x10a3,0x10a3,0x10a3,
  0x10a3,0x10a3,0x10a3,0x10a3,0x10a3,0x10a3,0x0862,0x0862,0x0862,0x10e4,0x10a3,0x10a3,0x10a3,0x1146,0x1167,0x11a8,
  0x1b92,0x10e4,0x10a3,0x10a3,0x10a3,0x10a3,0x10a3,0x10a3,0x10a3,0x10a3,0x2166,0x426a,0x10a3,0x10a3,0x10a3,0x10a3,
  0x10a3,0x10a3,0x10a3,0x10a3,0x10a3,0x10a3,0x10a3,0x10a3,0x10a3,0x10a3,0x10a3,0x10a3,0x10a3,0x10a3,0x10a3,0x10a3,
  0x10a3,0x10a3,0x9343,0x8b23,0x6263,0x10a3,0x10a3,0x10a3,0x10a3,0x0862,0x0862,0x0862,0x0862,0x0862,0x0862,0x0862,
  0x0862,0x10e4,0x1905,0x1905,0x10c4,0x0862,0x0862,0x0862,0x0862,0x0862,0x0862,0x0862,0x0862,0x0862,0x0862,0x0862,
  0x0862,0x0862,0x10a3,0x10a3,0x10a3,0x10a3,0x10a3,0x10a3,0x10a3,0x10a3,0x10a3,0x10a3,0x10a3,0x10a3,0x10a3,0x10a3,
  0x10a3,0x10a3,0x10a3,0x10a3,0x10a3,0x10a3,0x0862,0x0862,0x0862,0x10e4,0x10a3,0x10a3,0x10a3,0x1146,0x1187,0x124b,
  0x126c,0x10a3,0x10a3,0x10a3,0x10a3,0x10a3,0x10a3,0x10a3,0x10a3,0x10a3,0x1904,0x29a7,0x10a3,0x10a3,0x10a3,0x10a3,
  0x10a3,0x10a3,0x10a3,0x10a3,0x10a3,0x10a3,0x10a3,0x10a3,0x10a3,0x10a3,0x10a3,0x10a3,0x10a3,0x10a3,0x10a3,0x10a3,
  0x10a3,0x10a3,0x2923,0x18e3,0x10c3,0x10a3,0x10a3,0x10a3,0x10a3,0x0862,0x0862,0x1905,0x1925,0x10e4,0x0862,0x0862,
  0x0862,0x10e4,0x10e5,0x10e5,0x10c4,0x0862,0x0862,0x0862,0x0862,0x0862,0x0862,0x0862,0x0862,0x0862,0x0862,0x0862,
  0x0862,0x0862,0x10a3,0x10a3,0x10a3,0x10a3,0x10a3,0x10a3,0x10a3,0x10a3,0x10a3,0x10a3,0x10a3,0x10a3,0x10a3,0x10a3,
  0x10a3,0x10a3,0x10a3,0x10a3,0x10a3,0x10a3,0x0862,0x0862,0x0862,0x10e4,0x10a3,0x10a3,0x10a3,0x1146,0x1167,0x12ef,
  0x120a,0x10a3,0x10a3,0x10a3,0x10a3,0x10a3,0x10a3,0x10a3,0x10a3,0x10a3,0x10a3,0x10a3,0x10a3,0x10a3,0x10a3,0x10a3,
  0x10a3,0x10a3,0x10a3,0x10a3,0x10a3,0x10a3,0x10a3,0x10a3,0x10a3,0x10a3,0x10a3,0x10a3,0x10a3,0x10a3,0x10a3,0x10a3,
  0x10a3,0x10a2,0x2923,0x18c3,0x10a3,0x10a3,0x10a3,0x10a3,0x10a3,0x0862,0x0862,0x31c8,0x3a2a,0x2987,0x0862,0x0862,
  0x0862,0x0862,0x0882,0x10a3,0x10a3,0x0862,0x0862,0x0862,0x0862,0x0862,0x0862,0x0862,0x0862,0x0862,0x0862,0x0862,
  0x0862,0x0862,0x10a3,0x10a3,0x10a3,0x10a3,0x10a3,0x10a3,0x10a3,0x10a3,0x10a3,0x10a3,0x10a3,0x10a3,0x10a3,0x10a3,
  0x10a3,0x10a3,0x10a3,0x10a3,0x10a3,0x10a3,0x0862,0x0862,0x0862,0x10e4,0x10a3,0x10a3,0x10a3,0x1146,0x1167,0x11c9,
  0x1350,0x10c3,0x10a3,0x10a3,0x10a3,0x10a3,0x10a3,0x10a3,0x10a3,0x10a3,0x10a3,0x10a3,0x10a3,0x10a3,0x10a3,0x10a3,
  0x10a3,0x10a3,0x10a3,0x10a3,0x10a3,0x10a3,0x10a3,0x10a3,0x10a3,0x10a3,0x10a3,0x10a3,0x10a3,0x10a3,0x10a3,0x10a3,
  0x10a3,0x10a3,0x7ac3,0xb3e3,0x7ac3,0x10c3,0x10a3,0x10a3,0x10a3,0x0862,0x0862,0x2987,0x29a7,0x1925,0x0862,0x0862,
  0x0862,0x10e4,0x10c4,0x10c3,0x0882,0x0862,0x0862,0x0862,0x0862,0x0862,0x0862,0x0862,0x0862,0x0862,0x0862,0x0862,
  0x0862,0x0862,0x10a3,0x10a3,0x10a3,0x10a3,0x10a3,0x10a3,0x10a3,0x10a3,0x10a3,0x10a3,0x10a3,0x10a3,0x10a3,0x10a3,
  0x10a3,0x10a3,0x10a3,0x10a3,0x10a3,0x10a3,0x0862,0x0862,0x0862,0x10e4,0x10a3,0x10a3,0x10a3,0x1146,0x1167,0x1187,
  0x1bf3,0x120a,0x10a3,0x10a3,0x10a3,0x10a3,0x10a3,0x10a3,0x10a3,0x10a3,0x10a3,0x10a3,0x10a3,0x10a3,0x10a3,0x10a3,
  0x10a3,0x10a3,0x10a3,0x10a3,0x10a3,0x10a3,0x10a3,0x10a3,0x10a3,0x10a3,0x10a3,0x10a3,0x10a3,0x10a3,0x10a3,0x10a3,
  0x10a3,0x10a3,0x8b23,0x8b23,0x49e3,0x10a3,0x10a3,0x10a3,0x10a3,0x0862,0x0862,0x2987,0x1905,0x2146,0x0862,0x0862,
  0x0862,0x10e4,0x1905,0x1905,0x10c4,0x0862,0x0862,0x0862,0x0862,0x0862,0x0862,0x0862,0x0862,0x0862,0x0862,0x0862,
  0x0862,0x0862,0x10a3,0x10a3,0x10a3,0x10a3,0x10a3,0x10a3,0x10a3,0x10a3,0x10a3,0x10a3,0x10a3,0x10a3,0x10a3,0x10a3,
  0x10a3,0x10a3,0x10a3,0x10a3,0x10a3,0x10a3,0x0862,0x0862,0x0862,0x10e4,0x10a3,0x10a3,0x10a3,0x1146,0x1187,0x1187,
  0x11c9,0x4cf7,0x5aec,0x10a3,0x10a3,0x10a3,0x10a3,0x10a3,0x10a3,0x10a3,0x10a3,0x10a3,0x10a3,0x10a3,0x10a3,0x10a3,
  0x10a3,0x10a3,0x10a3,0x10a3,0x10a3,0x10a3,0x10a3,0x10a3,0x10a3,0x10a3,0x10a3,0x10a3,0x10a3,0x10a3,0x10a3,0x10a3,
  0x10a3,0x10a3,0x9363,0x2103,0x6243,0x10a3,0x10a3,0x10a3,0x10a3,0x0862,0x0862,0x0862,0x0862,0x0862,0x0862,0x0862,
  0x0862,0x10e4,0x1905,0x1905,0x10c4,0x0862,0x0862,0x0862,0x0862,0x0862,0x0862,0x0862,0x0862,0x0862,0x0862,0x0862,
  0x0862,0x0862,0x10a3,0x10a3,0x10a3,0x10a3,0x10a3,0x10a3,0x10a3,0x10a3,0x10a3,0x10a3,0x10a3,0x10a3,0x10a3,0x10a3,
  0x10a3,0x10a3,0x10a3,0x10a3,0x10a3,0x10a3,0x0862,0x0862,0x0862,0x10e4,0x10a3,0x10a3,0x10a3,0x10e4,0x10e4,0x10e4,
  0x1125,0xadb7,0xdf1c,0x18e4,0x10a3,0x10a3,0x10a3,0x10a3,0x10a3,0x10a3,0x10a3,0x10a3,0x10a3,0x10a3,0x10a3,0x10a3,
  0x10a3,0x10a3,0x10a3,0x10a3,0x10a3,0x10a3,0x10a3,0x10a3,0x10a3,0x10a3,0x10a3,0x10a3,0x10a3,0x10a3,0x10a3,0x10a3,
  0x10a3,0x10a3,0x9343,0x8b03,0x6a83,0x10a3,0x10a3,0x10a3,0x10a3,0x0862,0x0862,0x0862,0x0862,0x0862,0x0862,0x0862,
  0x0862,0x0882,0x08a3,0x10c4,0x10a3,0x0862,0x0862,0x0862,0x0862,0x0862,0x0862,0x0862,0x0862,0x0862,0x0862,0x0862,
  0x0862,0x0862,0x10a3,0x10a3,0x10a3,0x10a3,0x10a3,0x10a3,0x10a3,0x10a3,0x10a3,0x10a3,0x10a3,0x10a3,0x10a3,0x10a3,
  0x10a3,0x10a3,0x10a3,0x10a3,0x10a3,0x10a3,0x0862,0x0862,0x0862,0x08a3,0x10a3,0x10a3,0x10a3,0x10a3,0x10a3,0x10a3,
  0x10a3,0x31c7,0x4249,0x10a3,0x10a3,0x10a3,0x10a3,0x10a3,0x10a3,0x10a3,0x10a3,0x10a3,0x10a3,0x10a3,0x10a3,0x10a3,
  0x10a3,0x10a3,0x10a3,0x10a3,0x10a3,0x10a3,0x10a3,0x10a3,0x10a3,0x10a3,0x10a3,0x10a3,0x10a3,0x10a3,0x10a3,0x10a3,
  0x10a3,0x10a3,0x18c3,0x18c3,0x10c3,0x10a3,0x10a3,0x10a3,0x10a3,0x0862,0x0862,0x0862,0x0862,0x0862,0x0862,0x0862,
  0x0862,0x10c4,0x10a3,0x0883,0x0862,0x0862,0x0862,0x0862,0x0862,0x0862,0x0862,0x0862,0x0862,0x0862,0x0862,0x0862,
  0x0862,0x0862,0x0862,0x10c3,0x10a3,0x10a3,0x10a3,0x10a3,0x10a3,0x10a3,0x10a3,0x10a3,0x10a3,0x10a3,0x10a3,0x10a3,
  0x10a3,0x10a3,0x10a3,0x10a3,0x10a3,0x10a3,0x0862,0x0862,0x0862,0x0862,0x08a3,0x10a3,0x10a3,0x10a3,0x10a3,0x10a3,
  0x10a3,0x10a3,0x10a3,0x10a3,0x10a3,0x10a3,0x10a3,0x10a3,0x10a3,0x10a3,0x10a3,0x10a3,0x10a3,0x10a3,0x10a3,0x10a3,
  0x10a3,0x10a3,0x10a3,0x10a3,0x10a3,0x10a3,0x10a3,0x10a3,0x10a3,0x10a3,0x10a3,0x10a3,0x10a3,0x10a3,0x10a3,0x10a3,
  0x10a3,0x10a3,0x10a3,0x10a3,0x10a3,0x10a3,0x10a3,0x10a3,0x10a3,0x0862,0x0862,0x0862,0x0862,0x0862,0x0862,0x0862,
  0x0862,0x10e4,0x1905,0x1905,0x10c3,0x0862,0x0862,0x0862,0x0862,0x0862,0x0862,0x0862,0x0862,0x0862,0x0862,0x0862,
  0x0862,0x0862,0x0862,0x0862,0x10c3,0x10a3,0x10a3,0x10a3,0x10a3,0x10a3,0x10a3,0x10a3,0x10a3,0x10a3,0x10a3,0x10a3,
  0x10a3,0x10a3,0x10a3,0x10a3,0x10a3,0x10a3,0x0862,0x0862,0x0862,0x0862,0x0862,0x0883,0x10a3,0x10a3,0x10a3,0x10a3,
  0x10a3,0x10a3,0x10a3,0x10a3,0x10a3,0x10a3,0x10a3,0x10a3,0x10a3,0x10a3,0x10a3,0x10a3,0x10a3,0x10a3,0x10a3,0x10a3,
  0x10a3,0x10a3,0x10a3,0x10a3,0x10a3,0x10a3,0x10a3,0x10a3,0x10a3,0x10a3,0x10a3,0x10a3,0x10a3,0x10a3,0x10a3,0x10a3,
  0x10a3,0x10a3,0x10a3,0x10a3,0x10a3,0x10a3,0x10a3,0x10a3,0x10a3,0x0862,0x0862,0x0862,0x0862,0x0862,0x0862,0x0862,
  0x0862,0x10e4,0x1905,0x1905,0x10c4,0x0862,0x0862,0x0862,0x0862,0x0862,0x0862,0x0862,0x0862,0x0862,0x0862,0x0862,
  0x0862,0x0862,0x0862,0x0862,0x0862,0x10a3,0x10c3,0x10c3,0x10c3,0x10c3,0x10c3,0x10c3,0x10c3,0x10c3,0x10c3,0x10c3,
  0x10c3,0x10c3,0x10c3,0x10c3,0x10c3,0x10c3,0x0862,0x0862,0x0862,0x0862,0x0862,0x0862,0x08a3,0x10c3,0x10c3,0x10c3,
  0x10c3,0x10c3,0x10c3,0x10c3,0x10c3,0x10c3,0x10c3,0x10c3,0x10c3,0x10c3,0x10c3,0x10c3,0x10c3,0x10c3,0x10c3,0x10c3,
  0x10c3,0x10c3,0x10c3,0x10c3,0x10c3,0x10c3,0x10c3,0x10c3,0x10c3,0x10c3,0x10c3,0x10c3,0x10c3,0x10c3,0x10c3,0x10c3,
  0x10c3,0x10c3,0x10c3,0x10c3,0x10c3,0x10c3,0x10c3,0x10c3,0x10c3,0x0862,0x0862,0x0862,0x0862,0x0862,0x0862,0x0862,
  0x0862,0x08a3,0x10c4,0x10e4,0x10c3,0x0862,0x0862,0x0862,0x0862,0x0862,0x0862,0x0862,0x0862,0x0862,0x0862,0x0862,
  0x0862,0x0862,0x0862,0x0862,0x0862,0x0862,0x0862,0x0862,0x0862,0x0862,0x0862,0x0862,0x0862,0x0862,0x0862,0x0862,
  0x0862,0x0862,0x0862,0x0862,0x0862,0x0862,0x0862,0x0862,0x0862,0x0862,0x0862,0x0862,0x0862,0x0862,0x0862,0x0862,
  0x0862,0x0862,0x0862,0x0862,0x0862,0x0862,0x0862,0x0862,0x0862,0x0862,0x0862,0x0862,0x0862,0x0862,0x0862,0x0862,
  0x0862,0x0862,0x0862,0x0862,0x0862,0x0862,0x0862,0x0862,0x0862,0x0862,0x0862,0x0862,0x0862,0x0862,0x0862,0x0862,
  0x0862,0x0862,0x0862,0x0862,0x0862,0x0862,0x0862,0x0862,0x0862,0x0862,0x0862,0x0862,0x0862,0x0862,0x0862,0x0862,
  0x0862,0x0862,0x0862,0x0862,0x0862,0x0862,0x0862,0x0862,0x0862,0x0862,0x0862,0x0862,0x0862,0x0862,0x0862,0x0862,
  0x0862,0x0862,0x0862,0x0862,0x0862,0x0862,0x0862,0x0862,0x0862,0x0862,0x0862,0x0862,0x0862,0x0862,0x0862,0x0862,
  0x0862,0x0862,0x0862,0x0862,0x0862,0x0862,0x0862,0x0862,0x0862,0x0862,0x0862,0x0862,0x0862,0x0862,0x0862,0x0862,
  0x0862,0x0862,0x0862,0x0862,0x0862,0x0862,0x0862,0x0862,0x0862,0x0862,0x0862,0x0862,0x0862,0x0862,0x0862,0x0862,
  0x0862,0x0862,0x0862,0x0862,0x0862,0x0862,0x0862,0x0862,0x0862,0x0862,0x0862,0x0862,0x0862,0x0862,0x0862,0x0862,
  0x0862,0x0862,0x0862,0x0862,0x0862,0x0862,0x0862,0x0862,0x0862,0x0862,0x0862,0x0862,0x0862,0x0862,0x0862,0x0862,
  0x0862,0x0862,0x0862,0x0862,0x0862,0x0862,0x0862,0x0862,0x0862,0x0862,0x0862,0x0862,0x0862,0x0862,0x0862,0x0862,
  0x0862,0x0862,0x0862,0x0862,0x0862,0x0862,0x0862,0x0862,0x0862,0x0862,0x0862,0x0862,0x0862,0x0862,0x0862,0x0862,
  0x0862,0x0862,0x0862,0x0862,0x0862,0x0862,0x0862,0x0862,0x0862,0x0862,0x0862,0x0862,0x0862,0x0862,0x0862,0x0862,
  0x0862,0x0862,0x0862,0x0862,0x0862,0x0862,0x0862,0x0862,0x0862,0x0862,0x0862,0x0862,0x0862,0x0862,0x0862,0x0862,
  0x0862,0x0862,0x0862,0x0862,0x0862,0x0862,0x0862,0x0862,0x0862,0x0862,0x0862,0x0862,0x0862,0x0862,0x0862,0x0862,
  0x0862,0x0862,0x0862,0x0862,0x0862,0x0862,0x0862,0x0862,0x0862,0x0862,0x0862,0x0862,0x0862,0x0862,0x0862,0x0862,
  0x0862,0x0862,0x0862,0x0862,0x0862,0x0862,0x0862,0x0862,0x0862,0x0862,0x0862,0x0862,0x0862,0x0862,0x0862,0x0862,
  0x0862,0x0862,0x0862,0x0862,0x0862,0x0862,0x0862,0x0862,0x0862,0x0862,0x0862,0x0862,0x0862,0x0862,0x0862,0x0862,
  0x0862,0x0862,0x0862,0x0862,0x0862,0x0862,0x0862,0x0862,0x0862,0x0862,0x0862,0x0862,0x0862,0x0862,0x0862,0x0862,
  0x0862,0x0862,0x0862,0x0862,0x0862,0x0862,0x0862,0x0862,0x0862,0x0862,0x0862,0x0862,0x0862,0x0862,0x0862,0x0862,
  0x0862,0x0862,0x0862,0x0862,0x0862,0x0862,0x0862,0x0862,0x0862,0x0862,0x0862,0x0862,0x0862,0x0862,0x0862,0x0862,
  0x0862,0x0862,0x0862,0x0862,0x0862,0x0862,0x0862,0x0862,0x0862,0x0862,0x0862,0x0862,0x0862,0x0862,0x0862,0x0862,
  0x0862,0x0862,0x0862,0x0862,0x0862,0x0862,0x0862,0x0862,0x0862,0x0862,0x0862,0x0862,0x0862,0x0862,0x0862,0x0862,
  0x0862,0x0862,0x0862,0x0862,0x0862,0x0862,0x0862,0x0862,0x0862,0x0862,0x0862,0x0862,0x0862,0x0862,0x0862,0x0862,
  0x0862,0x0862,0x0862,0x0862,0x0862,0x0862,0x0862,0x0862,0x0862,0x0862,0x0862,0x0862,0x0862,0x0862,0x0862,0x0862,
  0x0862,0x0862,0x0862,0x0862,0x0862,0x0862,0x0862,0x0862,0x0862,0x0862,0x0862,0x0862,0x0862,0x0862,0x0862,0x0862,
  0x0862,0x0862,0x0862,0x0862,0x0862,0x0862,0x0862,0x0862,0x0862,0x0862,0x0862,0x0862,0x0862,0x0862,0x0862,0x0862,
  0x0862,0x0862,0x0862,0x0862,0x0862,0x0862,0x0862,0x0862,0x0862,0x0862,0x0862,0x0862,0x0862,0x0862,0x0862,0x0862,
  0x0862,0x0862,0x0862,0x0862,0x0862,0x0862,0x0862,0x0862,0x0862,0x0862,0x0862,0x0862,0x0862,0x0862,0x0862,0x0862,
};

static const uint16_t THUMB_APEX_LIGHT[144 * 96] PROGMEM = {
  0xef9e,0xef9e,0xef9e,0xef9e,0xef9e,0xef9e,0xef9e,0xef9e,0xef9e,0xef9e,0xef9e,0xef9e,0xef9e,0xef9e,0xef9e,0xef9e,
  0xef9e,0xef9e,0xef9e,0xef9e,0xef9e,0xef9e,0xef9e,0xef9e,0xef9e,0xef9e,0xef9e,0xef9e,0xef9e,0xef9e,0xef9e,0xef9e,
  0xef9e,0xef9e,0xef9e,0xef9e,0xef9e,0xef9e,0xef9e,0xef9e,0xef9e,0xef9e,0xef9e,0xef9e,0xef9e,0xef9e,0xef9e,0xef9e,
  0xef9e,0xef9e,0xef9e,0xef9e,0xef9e,0xef9e,0xef9e,0xef9e,0xef9e,0xef9e,0xef9e,0xef9e,0xef9e,0xef9e,0xef9e,0xef9e,
  0xef9e,0xef9e,0xef9e,0xef9e,0xef9e,0xef9e,0xef9e,0xef9e,0xef9e,0xef9e,0xef9e,0xef9e,0xef9e,0xef9e,0xef9e,0xef9e,
  0xef9e,0xef9e,0xef9e,0xef9e,0xef9e,0xef9e,0xef9e,0xef9e,0xef9e,0xef9e,0xef9e,0xef9e,0xef9e,0xef9e,0xef9e,0xef9e,
  0xef9e,0xef9e,0xef9e,0xef9e,0xef9e,0xef9e,0xef9e,0xef9e,0xef9e,0xef9e,0xef9e,0xef9e,0xef9e,0xef9e,0xef9e,0xef9e,
  0xef9e,0xef9e,0xef9e,0xef9e,0xef9e,0xef9e,0xef9e,0xef9e,0xef9e,0xef9e,0xef9e,0xef9e,0xef9e,0xef9e,0xef9e,0xef9e,
  0xef9e,0xef9e,0xef9e,0xef9e,0xef9e,0xef9e,0xef9e,0xef9e,0xef9e,0xef9e,0xef9e,0xef9e,0xef9e,0xef9e,0xef9e,0xef9e,
  0xef9e,0xef9e,0xef9e,0xef9e,0xef9e,0xef9e,0xef9e,0xef9e,0xef9e,0xef9e,0xef9e,0xef9e,0xef9e,0xef9e,0xef9e,0xef9e,
  0xef9e,0xef9e,0xef9e,0xef9e,0xef9e,0xef9e,0xef9e,0xef9e,0xef9e,0xef9e,0xef9e,0xef9e,0xef9e,0xef9e,0xef9e,0xef9e,
  0xef9e,0xef9e,0xef9e,0xef9e,0xef9e,0xef9e,0xef9e,0xef9e,0xef9e,0xef9e,0xef9e,0xef9e,0xef9e,0xef9e,0xef9e,0xef9e,
  0xef9e,0xef9e,0xef9e,0xef9e,0xef9e,0xef9e,0xef9e,0xef9e,0xef9e,0xef9e,0xef9e,0xef9e,0xef9e,0xef9e,0xef9e,0xef9e,
  0xef9e,0xef9e,0xef9e,0xef9e,0xef9e,0xef9e,0xef9e,0xef9e,0xef9e,0xef9e,0xef9e,0xef9e,0xef9e,0xef9e,0xef9e,0xef9e,
  0xef9e,0xef9e,0xef9e,0xef9e,0xef9e,0xef9e,0xef9e,0xef9e,0xef9e,0xef9e,0xef9e,0xef9e,0xef9e,0xef9e,0xef9e,0xef9e,
  0xef9e,0xef9e,0xef9e,0xef9e,0xef9e,0xef9e,0xef9e,0xef9e,0xef9e,0xef9e,0xef9e,0xef9e,0xef9e,0xef9e,0xef9e,0xef9e,
  0xef9e,0xef9e,0xef9e,0xef9e,0xef9e,0xef9e,0xef9e,0xef9e,0xef9e,0xef9e,0xef9e,0xef9e,0xef9e,0xef9e,0xef9e,0xef9e,
  0xef9e,0xef9e,0xef9e,0xef9e,0xef9e,0xef9e,0xef9e,0xef9e,0xef9e,0xef9e,0xef9e,0xef9e,0xef9e,0xef9e,0xef9e,0xef9e,
  0xef9e,0xef9e,0xef9e,0xef9e,0xef9e,0xef9e,0xef9e,0xef9e,0xef9e,0xef9e,0xef9e,0xef9e,0xef9e,0xef9e,0xef9e,0xef9e,
  0xef9e,0xef9e,0xef9e,0xef9e,0xef9e,0xef9e,0xef9e,0xef9e,0xef9e,0xef9e,0xef9e,0xef9e,0xef9e,0xef9e,0xef9e,0xef9e,
  0xef9e,0xef9e,0xef9e,0xef9e,0xef9e,0xef9e,0xef9e,0xef9e,0xef9e,0xef9e,0xef9e,0xef9e,0xef9e,0xef9e,0xef9e,0xef9e,
  0xef9e,0xef9e,0xef9e,0xef9e,0xef9e,0xef9e,0xef9e,0xef9e,0xef9e,0xef9e,0xef9e,0xef9e,0xef9e,0xef9e,0xef9e,0xef9e,
  0xef9e,0xef9e,0xef9e,0xef9e,0xef9e,0xef9e,0xef9e,0xef9e,0xef9e,0xef9e,0xef9e,0xef9e,0xef9e,0xef9e,0xef9e,0xef9e,
  0xef9e,0xef9e,0xef9e,0xef9e,0xef9e,0xef9e,0xef9e,0xef9e,0xef9e,0xef9e,0xef9e,0xef9e,0xef9e,0xef9e,0xef9e,0xef9e,
  0xef9e,0xef9e,0xef9e,0xef9e,0xef9e,0xef9e,0xef9e,0xef9e,0xef9e,0xef9e,0xef9e,0xef9e,0xef9e,0xef9e,0xef9e,0xef9e,
  0xef9e,0xef9e,0xef9e,0xef9e,0xef9e,0xef9e,0xef9e,0xef9e,0xef9e,0xef9e,0xef9e,0xef9e,0xef9e,0xef9e,0xef9e,0xef9e,
  0xef9e,0xef9e,0xef9e,0xef9e,0xef9e,0xef9e,0xef9e,0xef9e,0xef9e,0xef9e,0xef9e,0xef9e,0xef9e,0xef9e,0xef9e,0xef9e,
  0xef9e,0xef9e,0xef9e,0xef9e,0xef9e,0xef9e,0xef9e,0xef9e,0xef9e,0xef9e,0xef9e,0xef9e,0xef9e,0xef9e,0xef9e,0xef9e,
  0xef9e,0xef9e,0xef9e,0xef9e,0xef9e,0xef9e,0xef9e,0xef9e,0xef9e,0xef9e,0xef9e,0xef9e,0xef9e,0xef9e,0xef9e,0xef9e,
  0xef9e,0xe77e,0xe77e,0xef9e,0xef9e,0xef9e,0xef9e,0xef9e,0xef9e,0xef9e,0xef9e,0xef9e,0xef9e,0xef9e,0xef9e,0xef9e,
  0xef9e,0xef9e,0xef5e,0xf7bf,0xf7bf,0xf7bf,0xf7bf,0xf7bf,0xf7bf,0xf7bf,0xf7bf,0xf7bf,0xf7bf,0xf7bf,0xf7bf,0xf7bf,
  0xf7bf,0xf7bf,0xef7e,0xef9e,0xef9e,0xef9e,0xef9e,0xef9e,0xef7e,0xf7bf,0xf7bf,0xf7bf,0xf7bf,0xf7bf,0xf7bf,0xf7bf,
  0xf7bf,0xf7bf,0xef7e,0xef9e,0xef9e,0xef9e,0xef9e,0xef9e,0xef9e,0xef9e,0xef9e,0xef9e,0xef9e,0xef9e,0xef9e,0xef9e,
  0xef9e,0xef9e,0xef9e,0xef9e,0xef9e,0xef9e,0xef9e,0xef9e,0xef9e,0xef9e,0xef9e,0xef9e,0xef9e,0xef9e,0xef9e,0xef9e,
  0xef9e,0xef9e,0xef9e,0xef9e,0xef9e,0xef9e,0xef9e,0xef9e,0xef9e,0xef9e,0xef9e,0xbe39,0xc65a,0xce9b,0xef9e,0xef9e,
  0xdf5e,0x2459,0x34ba,0x655b,0xb69d,0xef9e,0xef9e,0xef9e,0xef9e,0xef9e,0xef9e,0xef9e,0xef9e,0xef9e,0xef9e,0xef9e,
  0xef9e,0xef9e,0xef7e,0xffff,0xffff,0xffff,0xffff,0xffff,0xffff,0xffff,0xffff,0xffff,0xffff,0xffff,0xffff,0xffff,
  0xffff,0xffff,0xffff,0xe75d,0xef9e,0xef9e,0xef9e,0xef9e,0xef7e,0xffff,0xffff,0xffff,0xffff,0xffff,0xffff,0xffff,
  0xffff,0xffff,0xffff,0xef7e,0xef7e,0xef9e,0xef9e,0xef9e,0xef9e,0xef9e,0xef9e,0xef9e,0xef9e,0xef9e,0xef9e,0xef9e,
  0xef9e,0xef9e,0xef9e,0xef9e,0xef9e,0xef9e,0xef9e,0xef9e,0xef9e,0xef9e,0xef9e,0xef9e,0xef9e,0xef9e,0xef9e,0xef9e,
  0xef9e,0xef9e,0xef9e,0xef9e,0xef9e,0xef9e,0xef9e,0xef9e,0xef9e,0xef9e,0xef7e,0xbe39,0xce7b,0xce9b,0xef9e,0xef9e,
  0xdf5e,0x1419,0x03d8,0x03d8,0x5d3b,0xef9e,0xef9e,0xef9e,0xef9e,0xef9e,0xef9e,0xef9e,0xef9e,0xef9e,0xef9e,0xef9e,
  0xef9e,0xef9e,0xef7e,0xffff,0xffff,0xffff,0xffff,0xffff,0xffff,0xffff,0xffff,0xffff,0xffff,0xffff,0xffff,0xffff,
  0xffff,0xffff,0xffff,0xffff,0xe75d,0xef9e,0xef9e,0xef9e,0xef7e,0xffff,0xffff,0xffff,0xffff,0xffff,0xffff,0xffff,
  0xffff,0xffff,0xffff,0xffff,0xef7e,0xef9e,0xef9e,0xef9e,0xef9e,0xef9e,0xef9e,0xef9e,0xef9e,0xef9e,0xef9e,0xef9e,
  0xef9e,0xef9e,0xef9e,0xef9e,0xef9e,0xef9e,0xef9e,0xef9e,0xef9e,0xef9e,0xef9e,0xef9e,0xef9e,0xef9e,0xef9e,0xef9e,
  0xef9e,0xef9e,0xef9e,0xef9e,0xef9e,0xef9e,0xef9e,0xef9e,0xef9e,0xef9e,0xef9e,0xef9e,0xef9e,0xef9e,0xef9e,0xef9e,
  0xe77e,0x1419,0x03d8,0x03d8,0x553b,0xef7e,0xef9e,0xef9e,0xef9e,0xef9e,0xef9e,0xef9e,0xef9e,0xef9e,0xef9e,0xef9e,
  0xef9e,0xef9e,0xef7e,0xffff,0xffff,0xffff,0xffff,0xffff,0xffff,0xffff,0xffff,0xffff,0xffff,0xffff,0xffff,0xffff,
  0xffff,0xffff,0xffff,0xffff,0xffdf,0xef5e,0xef9e,0xef9e,0xef7e,0xffff,0xffff,0xffff,0xffff,0xffff,0xffde,0xffde,
  0xffff,0xffff,0xffff,0xffff,0xf7bf,0xef9e,0xef9e,0xef9e,0xef9e,0xef9e,0xef9e,0xef9e,0xef9e,0xef9e,0xef9e,0xef9e,
  0xef9e,0xef9e,0xef9e,0xef9e,0xef9e,0xef9e,0xef9e,0xef9e,0xef9e,0xef9e,0xef9e,0xef9e,0xef9e,0xef9e,0xef9e,0xef9e,
  0xef9e,0xef9e,0xef9e,0xef9e,0xef9e,0xef9e,0xef9e,0xef9e,0xef9e,0xef9e,0xef9e,0xef9e,0xef9e,0xef9e,0xef9e,0xef9e,
  0xe77e,0xae9d,0x85dc,0x551a,0x6d9b,0xef9e,0xef9e,0xef9e,0xef9e,0xef9e,0xef9e,0xef9e,0xef9e,0xef9e,0xef9e,0xef9e,
  0xef9e,0xef9e,0xef7e,0xffff,0xffff,0xffff,0xffff,0xffdf,0xffdf,0xffff,0xffff,0xffff,0xffff,0xffff,0xffff,0xffff,
  0xffdf,0xffff,0xffff,0xffff,0xffff,0xef7e,0xef9e,0xef9e,0xef7e,0xffff,0xffff,0xffff,0xffff,0xf6d7,0xe5f0,0xe5f1,
  0xff7b,0xffff,0xffff,0xffff,0xf7bf,0xef9e,0xef9e,0xef9e,0xef9e,0xef9e,0xef9e,0xef9e,0xef9e,0xef9e,0xef9e,0xef9e,
  0xef9e,0xef9e,0xef9e,0xef9e,0xef9e,0xef9e,0xef9e,0xef9e,0xef9e,0xef9e,0xef9e,0xef9e,0xef9e,0xef9e,0xef9e,0xef9e,
  0xef9e,0xef9e,0xef9e,0xef9e,0xef9e,0xef9e,0xef9e,0xef9e,0xef9e,0xef9e,0xef9e,0xef9e,0xef9e,0xef9e,0xef9e,0xef9e,
  0xe77e,0x3cba,0x657b,0x963c,0xc6fd,0xef9e,0xef9e,0xef9e,0xef9e,0xef9e,0xef9e,0xef9e,0xef9e,0xef9e,0xef9e,0xef9e,
  0xef9e,0xef9e,0xef7e,0xffff,0xffff,0xffff,0xffff,0x6b6e,0xa514,0xef7d,0xf7be,0xffdf,0xffff,0xffff,0xffdf,0xa556,
  0xa535,0xbe19,0xffff,0xffff,0xffff,0xef7e,0xef9e,0xef9e,0xef7e,0xffff,0xffff,0xffff,0xffff,0xffff,0xeeb6,0xdd4c,
  0xf77b,0xffff,0xffff,0xffff,0xf7bf,0xef9e,0xef9e,0xef9e,0xef9e,0xef9e,0xef9e,0xef9e,0xef9e,0xef9e,0xef9e,0xef9e,
  0xef9e,0xef9e,0xef9e,0xef9e,0xef9e,0xef9e,0xef9e,0xef9e,0xef9e,0xef9e,0xef9e,0xef9e,0xef9e,0xef9e,0xef9e,0xef9e,
  0xef9e,0xef9e,0xef9e,0xef9e,0xef9e,0xef9e,0xef9e,0xef9e,0xef9e,0xef9e,0xef9e,0xef9e,0xef9e,0xef9e,0xef9e,0xef9e,
  0xdf5e,0x1419,0x03d8,0x03d8,0x5d3b,0xef9e,0xef9e,0xef9e,0xef9e,0xef9e,0xef9e,0xef9e,0xef9e,0xef9e,0xef9e,0xef9e,
  0xef9e,0xef9e,0xef7e,0xffff,0xffff,0xffff,0xffff,0x0882,0x0041,0x1904,0x52ab,0xad55,0xf7be,0xffff,0xffdf,0xad97,
  0x8472,0xadb7,0xffff,0xffff,0xffff,0xef7e,0xef9e,0xef9e,0xef7e,0xffff,0xffff,0xffff,0xffff,0xf75b,0xf6f8,0xeed7,
  0xffde,0xffff,0xffff,0xffff,0xf7bf,0xef9e,0xef9e,0xef9e,0xef9e,0xef9e,0xef9e,0xef9e,0xef9e,0xef9e,0xef9e,0xef9e,
  0xef9e,0xef9e,0xef9e,0xef9e,0xef9e,0xef9e,0xef9e,0xef9e,0xef9e,0xef9e,0xef9e,0xef9e,0xef9e,0xef9e,0xef9e,0xef9e,
  0xef9e,0xef9e,0xef9e,0xef9e,0xef9e,0xef9e,0xef9e,0xef9e,0xef9e,0xef9e,0xef9e,0xef9e,0xef9e,0xef9e,0xef9e,0xef9e,
  0xdf5e,0x1419,0x03d8,0x03d8,0x553b,0xef7e,0xef9e,0xef9e,0xef9e,0xef9e,0xef9e,0xef9e,0xef9e,0xef9e,0xef9e,0xef9e,
  0xef9e,0xef9e,0xef7e,0xffff,0xffff,0xffff,0xffff,0x0882,0x8c92,0x94b3,0x4249,0x10c3,0xad76,0xffff,0xffff,0xe71c,
  0xdefc,0xe75d,0xffff,0xffff,0xffff,0xef7e,0xef9e,0xef9e,0xef7e,0xffff,0xffff,0xffff,0xffff,0xe5f0,0xe633,0xe632,
  0xf75a,0xffff,0xffff,0xffff,0xf7bf,0xef9e,0xef9e,0xef9e,0xef9e,0xef9e,0xef9e,0xef9e,0xef9e,0xef9e,0xef9e,0xef9e,
  0xef9e,0xef9e,0xef9e,0xef9e,0xef9e,0xef9e,0xef9e,0xef9e,0xef9e,0xef9e,0xef9e,0xef9e,0xef9e,0xef9e,0xef9e,0xef9e,
  0xef9e,0xef9e,0xef9e,0xef9e,0xef9e,0xef9e,0xef9e,0xef9e,0xef9e,0xef9e,0xef9e,0xef9e,0xef9e,0xef9e,0xef9e,0xef9e,
  0xef9e,0x85fc,0x4cfa,0x2c79,0x5d5b,0xef9e,0xef9e,0xef9e,0xef9e,0xef9e,0xef9e,0xef9e,0xef9e,0xef9e,0xef9e,0xef9e,
  0xef9e,0xef9e,0xef7e,0xffff,0xffdf,0x73cf,0x2966,0x0041,0x18e4,0x738e,0xf7be,0xef5d,0xef5d,0xffff,0xffff,0xbe19,
  0xbe18,0xd6bb,0xffff,0xffff,0xffff,0xef7e,0xef9e,0xef9e,0xef7e,0xffff,0xffff,0xffff,0xffff,0xf75a,0xffdf,0xff9d,
  0xffbe,0xffff,0xffff,0xffff,0xf7bf,0xef9e,0xef9e,0xef9e,0xef9e,0xef9e,0xef9e,0xef9e,0xef9e,0xef9e,0xef9e,0xef9e,
  0xef9e,0xef9e,0xef9e,0xef9e,0xef9e,0xef9e,0xef9e,0xef9e,0xef9e,0xef9e,0xef9e,0xef9e,0xef9e,0xef9e,0xef9e,0xef9e,
  0xef9e,0xef9e,0xef9e,0xef9e,0xef9e,0xef9e,0xef9e,0xef9e,0xef9e,0xef9e,0xef9e,0xef9e,0xef9e,0xef9e,0xef9e,0xef9e,
  0xe77e,0x44da,0x85fc,0xcefd,0xe75e,0xef9e,0xef9e,0xef9e,0xef9e,0xef9e,0xef9e,0xef9e,0xef9e,0xef9e,0xef9e,0xef9e,
  0xef9e,0xef9e,0xef7e,0xffff,0xffdf,0xad55,0x7bcf,0x10a3,0x52ab,0xa555,0xffff,0xffff,0xffff,0xffff,0xffdf,0xa556,
  0xb5b7,0xbdf8,0xffff,0xffff,0xffff,0xef7e,0xef9e,0xef9e,0xef7e,0xffff,0xffff,0xffff,0xffff,0xf6d7,0xe5f0,0xeeb6,
  0xffde,0xffff,0xffff,0xffff,0xf7bf,0xef9e,0xef9e,0xef9e,0xef9e,0xef9e,0xef9e,0xef9e,0xef9e,0xef9e,0xef9e,0xef9e,
  0xef9e,0xef9e,0xef9e,0xef9e,0xef9e,0xef9e,0xef9e,0xef9e,0xef9e,0xef9e,0xef9e,0xef9e,0xef9e,0xef9e,0xef9e,0xef9e,
  0xef9e,0xef9e,0xef9e,0xef9e,0xef9e,0xef9e,0xef9e,0xef9e,0xef9e,0xef9e,0xef9e,0xef9e,0xef9e,0xef9e,0xef9e,0xef9e,
  0xdf5e,0x1419,0x03f8,0x1419,0x6d9b,0xef9e,0xef9e,0xef9e,0xef9e,0xef9e,0xef9e,0xef9e,0xef9e,0xef9e,0xef9e,0xef9e,
  0xef9e,0xef9e,0xef7e,0xffff,0xffff,0xe71c,0xdedb,0xce79,0xef5d,0xf79e,0xd6ba,0xef7d,0xffff,0xffff,0xffdf,0xad76,
  0xce7a,0xbe18,0xffff,0xffff,0xffff,0xef7e,0xef9e,0xef9e,0xef7e,0xffff,0xffff,0xffff,0xffff,0xf719,0xe5af,0xe5af,
  0xff9c,0xffff,0xffff,0xffff,0xf7bf,0xef9e,0xef9e,0xef9e,0xef9e,0xef9e,0xef9e,0xef9e,0xef9e,0xef9e,0xef9e,0xef9e,
  0xef9e,0xef9e,0xef9e,0xef9e,0xef9e,0xef9e,0xef9e,0xef9e,0xef9e,0xef9e,0xef9e,0xef9e,0xef9e,0xef9e,0xef9e,0xef9e,
  0xef9e,0xef9e,0xef9e,0xef9e,0xef9e,0xef9e,0xef9e,0xef9e,0xef9e,0xef9e,0xef9e,0xef9e,0xef9e,0xef9e,0xef9e,0xef9e,
  0xe75e,0x1419,0x03d8,0x03d8,0x553b,0xef7e,0xef9e,0xef9e,0xef9e,0xef9e,0xef9e,0xef9e,0xef9e,0xef9e,0xef9e,0xef9e,
  0xef9e,0xef9e,0xef7e,0xffff,0xffdf,0x632d,0x2125,0xd6ba,0xffdf,0xd6ba,0x1904,0x528a,0xffdf,0xffff,0xffdf,0xf7be,
  0xf79e,0xf7be,0xffff,0xffff,0xffff,0xef7e,0xef9e,0xef9e,0xef7e,0xffff,0xffff,0xffff,0xffff,0xffbe,0xffbd,0xffde,
  0xffff,0xffff,0xffff,0xffff,0xf7bf,0xef9e,0xef9e,0xef9e,0xef9e,0xef9e,0xef9e,0xef9e,0xef9e,0xef9e,0xef9e,0xef9e,
  0xef9e,0xef9e,0xef9e,0xef9e,0xef9e,0xef9e,0xef9e,0xef9e,0xef9e,0xef9e,0xef9e,0xef9e,0xef9e,0xef9e,0xef9e,0xef9e,
  0xef9e,0xef9e,0xef9e,0xef9e,0xef9e,0xef9e,0xef9e,0xef9e,0xef9e,0xef9e,0xef9e,0xef9e,0xef9e,0xef9e,0xef9e,0xef9e,
  0xe77e,0x4d1a,0x0bf9,0x0bf9,0x5d5b,0xef9e,0xef9e,0xef9e,0xef9e,0xef9e,0xef9e,0xef9e,0xef9e,0xef9e,0xef9e,0xef9e,
  0xef9e,0xef9e,0xef7e,0xffff,0xf7df,0x5aec,0x10a3,0x10a3,0x94b2,0xef5d,0xad75,0x18e4,0xbdf7,0xffff,0xf7be,0x9d35,
  0x9cf4,0xb5b7,0xffff,0xffff,0xffff,0xef7e,0xef9e,0xef9e,0xef7e,0xffff,0xffff,0xffff,0xffff,0xf719,0xd50a,0xe5cf,
  0xffbd,0xffff,0xffff,0xffff,0xf7bf,0xef9e,0xef9e,0xef9e,0xef9e,0xef9e,0xef9e,0xef9e,0xef9e,0xef9e,0xef9e,0xef9e,
  0xef9e,0xef9e,0xef9e,0xef9e,0xef9e,0xef9e,0xef9e,0xef9e,0xef9e,0xef9e,0xef9e,0xef9e,0xef9e,0xef9e,0xef9e,0xef9e,
  0xef9e,0xef9e,0xef9e,0xef9e,0xef9e,0xef9e,0xef9e,0xef9e,0xef9e,0xef9e,0xef9e,0xef9e,0xef9e,0xef9e,0xef9e,0xef9e,
  0xe77e,0x7ddc,0xa67d,0xb6bd,0xbedd,0xef9e,0xef9e,0xef9e,0xef9e,0xef9e,0xef9e,0xef9e,0xef9e,0xef9e,0xef9e,0xef9e,
  0xef9e,0xef9e,0xef7e,0xffff,0xf7df,0x5b0c,0x5aec,0x8430,0x18e4,0x52ab,0x94b3,0x10c3,0xc618,0xffff,0xffdf,0xd6db,
  0xf7be,0xdefb,0xffff,0xffff,0xffff,0xef7e,0xef9e,0xef9e,0xef7e,0xffff,0xffff,0xffff,0xffff,0xee95,0xf719,0xeeb6,
  0xff9d,0xffff,0xffff,0xffff,0xf7bf,0xef9e,0xef9e,0xef9e,0xef9e,0xef9e,0xef9e,0xef9e,0xef9e,0xef9e,0xef9e,0xef9e,
  0xef9e,0xef9e,0xef9e,0xef9e,0xef9e,0xef9e,0xef9e,0xef9e,0xef9e,0xef9e,0xef9e,0xef9e,0xef9e,0xef9e,0xef9e,0xef9e,
  0xef9e,0xef9e,0xef9e,0xef9e,0xef9e,0xef9e,0xef9e,0xef9e,0xef9e,0xef9e,0xef9e,0xef9e,0xef9e,0xef9e,0xef9e,0xef9e,
  0xdf5e,0x1419,0x03d8,0x1419,0x7ddb,0xef9e,0xef9e,0xef9e,0xef9e,0xef9e,0xef9e,0xef9e,0xef9e,0xef9e,0xef9e,0xef9e,
  0xef9e,0xef9e,0xef7e,0xffff,0xffdf,0x632d,0x632d,0xf79e,0xce59,0x31a7,0x18e4,0x634d,0xffdf,0xffff,0xffff,0xffff,
  0xffff,0xffff,0xffff,0xffff,0xffff,0xef7e,0xef9e,0xef9e,0xef7e,0xffff,0xffff,0xffff,0xffff,0xffff,0xffff,0xffff,
  0xffff,0xffff,0xffff,0xffff,0xf7bf,0xef9e,0xef9e,0xef9e,0xef9e,0xef9e,0xef9e,0xef9e,0xef9e,0xef9e,0xef9e,0xef9e,
  0xef9e,0xef9e,0xef9e,0xef9e,0xef9e,0xef9e,0xef9e,0xef9e,0xef9e,0xef9e,0xef9e,0xef9e,0xef9e,0xef9e,0xef9e,0xef9e,
  0xef9e,0xef9e,0xef9e,0xef9e,0xef9e,0xef9e,0xef9e,0xef9e,0xef9e,0xef9e,0xef9e,0xef9e,0xef9e,0xef9e,0xef9e,0xef9e,
  0xdf5e,0x1419,0x03d8,0x03d8,0x5d3b,0xef9e,0xef9e,0xef9e,0xef9e,0xef9e,0xef9e,0xef9e,0xef9e,0xef9e,0xef9e,0xef9e,
  0xef9e,0xef9e,0xef7e,0xffff,0xffff,0xdefc,0xdedb,0xffdf,0xf7be,0xef5d,0xdedb,0xf79e,0xffff,0xffff,0xffff,0xffff,
  0xffff,0xffff,0xffff,0xffff,0xffff,0xef7e,0xef9e,0xef9e,0xef7e,0xffff,0xffff,0xffff,0xffff,0xffff,0xffff,0xffff,
  0xffff,0xffff,0xffff,0xffff,0xf7bf,0xef9e,0xef9e,0xef9e,0xef9e,0xef9e,0xef9e,0xef9e,0xef9e,0xef9e,0xef9e,0xef9e,
  0xef9e,0xef9e,0xef9e,0xef9e,0xef9e,0xef9e,0xef9e,0xef9e,0xef9e,0xef9e,0xef9e,0xef9e,0xef9e,0xef9e,0xef9e,0xef9e,
  0xef9e,0xef9e,0xef9e,0xef9e,0xef9e,0xef9e,0xef9e,0xef9e,0xef9e,0xef9e,0xef9e,0xef9e,0xef9e,0xef9e,0xef9e,0xef9e,
  0xe77e,0x44da,0x0c19,0x0bf9,0x5d3b,0xef7e,0xef9e,0xef9e,0xef9e,0xef9e,0xef9e,0xef9e,0xef9e,0xef9e,0xef9e,0xef9e,
  0xef9e,0xef9e,0xef7e,0xffff,0xffff,0xdedb,0x52cb,0xf7df,0xd6ba,0x630c,0xf7be,0xffff,0xffff,0xffff,0xffff,0xffff,
  0xffff,0xffff,0xffff,0xffff,0xffff,0xef7e,0xef9e,0xef9e,0xef7e,0xffff,0xffff,0xffff,0xffff,0xffff,0xffff,0xffff,
  0xffff,0xffff,0xffff,0xffff,0xf7bf,0xef9e,0xef9e,0xef9e,0xef9e,0xef9e,0xef9e,0xef9e,0xef9e,0xef9e,0xef9e,0xef9e,
  0xef9e,0xef9e,0xef9e,0xef9e,0xef9e,0xef9e,0xef9e,0xef9e,0xef9e,0xef9e,0xef9e,0xef9e,0xef9e,0xef9e,0xef9e,0xef9e,
  0xef9e,0xef9e,0xef9e,0xef9e,0xef9e,0xef9e,0xef9e,0xef9e,0xef9e,0xef9e,0xef9e,0xef9e,0xef9e,0xef9e,0xef9e,0xef9e,
  0xe77e,0xa67d,0xa67d,0x85fc,0x963c,0xef9e,0xef9e,0xef9e,0xef9e,0xef9e,0xef9e,0xef9e,0xef9e,0xef9e,0xef9e,0xef9e,
  0xef9e,0xef9e,0xef7e,0xffff,0xffff,0xe73c,0x5aeb,0xf7be,0xdefb,0x634d,0xf79e,0xffff,0xffff,0xffff,0xffff,0xffff,
  0xffff,0xffff,0xffff,0xffff,0xffff,0xef7e,0xef9e,0xef9e,0xef7e,0xffff,0xffff,0xffff,0xffff,0xffff,0xffff,0xffff,
  0xffff,0xffff,0xffff,0xffff,0xf7bf,0xef9e,0xef9e,0xef9e,0xef9e,0xef9e,0xef9e,0xef9e,0xef9e,0xef9e,0xef9e,0xef7e,
  0xe75d,0xdf1c,0xce7a,0xce9a,0xef9e,0xef9e,0xef9e,0xef9e,0xef9e,0xef9e,0xef9e,0xef9e,0xef9e,0xef9e,0xef9e,0xef9e,
  0xef9e,0xef7e,0xe75d,0xe75d,0xe75d,0xe75d,0xef9e,0xef9e,0xef9e,0xef9e,0xef9e,0xef9e,0xef9e,0xef9e,0xef9e,0xef9e,
  0xdf5e,0x1439,0x0c19,0x2479,0x963c,0xef9e,0xef9e,0xef9e,0xef9e,0xef9e,0xef9e,0xef9e,0xef9e,0xef9e,0xef9e,0xef9e,
  0xef9e,0xef9e,0xef7e,0xffff,0xffff,0xffff,0xffff,0xffff,0xffff,0xffff,0xffff,0xffff,0xffff,0xffff,0xffff,0xffff,
  0xffff,0xffff,0xffff,0xffff,0xffff,0xef7e,0xef9e,0xef9e,0xef7e,0xffff,0xffff,0xffff,0xffff,0xffff,0xffff,0xffff,
  0xffff,0xffff,0xffff,0xffff,0xf7bf,0xef9e,0xef9e,0xef9e,0xef9e,0xef9e,0xef9e,0xef9e,0xef9e,0xef7e,0xc659,0x5aec,
  0x2145,0x0882,0x0021,0x31a7,0xe75d,0xef9e,0xef9e,0xef9e,0xef9e,0xef9e,0xef9e,0xef9e,0xef9e,0xef9e,0xef9e,0xef9e,
  0xef9e,0x9cf4,0x31c7,0x31c7,0x31c7,0x4229,0xe73d,0xef9e,0xef9e,0xef9e,0xef9e,0xef9e,0xef9e,0xef9e,0xef9e,0xef9e,
  0xdf5e,0x1419,0x03d8,0x03d8,0x553b,0xef7e,0xef9e,0xef9e,0xef9e,0xef9e,0xef9e,0xef9e,0xef9e,0xef9e,0xef9e,0xef9e,
  0xef9e,0xef9e,0xef7e,0xffff,0xffff,0xffff,0xffff,0xffff,0xffff,0xffff,0xffdf,0xce79,0xffff,0xffff,0xffff,0xffff,
  0xffff,0xffff,0xffff,0xffff,0xffff,0xef7e,0xef9e,0xef9e,0xef7e,0xffff,0xffff,0xffff,0xffff,0xffff,0xffff,0xffff,
  0xffff,0xffff,0xffff,0xffff,0xf7bf,0xef9e,0xef9e,0xef9e,0xef9e,0xef9e,0xef9e,0xef9e,0xef7e,0x8c92,0x0862,0x0021,
  0x0021,0x0021,0x0021,0x31a7,0xe75d,0xef9e,0xef9e,0xef9e,0xef9e,0xef9e,0xef9e,0xef9e,0xef9e,0xef9e,0xef9e,0xef9e,
  0xef7e,0x73cf,0x0041,0x0021,0x0021,0x0882,0xdefc,0xef9e,0xef9e,0xef9e,0xef9e,0xef9e,0xef9e,0xef9e,0xef9e,0xef9e,
  0xe77e,0x2479,0x03d8,0x03d8,0x553b,0xef7e,0xef9e,0xef9e,0xef9e,0xef9e,0xef9e,0xef9e,0xef9e,0xef9e,0xef9e,0xef9e,
  0xef9e,0xef9e,0xef7e,0xffff,0xffff,0xf79e,0xe73c,0xe73c,0xe73c,0xe73c,0xdefb,0x10a3,0xdedb,0xffff,0xffff,0xffff,
  0xffff,0xffff,0xffff,0xffff,0xffff,0xef7e,0xef9e,0xef9e,0xef7e,0xffff,0xffff,0xffff,0xffff,0xffff,0xffff,0xffff,
  0xffff,0xffff,0xffff,0xffff,0xf7bf,0xef9e,0xef9e,0xef9e,0xef9e,0xef9e,0xef9e,0xef9e,0x8c72,0x0862,0x0021,0x0021,
  0x0021,0x0021,0x0021,0x31a7,0xe75d,0xef9e,0xef9e,0xef9e,0xef9e,0xef9e,0xef9e,0xef9e,0xef9e,0xef9e,0xef9e,0xef9e,
  0xef7e,0x73cf,0x0021,0x0021,0x0021,0x0882,0xdefc,0xef9e,0xef9e,0xef9e,0xef9e,0xef9e,0xef9e,0xef9e,0xef9e,0xef9e,
  0xe77e,0xdf5e,0xbedd,0x759b,0x75bb,0xef9e,0xef9e,0xef9e,0xef9e,0xef9e,0xef9e,0xef9e,0xef9e,0xef9e,0xef9e,0xef9e,
  0xef9e,0xef9e,0xef7e,0xffff,0xffdf,0x738e,0x2125,0x2125,0x2125,0x2125,0x1904,0x1082,0xb596,0xffff,0xffff,0xffff,
  0xffff,0xffff,0xffff,0xffff,0xffff,0xef7e,0xef9e,0xef9e,0xef7e,0xffff,0xffff,0xffff,0xffff,0xffff,0xffff,0xffff,
  0xffff,0xffff,0xffff,0xffff,0xf7bf,0xef9e,0xef9e,0xef9e,0xef9e,0xef9e,0xef9e,0xdf1c,0x2125,0x0021,0x0021,0x0021,
  0x0021,0x0021,0x0021,0x31a7,0xe75d,0xef9e,0xef9e,0xef9e,0xef9e,0xef7e,0xce7a,0x634d,0xdefc,0xef9e,0xef9e,0xef9e,
  0xef7e,0x73cf,0x0021,0x0021,0x0021,0x0882,0xdefc,0xef9e,0xef9e,0xef9e,0xef9e,0xef9e,0xef9e,0xef9e,0xef9e,0xef9e,
  0xe77e,0x2c79,0x34ba,0x5d3b,0xae7d,0xef9e,0xef9e,0xef9e,0xef9e,0xef9e,0xef9e,0xef9e,0xef9e,0xef9e,0xef9e,0xef9e,
  0xef9e,0xef9e,0xef7e,0xffff,0xffff,0xd6bb,0xc618,0xbdf8,0xbdf8,0xbdf8,0xbdf8,0xc618,0xef5d,0xffff,0xffff,0xffff,
  0xffff,0xffff,0xffff,0xffff,0xffff,0xef7e,0xef9e,0xef9e,0xef7e,0xffff,0xffff,0xffff,0xffff,0xffff,0xffff,0xffff,
  0xffff,0xffff,0xffff,0xffff,0xf7bf,0xef9e,0xef9e,0xef9e,0xef9e,0xef9e,0xef9e,0x73af,0x0041,0x0021,0x0021,0x0021,
  0x0021,0x0041,0x0882,0x4229,0xe75d,0xef9e,0xef9e,0xef9e,0xef7e,0xb5b7,0x18e4,0x0041,0x4a6a,0xdefc,0xef9e,0xef9e,
  0xef7e,0x73cf,0x0021,0x0021,0x0021,0x0882,0xdefc,0xef9e,0xef9e,0xef9e,0xef9e,0xef9e,0xef9e,0xef9e,0xef9e,0xef9e,
  0xdf5e,0x1419,0x03d8,0x03d8,0x5d3b,0xef9e,0xef9e,0xef9e,0xef9e,0xef9e,0xef9e,0xef9e,0xef9e,0xef9e,0xef9e,0xef9e,
  0xef9e,0xef9e,0xef7e,0xffff,0xffff,0xffff,0xf7be,0xf7be,0xf7df,0xffdf,0xf7be,0xffdf,0xffff,0xffff,0xffff,0xffff,
  0xffff,0xffff,0xffff,0xffff,0xffff,0xef7e,0xef9e,0xef9e,0xef7e,0xffff,0xffff,0xffff,0xffff,0xffff,0xffff,0xffff,
  0xffff,0xffff,0xffff,0xffff,0xf7bf,0xef9e,0xef9e,0xef9e,0xef9e,0xef9e,0xef7e,0x0882,0x0021,0x0021,0x0021,0x0021,
  0x1904,0x94b3,0xce7a,0xdf1c,0xef9e,0xef9e,0xef9e,0xef9e,0xad96,0x10a3,0x0021,0x0021,0x0021,0x2986,0xdefc,0xef9e,
  0xef7e,0x73cf,0x0021,0x0021,0x0021,0x0882,0xdefc,0xef9e,0xef9e,0xef9e,0xef9e,0xef9e,0xef9e,0xef9e,0xef9e,0xef9e,
  0xe77e,0x1439,0x03f8,0x03f8,0x553b,0xef7e,0xef9e,0xef9e,0xef9e,0xef9e,0xef9e,0xef9e,0xef9e,0xef9e,0xef9e,0xef9e,
  0xef9e,0xef9e,0xef7e,0xffff,0xffff,0xef5d,0x5aec,0x3a08,0x6b8e,0x6b8e,0x4228,0x8451,0xffdf,0xffff,0xffff,0xffff,
  0xffff,0xffff,0xffff,0xffff,0xffff,0xef7e,0xef9e,0xef9e,0xef7e,0xffff,0xffff,0xffff,0xffff,0xffff,0xffff,0xffff,
  0xffff,0xffff,0xffff,0xffff,0xf7bf,0xef9e,0xef9e,0xef9e,0xef9e,0xef9e,0xce9a,0x0882,0x0021,0x0021,0x0021,0x2145,
  0xd6db,0xef9e,0xef9e,0xef9e,0xef9e,0xef9e,0xef9e,0xef9e,0x7c10,0x0041,0x0021,0x0021,0x0021,0x0021,0x4229,0xd6db,
  0xef7e,0x73cf,0x0021,0x0021,0x0021,0x0882,0xdefc,0xef9e,0xef9e,0xef9e,0xef9e,0xef9e,0xef9e,0xef9e,0xef9e,0xef9e,
  0xef9e,0xb69d,0x85dc,0x4cfa,0x657b,0xef9e,0xef9e,0xef9e,0xef9e,0xef9e,0xef9e,0xef9e,0xef9e,0xef9e,0xef9e,0xef9e,
  0xef9e,0xef9e,0xef7e,0xffff,0xffdf,0x7bf0,0x2145,0x73af,0x2125,0x2125,0x6b6e,0x10c3,0xce59,0xffff,0xffff,0xffff,
  0xffff,0xffff,0xffff,0xffff,0xffff,0xef7e,0xef9e,0xef9e,0xef7e,0xffff,0xffff,0xffff,0xffff,0xffff,0xffff,0xffff,
  0xffff,0xffff,0xffff,0xffff,0xf7bf,0xef9e,0xef9e,0xef9e,0xef9e,0xef9e,0xc659,0x0862,0x0021,0x0021,0x0041,0x634d,
  0xef7e,0xef9e,0xef9e,0xef9e,0xef9e,0xef9e,0xef9e,0xef9e,0xd6db,0x0882,0x0021,0x0021,0x0021,0x0021,0x0021,0x3a08,
  0xce9a,0x73cf,0x0021,0x0021,0x0021,0x0882,0xdefc,0xef9e,0xef9e,0xef9e,0xef9e,0xef9e,0xef9e,0xef9e,0xef9e,0xef9e,
  0xe75e,0x349a,0x5d5b,0x963c,0xcf1d,0xef9e,0xef9e,0xef9e,0xef9e,0xef9e,0xef9e,0xef9e,0xef9e,0xef9e,0xef9e,0xef9e,
  0xef9e,0xef9e,0xef7e,0xffff,0xffdf,0x634d,0x4208,0xd6ba,0x3a08,0x3a08,0xce59,0x1904,0xb5b6,0xffff,0xffff,0xffff,
  0xffff,0xffff,0xffff,0xffff,0xffff,0xef7e,0xef9e,0xef9e,0xef7e,0xffff,0xffff,0xffff,0xffff,0xffff,0xffff,0xffff,
  0xffff,0xffff,0xffff,0xffff,0xf7bf,0xef9e,0xef9e,0xef9e,0xef9e,0xef9e,0xc659,0x0862,0x0021,0x0021,0x0021,0x5aec,
  0xef7e,0xef9e,0xef9e,0xef9e,0xef9e,0xef9e,0xef9e,0xef9e,0xce9a,0x0882,0x0021,0x0021,0x0021,0x0021,0x0021,0x0041,
  0x18e4,0x5aec,0x0021,0x0021,0x0021,0x0882,0xdefc,0xef9e,0xef9e,0xef9e,0xef9e,0xef9e,0xef9e,0xef9e,0xef9e,0xef9e,
  0xdf5e,0x1419,0x03d8,0x0bf9,0x5d5b,0xef9e,0xef9e,0xef9e,0xef9e,0xef9e,0xef9e,0xef9e,0xef9e,0xef9e,0xef9e,0xef9e,
  0xef9e,0xef9e,0xef7e,0xffff,0xffff,0xce9a,0x2986,0x2104,0x39e8,0x4229,0x1904,0x528a,0xf79e,0xffff,0xffff,0xffff,
  0xffff,0xffff,0xffff,0xffff,0xffff,0xef7e,0xef9e,0xef9e,0xef7e,0xffff,0xffff,0xffff,0xffff,0xffff,0xffff,0xffff,
  0xffff,0xffff,0xffff,0xffff,0xf7bf,0xef9e,0xef9e,0xef9e,0xef9e,0xef9e,0xdedb,0x0882,0x0021,0x0021,0x0021,0x10a3,
  0xa555,0xe75d,0xef7e,0xef9e,0xef9e,0xef9e,0xef7e,0xdefc,0x4a8a,0x0041,0x0021,0x0021,0x0021,0x0021,0x0021,0x0021,
  0x0021,0x0862,0x0021,0x0021,0x0021,0x0882,0xdefc,0xef9e,0xef9e,0xef9e,0xef9e,0xef9e,0xef9e,0xef9e,0xef9e,0xef9e,
  0xe75e,0x1419,0x03d8,0x03d8,0x553b,0xef7e,0xef9e,0xef9e,0xef9e,0xef9e,0xef9e,0xef9e,0xef9e,0xef9e,0xef9e,0xef9e,
  0xef9e,0xef9e,0xef7e,0xffff,0xffff,0xffff,0xe73c,0xce59,0xef5d,0xef7d,0xd69a,0xf79e,0xffff,0xffff,0xffff,0xffff,
  0xffff,0xffff,0xffff,0xffff,0xffff,0xef7e,0xef9e,0xef9e,0xef7e,0xffff,0xffff,0xffff,0xffff,0xffff,0xffff,0xffff,
  0xffff,0xffff,0xffff,0xffff,0xf7bf,0xef9e,0xef9e,0xef9e,0xef9e,0xef9e,0xef9e,0x2145,0x0021,0x0021,0x0021,0x0021,
  0x10a3,0x52ab,0x8431,0x94d3,0x9cf3,0x8c92,0x6b6e,0x1904,0x0041,0x0021,0x0021,0x10c3,0x1904,0x0021,0x0021,0x0021,
  0x0021,0x0021,0x0021,0x0021,0x0021,0x0882,0xdefc,0xef9e,0xef9e,0xef9e,0xef9e,0xef9e,0xef9e,0xef9e,0xef9e,0xef9e,
  0xe77e,0x7ddc,0x44fa,0x2c99,0x657b,0xef9e,0xef9e,0xef9e,0xef9e,0xef9e,0xef9e,0xef9e,0xef9e,0xef9e,0xef9e,0xef9e,
  0xef9e,0xef9e,0xef7e,0xffff,0xffff,0xffff,0xffff,0xffff,0xffff,0xffff,0xffff,0xffff,0xffff,0xffff,0xffff,0xffff,
  0xffff,0xffff,0xffff,0xffff,0xffff,0xef7e,0xef9e,0xef9e,0xef7e,0xffff,0xffff,0xffff,0xffff,0xffff,0xffff,0xffff,
  0xffff,0xffff,0xffff,0xffff,0xf7bf,0xef9e,0xef9e,0xef9e,0xef9e,0xef9e,0xef9e,0x9d14,0x0862,0x0021,0x0021,0x0021,
  0x0021,0x0021,0x0021,0x0021,0x0021,0x0021,0x0021,0x0021,0x0021,0x0021,0x0041,0x634d,0xbdf8,0x0882,0x0021,0x0021,
  0x0021,0x0021,0x0021,0x0021,0x0021,0x0882,0xdefc,0xef9e,0xef9e,0xef9e,0xef9e,0xc63a,0xef7e,0xcebb,0xef9e,0xef9e,
  0xe77e,0x4cfa,0x961c,0xcf1e,0xdf5e,0xef9e,0xef9e,0xef9e,0xef9e,0xef9e,0xef9e,0xef9e,0xef9e,0xef9e,0xef9e,0xef9e,
  0xef9e,0xef9e,0xef7e,0xffff,0xffff,0xffff,0xffff,0xffff,0xffff,0xffff,0xffff,0xffff,0xffff,0xffff,0xffff,0xffff,
  0xffff,0xffff,0xffff,0xffff,0xffff,0xef7e,0xef9e,0xef9e,0xef7e,0xffff,0xffff,0xffff,0xffff,0xffff,0xffff,0xffff,
  0xffff,0xffff,0xffff,0xffff,0xf7bf,0xef9e,0xef9e,0xef9e,0xef9e,0xef9e,0xef9e,0xe75d,0x3a08,0x0021,0x0021,0x0021,
  0x0021,0x0021,0x0021,0x0021,0x0021,0x0021,0x0021,0x0021,0x0021,0x0021,0x0862,0xbdf8,0xef9e,0xc659,0x2986,0x0021,
  0x0021,0x0021,0x0021,0x0021,0x0021,0x0882,0xdefc,0xef9e,0xef9e,0xef9e,0xef7e,0xbe19,0xbe39,0xc65a,0xef9e,0xef9e,
  0xdf5e,0x1419,0x03d8,0x0bf9,0x6d7b,0xef9e,0xef9e,0xef9e,0xef9e,0xef9e,0xef9e,0xef9e,0xef9e,0xef9e,0xef9e,0xef9e,
  0xef9e,0xef9e,0xef7e,0xffff,0xffff,0xffff,0xffff,0xffff,0xffff,0xffff,0xffff,0xffff,0xffff,0xffff,0xffff,0xffff,
  0xffff,0xffff,0xffff,0xffff,0xffff,0xef7e,0xef9e,0xef9e,0xef7e,0xffff,0xffff,0xffff,0xffff,0xffff,0xffff,0xffff,
  0xffff,0xffff,0xffff,0xffff,0xf7bf,0xef9e,0xef9e,0xef9e,0xef9e,0xef9e,0xef9e,0xef9e,0xc659,0x31a7,0x0021,0x0021,
  0x0021,0x0021,0x0021,0x0021,0x0021,0x0021,0x0021,0x0021,0x0021,0x0882,0x73cf,0xef9e,0xef9e,0xef9e,0xce9a,0x3a08,
  0x0021,0x0021,0x0021,0x0021,0x0021,0x0882,0xdefc,0xef9e,0xef9e,0xef9e,0xef7e,0xc67a,0xc65a,0xd6bb,0xef9e,0xef9e,
  0xdf5e,0x1419,0x03d8,0x03d8,0x553b,0xef7e,0xef9e,0xef9e,0xef9e,0xef9e,0xef9e,0xef9e,0xef9e,0xef9e,0xef9e,0xef9e,
  0xef9e,0xef9e,0xef7e,0xffff,0xffff,0xffff,0xffff,0xffff,0xffff,0xffff,0xffff,0xffff,0xffff,0xffff,0xffff,0xffff,
  0xffff,0xffff,0xffff,0xffff,0xffff,0xef7e,0xef9e,0xef9e,0xef7e,0xffff,0xffff,0xffff,0xffff,0xffff,0xffff,0xffff,
  0xffff,0xffff,0xffff,0xffff,0xf7bf,0xef9e,0xef9e,0xef9e,0xef9e,0xef9e,0xef9e,0xef9e,0xef9e,0xdefc,0x5aec,0x0882,
  0x0021,0x0021,0x0021,0x0021,0x0021,0x0021,0x0021,0x0041,0x10c3,0x94d3,0xef7e,0xef9e,0xef9e,0xef9e,0xef9e,0xdefc,
  0x31a7,0x0021,0x0021,0x0021,0x0021,0x0882,0xdefc,0xef9e,0xef9e,0xef9e,0xef9e,0xb5d8,0xbe19,0xc65a,0xef9e,0xef9e,
  0xe77e,0x553b,0x1419,0x0bf9,0x5d3b,0xef9e,0xef9e,0xef9e,0xef9e,0xef9e,0xef9e,0xef9e,0xef9e,0xef9e,0xef9e,0xef9e,
  0xef9e,0xef9e,0xef7e,0xffff,0xffff,0xffff,0xffff,0xffff,0xffff,0xffff,0xffff,0xffff,0xffff,0xffff,0xffff,0xffff,
  0xffff,0xffff,0xffff,0xffff,0xffff,0xef7e,0xef9e,0xef9e,0xef7e,0xffff,0xffff,0xffff,0xffff,0xffff,0xffff,0xffff,
  0xffff,0xffff,0xffff,0xffff,0xf7bf,0xef9e,0xef9e,0xef9e,0xef9e,0xef9e,0xef9e,0xef9e,0xef9e,0xef9e,0xe75d,0xc639,
  0x8c92,0x5b0c,0x3a08,0x31a7,0x31c7,0x4229,0x6b6e,0x9cf4,0xce9a,0xef7e,0xef9e,0xef9e,0xef9e,0xef9e,0xef9e,0xef9e,
  0xdf1c,0x73af,0x4a6a,0x4a6a,0x4a6a,0x5aec,0xe73d,0xef9e,0xef9e,0xef9e,0xef9e,0xef7e,0xe75d,0xef7e,0xef9e,0xef9e,
  0xe77e,0x75bb,0x963c,0xae7d,0xbedd,0xef9e,0xef9e,0xef9e,0xef9e,0xef9e,0xef9e,0xef9e,0xef9e,0xef9e,0xef9e,0xef9e,
  0xef9e,0xef9e,0xef7e,0xffff,0xffff,0xffff,0xffff,0xffff,0xffff,0xffff,0xffff,0xffff,0xffff,0xffff,0xffff,0xffff,
  0xffff,0xffff,0xffff,0xffff,0xffff,0xef7e,0xef9e,0xef9e,0xef7e,0xffff,0xffff,0xffff,0xffff,0xffff,0xffff,0xffff,
  0xffff,0xffff,0xffff,0xffff,0xf7bf,0xef9e,0xef9e,0xef9e,0xef9e,0xef9e,0xef9e,0xef9e,0xef9e,0xef9e,0xef9e,0xef9e,
  0xef9e,0xef7e,0xe75d,0xe73d,0xe73d,0xe75d,0xef7e,0xef9e,0xef9e,0xef9e,0xef9e,0xef9e,0xef9e,0xef9e,0xef9e,0xef9e,
  0xef9e,0xef7e,0xe75d,0xe75d,0xe75d,0xef7e,0xef9e,0xef9e,0xef9e,0xef9e,0xef9e,0xef9e,0xef9e,0xef9e,0xef9e,0xef9e,
  0xdf5e,0x1419,0x0bf9,0x1c39,0x85dc,0xef9e,0xef9e,0xef9e,0xef9e,0xef9e,0xef9e,0xef9e,0xef9e,0xef9e,0xef9e,0xef9e,
  0xef9e,0xef9e,0xef7e,0xffff,0xffff,0xffff,0xffff,0xffff,0xffff,0xffff,0xffff,0xffff,0xffff,0xffff,0xffff,0xffff,
  0xffff,0xffff,0xffff,0xffff,0xffff,0xef7e,0xef9e,0xef9e,0xef7e,0xffff,0xffff,0xffff,0xffff,0xffff,0xffff,0xffff,
  0xffff,0xffff,0xffff,0xffff,0xf7bf,0xef9e,0xef9e,0xef9e,0xef9e,0xef9e,0xef9e,0xef9e,0xef9e,0xef9e,0xef9e,0xef9e,
  0xef9e,0xef9e,0xef9e,0xef9e,0xef9e,0xef9e,0xef9e,0xef9e,0xef9e,0xef9e,0xef9e,0xef9e,0xef9e,0xef9e,0xef9e,0xef9e,
  0xef9e,0xef9e,0xef9e,0xef9e,0xef9e,0xef9e,0xef9e,0xef9e,0xef9e,0xef9e,0xef9e,0xef9e,0xef9e,0xef9e,0xef9e,0xef9e,
  0xdf5e,0x1419,0x03d8,0x03d8,0x553b,0xef7e,0xef9e,0xef9e,0xef9e,0xef9e,0xef9e,0xef9e,0xef9e,0xef9e,0xef9e,0xef9e,
  0xef9e,0xef9e,0xef7e,0xffff,0xffff,0xffff,0xffff,0xffff,0xffff,0xffff,0xffff,0xffff,0xffff,0xffff,0xffff,0xffff,
  0xffff,0xffff,0xffff,0xffff,0xffff,0xef7e,0xef9e,0xef9e,0xef7e,0xffff,0xffff,0xffff,0xffff,0xffff,0xffff,0xffff,
  0xffff,0xffff,0xffff,0xffff,0xf7bf,0xef9e,0xef9e,0xef9e,0xef9e,0xef9e,0xef9e,0xef9e,0xef9e,0xef9e,0xef9e,0xef9e,
  0xef9e,0xef9e,0xef9e,0xef9e,0xef9e,0xef9e,0xef9e,0xef9e,0xef9e,0xef9e,0xef9e,0xef9e,0xef9e,0xef9e,0xef9e,0xef9e,
  0xef9e,0xef9e,0xef9e,0xef9e,0xef9e,0xef9e,0xef9e,0xef9e,0xef9e,0xef9e,0xef9e,0xef9e,0xef9e,0xef9e,0xef9e,0xef9e,
  0xe77e,0x3cba,0x03d8,0x03f8,0x5d3b,0xef9e,0xef9e,0xef9e,0xef9e,0xef9e,0xef9e,0xef9e,0xef9e,0xef9e,0xef9e,0xef9e,
  0xef9e,0xef9e,0xef7e,0xffff,0xffff,0xffff,0xffff,0xffff,0xffff,0xffff,0xffff,0xffff,0xffff,0xffff,0xffff,0xffff,
  0xffff,0xffff,0xffff,0xffff,0xffff,0xef7e,0xef9e,0xef9e,0xef7e,0xffff,0xffff,0xffff,0xffff,0xffff,0xffff,0xffff,
  0xffff,0xffff,0xffff,0xffff,0xf7bf,0xef9e,0xef9e,0xef9e,0xef9e,0xef9e,0xef9e,0xef9e,0xef9e,0xef9e,0xef9e,0xef9e,
  0xef9e,0xef9e,0xef9e,0xef9e,0xef9e,0xef9e,0xef9e,0xef9e,0xef9e,0xef9e,0xef9e,0xef9e,0xef9e,0xef9e,0xef9e,0xef9e,
  0xef9e,0xef9e,0xef9e,0xef9e,0xef9e,0xef9e,0xef9e,0xef9e,0xef9e,0xef9e,0xef9e,0xef9e,0xef9e,0xef9e,0xef9e,0xef9e,
  0xe77e,0xae9d,0xb6bd,0x963c,0x9e3c,0xef9e,0xef9e,0xef9e,0xef9e,0xef9e,0xef9e,0xef9e,0xef9e,0xef9e,0xef9e,0xef9e,
  0xef9e,0xef9e,0xef7e,0xffff,0xffff,0xffff,0xffff,0xffff,0xffff,0xffff,0xffff,0xffff,0xffff,0xffff,0xffff,0xffff,
  0xffff,0xffff,0xffff,0xffff,0xffff,0xef7e,0xef9e,0xef9e,0xef7e,0xffff,0xffff,0xffff,0xffff,0xffff,0xffff,0xffff,
  0xffff,0xffff,0xffff,0xffff,0xf7bf,0xef9e,0xef9e,0xef9e,0xef9e,0xef9e,0xef9e,0xef9e,0xef9e,0xef9e,0xef9e,0xe75d,
  0xce7a,0x8431,0xa555,0xef7e,0xef9e,0xdefc,0x6b4d,0x632d,0x632d,0x632d,0x632d,0x632d,0x632d,0x632d,0x632d,0x632d,
  0x632d,0x632d,0x632d,0x632d,0x632d,0x73af,0xe75d,0xef9e,0xef9e,0xef9e,0xef9e,0xef9e,0xef9e,0xef9e,0xef9e,0xef9e,
  0xe77e,0x1439,0x0bf9,0x1c39,0x8e1c,0xef9e,0xef9e,0xef9e,0xef9e,0xef9e,0xef9e,0xef9e,0xef9e,0xef9e,0xef9e,0xef9e,
  0xef9e,0xef9e,0xef7e,0xffff,0xffff,0xffff,0xffff,0xffff,0xffff,0xffff,0xffff,0xffff,0xffff,0xffff,0xffff,0xffff,
  0xffff,0xffff,0xffff,0xffff,0xffff,0xef7e,0xef9e,0xef9e,0xef7e,0xffff,0xffff,0xffff,0xffff,0xffff,0xffff,0xffff,
  0xffff,0xffff,0xffff,0xffff,0xf7bf,0xef9e,0xef9e,0xef9e,0xef9e,0xef9e,0xef9e,0xef9e,0xef9e,0xdf1c,0x8431,0x31a7,
  0x10a3,0x0041,0x5aec,0xef7e,0xef9e,0xad76,0x0862,0x0041,0x0041,0x0041,0x0041,0x0041,0x0041,0x0041,0x0041,0x0041,
  0x0041,0x0041,0x0041,0x0041,0x0041,0x10a3,0xdf1c,0xef9e,0xef9e,0xef9e,0xef9e,0xef9e,0xef9e,0xef9e,0xef9e,0xef9e,
  0xdf5e,0x1419,0x03d8,0x03d8,0x5d3b,0xef9e,0xef9e,0xef9e,0xef9e,0xef9e,0xef9e,0xef9e,0xef9e,0xef9e,0xef9e,0xef9e,
  0xef9e,0xef9e,0xef7e,0xffff,0xffff,0xffff,0xffff,0xffff,0xffff,0xffff,0xffff,0xffff,0xffff,0xffff,0xffff,0xffff,
  0xffff,0xffff,0xffff,0xffff,0xffff,0xef7e,0xef9e,0xef9e,0xef7e,0xffff,0xffff,0xffff,0xffff,0xffff,0xffff,0xffff,
  0xffff,0xffff,0xffff,0xffff,0xf7bf,0xef9e,0xef9e,0xef9e,0xef9e,0xef9e,0xef9e,0xef9e,0xdedb,0x52cb,0x0862,0x0021,
  0x0021,0x0021,0x52cb,0xe75d,0xef9e,0xad76,0x0041,0x0021,0x0021,0x0021,0x0021,0x0021,0x0021,0x0021,0x0021,0x0021,
  0x0021,0x0021,0x0021,0x0021,0x0021,0x0882,0xdefc,0xef9e,0xef9e,0xef9e,0xef9e,0xef9e,0xef9e,0xef9e,0xef9e,0xef9e,
  0xe77e,0x2c79,0x0bf9,0x0bf9,0x5d3b,0xef7e,0xef9e,0xef9e,0xef9e,0xef9e,0xef9e,0xef9e,0xef9e,0xef9e,0xef9e,0xef9e,
  0xef9e,0xef9e,0xef7e,0xffff,0xffff,0xffff,0xffff,0xffff,0xffff,0xffff,0xffff,0xffff,0xffff,0xffff,0xffff,0xffff,
  0xffff,0xffff,0xffff,0xffff,0xffff,0xef7e,0xef9e,0xef9e,0xef7e,0xffff,0xffff,0xffff,0xffff,0xffff,0xffff,0xffff,
  0xffff,0xffff,0xffff,0xffff,0xf7bf,0xef9e,0xef9e,0xef9e,0xef9e,0xef9e,0xef9e,0xef7e,0x52cb,0x0041,0x0021,0x0021,
  0x0021,0x0021,0x52cb,0xe75d,0xef9e,0xad76,0x0041,0x0021,0x0021,0x0021,0x0021,0x0021,0x0021,0x0021,0x0021,0x0021,
  0x0021,0x0021,0x0021,0x0021,0x0021,0x0882,0xdefc,0xef9e,0xef9e,0xef9e,0xef9e,0xef9e,0xef9e,0xef9e,0xef9e,0xef9e,
  0xe77e,0xdf5e,0xb6bd,0x657b,0x6d9b,0xef9e,0xef9e,0xef9e,0xef9e,0xef9e,0xef9e,0xef9e,0xef9e,0xef9e,0xef9e,0xef9e,
  0xef9e,0xef9e,0xef7e,0xffff,0xffff,0xffff,0xffff,0xffff,0xffff,0xffff,0xffff,0xffff,0xffff,0xffff,0xffff,0xffff,
  0xffff,0xffff,0xffff,0xffff,0xffff,0xef7e,0xef9e,0xef9e,0xef7e,0xffff,0xffff,0xffff,0xffff,0xffff,0xffff,0xffff,
  0xffff,0xffff,0xffff,0xffff,0xf7bf,0xef9e,0xef9e,0xef9e,0xef9e,0xef9e,0xef9e,0xbe18,0x10a3,0x0021,0x0021,0x0021,
  0x0021,0x0021,0x52cb,0xe75d,0xef9e,0xad76,0x0041,0x0021,0x0021,0x0021,0x0021,0x0021,0x0021,0x0021,0x0021,0x0021,
  0x0021,0x0021,0x0021,0x0021,0x0021,0x0882,0xdefc,0xef9e,0xef9e,0xef9e,0xef9e,0xef9e,0xef9e,0xef9e,0xef9e,0xef9e,
  0xdf5e,0x2459,0x34ba,0x655b,0xb69d,0xef9e,0xef9e,0xef9e,0xef9e,0xef9e,0xef9e,0xef9e,0xef9e,0xef9e,0xef9e,0xef9e,
  0xef9e,0xef9e,0xef7e,0xffff,0xffff,0xffff,0xffff,0xffff,0xffff,0xffff,0xffff,0xffff,0xffff,0xffff,0xffff,0xffff,
  0xffff,0xffff,0xffff,0xffff,0xffff,0xef7e,0xef9e,0xef9e,0xef7e,0xffff,0xffff,0xffff,0xffff,0xffff,0xffff,0xffff,
  0xffff,0xffff,0xffff,0xffff,0xf7bf,0xef9e,0xef9e,0xef9e,0xef9e,0xef9e,0xef9e,0x4249,0x0021,0x0021,0x0021,0x0021,
  0x0021,0x0882,0x73af,0xef7e,0xef9e,0xb5d7,0x0862,0x0021,0x0021,0x0021,0x0021,0x2966,0x31a7,0x31c7,0x31c7,0x31c7,
  0x31a7,0x18e4,0x0021,0x0021,0x0021,0x0882,0xdefc,0xef9e,0xef9e,0xef9e,0xef9e,0xef9e,0xef9e,0xef9e,0xef9e,0xef9e,
  0xdf5e,0x1419,0x03d8,0x03d8,0x5d3b,0xef9e,0xef9e,0xef9e,0xef9e,0xef9e,0xef9e,0xef9e,0xef9e,0xef9e,0xef9e,0xef9e,
  0xef9e,0xef9e,0xef7e,0xffff,0xffff,0xffff,0xef7e,0xef7e,0xef7e,0xef7e,0xef7e,0xef7e,0xef7e,0xef7e,0xef7e,0xef7e,
  0xef7e,0xef7e,0xffff,0xffff,0xffff,0xef7e,0xef9e,0xef9e,0xef7e,0xffff,0xffff,0xffff,0xffff,0xffff,0xffff,0xffff,
  0xffff,0xffff,0xffff,0xffff,0xf7bf,0xef9e,0xef9e,0xef9e,0xef9e,0xef9e,0xe73d,0x0882,0x0021,0x0021,0x0021,0x0021,
  0x5aec,0xdefc,0xef7e,0xef9e,0xef9e,0xef7e,0xb5d7,0x0862,0x0021,0x0021,0x0041,0x8c72,0xe73d,0xe75d,0xe75d,0xe75d,
  0xe73d,0x6b8e,0x0021,0x0021,0x0021,0x0882,0xdefc,0xef9e,0xef9e,0xef9e,0xef9e,0xef9e,0xef9e,0xef9e,0xef9e,0xef9e,
  0xe77e,0x1419,0x03d8,0x03d8,0x553b,0xef7e,0xef9e,0xef9e,0xef9e,0xef9e,0xef9e,0xef9e,0xef9e,0xef9e,0xef9e,0xef9e,
  0xef9e,0xef9e,0xef7e,0xffff,0xffff,0xffff,0xffff,0xffff,0xffff,0xffff,0xffff,0xffff,0xffff,0xffff,0xffff,0xffff,
  0xffff,0xffff,0xffff,0xffff,0xffff,0xef7e,0xef9e,0xef9e,0xef7e,0xffff,0xffff,0xffff,0xffff,0xffff,0xffff,0xffff,
  0xffdf,0xffdf,0xffff,0xffff,0xf7bf,0xef9e,0xef9e,0xef9e,0xef9e,0xef9e,0xce7a,0x0862,0x0021,0x0021,0x0021,0x3a08,
  0xe73d,0xef9e,0xef9e,0xef9e,0xef9e,0xef9e,0xef7e,0x6b6e,0x0041,0x0021,0x0021,0x2125,0xef7e,0xef9e,0xef9e,0xef9e,
  0xef7e,0x73cf,0x0021,0x0021,0x0021,0x0882,0xdefc,0xef9e,0xef9e,0xef9e,0xef9e,0xef9e,0xef9e,0xef9e,0xef9e,0xef9e,
  0xe77e,0xae9d,0x85dc,0x551a,0x6d9b,0xef9e,0xef9e,0xef9e,0xef9e,0xef9e,0xef9e,0xef9e,0xef9e,0xef9e,0xef9e,0xef9e,
  0xef9e,0xef9e,0xef7e,0xffff,0xffff,0xffff,0xffff,0xffff,0xffff,0xffff,0xffff,0xffff,0xffff,0xffff,0xffff,0xffff,
  0xffff,0xffff,0xffff,0xffff,0xffff,0xef7e,0xef9e,0xef9e,0xef7e,0xffff,0xffff,0xffdf,0xce7a,0xef5d,0xffdf,0xffff,
  0x94b2,0x8430,0xffff,0xffff,0xf7bf,0xef9e,0xef9e,0xef9e,0xef9e,0xef9e,0xc659,0x0862,0x0021,0x0021,0x0041,0x634d,
  0xef9e,0xef9e,0xef9e,0xef9e,0xef9e,0xef9e,0xef9e,0x9cf4,0x0041,0x0021,0x0021,0x0041,0xbe18,0xef9e,0xef9e,0xef9e,
  0xef7e,0x73cf,0x0021,0x0021,0x0021,0x0882,0xdefc,0xef9e,0xef9e,0xef9e,0xef9e,0xef9e,0xef9e,0xef9e,0xef9e,0xef9e,
  0xe77e,0x3cba,0x657b,0x963c,0xc6fd,0xef9e,0xef9e,0xef9e,0xef9e,0xef9e,0xef9e,0xef9e,0xef9e,0xef9e,0xef9e,0xef9e,
  0xef9e,0xef9e,0xef7e,0xffff,0xffff,0xffff,0xffff,0xffff,0xffff,0xffff,0xffff,0xffff,0xffff,0xffff,0xffff,0xffff,
  0xffff,0xffff,0xffff,0xffff,0xffff,0xef7e,0xef9e,0xef9e,0xef7e,0xffff,0xffff,0xffdf,0x4a6a,0x2966,0x7bf0,0xe71c,
  0xbdd7,0x632c,0xffff,0xffff,0xf7bf,0xef9e,0xef9e,0xef9e,0xef9e,0xef9e,0xce7a,0x0862,0x0021,0x0021,0x0021,0x4229,
  0xe75d,0xef9e,0xef9e,0xef9e,0xef9e,0xef9e,0xef7e,0x6b6e,0x0041,0x0021,0x0021,0x0041,0xa535,0xef9e,0xef9e,0xef9e,
  0xef7e,0x73cf,0x0021,0x0021,0x0021,0x0882,0xdefc,0xef9e,0xef9e,0xef9e,0xef9e,0xef9e,0xef9e,0xef9e,0xef9e,0xef9e,
  0xdf5e,0x1419,0x03d8,0x03d8,0x5d3b,0xef9e,0xef9e,0xef9e,0xef9e,0xef9e,0xef9e,0xef9e,0xef9e,0xef9e,0xef9e,0xef9e,
  0xef9e,0xef9e,0xef7e,0xffff,0xffff,0xffff,0xffff,0xffff,0xffff,0xffff,0xffff,0xffff,0xffff,0xffff,0xffff,0xffff,
  0xffff,0xffff,0xffff,0xffff,0xffff,0xef7e,0xef9e,0xef9e,0xef7e,0xffff,0xffff,0xffff,0xffdf,0xdedb,0xa555,0x634d,
  0x31a7,0x632c,0xffff,0xffff,0xf7bf,0xef9e,0xef9e,0xef9e,0xef9e,0xef9e,0xdf1c,0x0882,0x0021,0x0021,0x0021,0x0021,
  0x634d,0xd6bb,0xef7e,0xef7e,0xef7e,0xe73d,0x94b3,0x0882,0x0021,0x0021,0x0021,0x0041,0xa555,0xef9e,0xef9e,0xef9e,
  0xef7e,0x73cf,0x0021,0x0021,0x0021,0x0882,0xdefc,0xef9e,0xef9e,0xef9e,0xef9e,0xef9e,0xef9e,0xef9e,0xef9e,0xef9e,
  0xdf5e,0x1419,0x03d8,0x03d8,0x553b,0xef7e,0xef9e,0xef9e,0xef9e,0xef9e,0xef9e,0xef9e,0xef9e,0xef9e,0xef9e,0xef9e,
  0xef9e,0xef9e,0xef7e,0xffff,0xffff,0xffff,0xffff,0xffff,0xffff,0xffff,0xffff,0xffff,0xffff,0xffff,0xffff,0xffff,
  0xffff,0xf7df,0xffff,0xffff,0xffff,0xef7e,0xef9e,0xef9e,0xef7e,0xffff,0xffff,0xffff,0xffff,0xc638,0xa534,0xdedb,
  0xef7e,0xf79e,0xffff,0xffff,0xf7bf,0xef9e,0xef9e,0xef9e,0xef9e,0xef9e,0xef9e,0x31c7,0x0021,0x0021,0x0021,0x0021,
  0x0021,0x0041,0x2966,0x31c7,0x31a7,0x10a3,0x0021,0x0021,0x0021,0x0021,0x0021,0x0041,0xd6bb,0xef9e,0xef9e,0xef9e,
  0xef7e,0x73cf,0x0021,0x0021,0x0021,0x0882,0xdefc,0xef9e,0xef9e,0xef9e,0xef9e,0xef9e,0xef9e,0xef9e,0xef9e,0xef9e,
  0xef9e,0x85fc,0x4cfa,0x2c79,0x5d5b,0xef9e,0xef9e,0xef9e,0xef9e,0xef9e,0xef9e,0xef9e,0xef9e,0xef9e,0xef9e,0xef9e,
  0xef9e,0xef9e,0xef7e,0xffff,0xffff,0xffff,0xffff,0xffff,0xffff,0xffff,0xffff,0xffff,0xffff,0xffff,0xffff,0xd6bb,
  0xd69a,0xb5b7,0xffff,0xffff,0xffff,0xef7e,0xef9e,0xef9e,0xef7e,0xffff,0xffff,0xffff,0xffdf,0x8410,0x528a,0x2125,
  0x4a8a,0xc639,0xffff,0xffff,0xf7bf,0xef9e,0xef9e,0xef9e,0xef9e,0xef9e,0xef9e,0xbdf8,0x0862,0x0021,0x0021,0x0021,
  0x0021,0x0021,0x0021,0x0021,0x0021,0x0021,0x0021,0x0021,0x0021,0x0021,0x0021,0x31c7,0xef7e,0xef9e,0xef9e,0xef9e,
  0xef7e,0x73cf,0x0021,0x0021,0x0021,0x0882,0xdefc,0xef9e,0xef9e,0xef9e,0xef9e,0xef9e,0xef9e,0xef9e,0xef9e,0xef9e,
  0xe77e,0x44da,0x85fc,0xcefd,0xe75e,0xef9e,0xef9e,0xef9e,0xef9e,0xef9e,0xef9e,0xef9e,0xef9e,0xef9e,0xef9e,0xef9e,
  0xef9e,0xef9e,0xef7e,0xffff,0xffff,0xffdf,0xffdf,0xffdf,0xffdf,0xffdf,0xef7d,0x5aec,0xf7be,0xffff,0xffff,0xe73c,
  0xe71c,0xc639,0xffff,0xffff,0xffff,0xef7e,0xef9e,0xef9e,0xef7e,0xffff,0xffff,0xffdf,0x9cd3,0x4a49,0x5b0c,0xb596,
  0xbdf7,0xbdd7,0xffff,0xffff,0xf7bf,0xef9e,0xef9e,0xef9e,0xef9e,0xef9e,0xef9e,0xe75d,0x4a8a,0x0041,0x0021,0x0021,
  0x0021,0x0021,0x0021,0x0021,0x0021,0x0021,0x0021,0x0021,0x0021,0x0021,0x0862,0xa535,0xef9e,0xef9e,0xef9e,0xef9e,
  0xef7e,0x73cf,0x0021,0x0021,0x0021,0x0882,0xdefc,0xef9e,0xef9e,0xef9e,0xef9e,0xef9e,0xef9e,0xef9e,0xef9e,0xef9e,
  0xdf5e,0x1419,0x03f8,0x1419,0x6d9b,0xef9e,0xef9e,0xef9e,0xef9e,0xef9e,0xef9e,0xef9e,0xef9e,0xef9e,0xef9e,0xef9e,
  0xef9e,0xef9e,0xef7e,0xffff,0xffdf,0xa514,0x6b6e,0x6b6e,0x6b6e,0x6b6e,0x632d,0x0862,0xbdd7,0xffff,0xffff,0xdedb,
  0xd69a,0xdefc,0xffff,0xffff,0xffff,0xef7e,0xef9e,0xef9e,0xef7e,0xffff,0xffff,0xffdf,0x9492,0x632d,0x738e,0xc638,
  0xffdf,0xffff,0xffff,0xffff,0xf7bf,0xef9e,0xef9e,0xef9e,0xef9e,0xef9e,0xef9e,0xef9e,0xd6bb,0x4208,0x0041,0x0021,
  0x0021,0x0021,0x0021,0x0021,0x0021,0x0021,0x0021,0x0021,0x0021,0x10a3,0x73af,0xef7e,0xef9e,0xef9e,0xef9e,0xef9e,
  0xef7e,0x73cf,0x0021,0x0021,0x0021,0x0882,0xdefc,0xef9e,0xef9e,0xef9e,0xef9e,0xef9e,0xef9e,0xef9e,0xef9e,0xef9e,
  0xe75e,0x1419,0x03d8,0x03d8,0x553b,0xef7e,0xef9e,0xef9e,0xef9e,0xef9e,0xef9e,0xef9e,0xef9e,0xef9e,0xef9e,0xef9e,
  0xef9e,0xef9e,0xef7e,0xffff,0xffdf,0x7c10,0x39e7,0x31c7,0x31c7,0x31c7,0x31c7,0x39e7,0xbdf7,0xffff,0xffdf,0xdefb,
  0xa535,0xb5d8,0xffff,0xffff,0xffff,0xef7e,0xef9e,0xef9e,0xef7e,0xffff,0xffff,0xffff,0xffff,0xffff,0xffff,0xffff,
  0xffff,0xffff,0xffff,0xffff,0xf7bf,0xef9e,0xef9e,0xef9e,0xef9e,0xef9e,0xef9e,0xef9e,0xef9e,0xe71c,0x738e,0x10a3,
  0x0862,0x0041,0x0041,0x0041,0x0041,0x0041,0x0041,0x0862,0x2125,0xad76,0xef7e,0xef9e,0xef9e,0xef9e,0xef9e,0xef9e,
  0xef7e,0x7c10,0x0882,0x0862,0x0862,0x10c3,0xdf1c,0xef9e,0xef9e,0xef9e,0xef9e,0xef9e,0xef9e,0xef9e,0xef9e,0xef9e,
  0xe77e,0x551a,0x0c19,0x0bf9,0x5d5b,0xef9e,0xef9e,0xef9e,0xef9e,0xef9e,0xef9e,0xef9e,0xef9e,0xef9e,0xef9e,0xef9e,
  0xef9e,0xef9e,0xef7e,0xffff,0xffff,0xffff,0xffff,0xffff,0xffff,0xffff,0xffff,0xffff,0xffff,0xffff,0xffdf,0xdedb,
  0xd69a,0xe71c,0xffff,0xffff,0xffff,0xef7e,0xef9e,0xef9e,0xef7e,0xffff,0xffff,0xffff,0xffdf,0xf7be,0xf7df,0xffdf,
  0xffff,0xffff,0xffff,0xffff,0xf7bf,0xef9e,0xef9e,0xef9e,0xef9e,0xef9e,0xef9e,0xef9e,0xef9e,0xef9e,0xef9e,0xd6db,
  0xa555,0x7c10,0x5b0c,0x52ab,0x52ab,0x6b6e,0x8c92,0xbdf8,0xe73d,0xef9e,0xef9e,0xef9e,0xef9e,0xef9e,0xef9e,0xef9e,
  0xef9e,0xe75d,0xce9a,0xce9a,0xce9a,0xd6bb,0xef9e,0xef9e,0xef9e,0xef9e,0xef9e,0xef9e,0xef9e,0xef9e,0xef9e,0xef9e,
  0xef9e,0xe75d,0xdf5e,0xc6dd,0xc6dd,0xef9e,0xef9e,0xef9e,0xef9e,0xef9e,0xef9e,0xef9e,0xef9e,0xef9e,0xef9e,0xef9e,
  0xef9e,0xef9e,0xef7e,0xffff,0xffff,0xffff,0xce59,0xad75,0xd6ba,0xd6ba,0xb596,0xdf1c,0xffff,0xffff,0xffdf,0xb5f8,
  0xb5d7,0xce7a,0xffff,0xffff,0xffff,0xef7e,0xef9e,0xef9e,0xef7e,0xffff,0xffff,0xffff,0xb5d7,0x7c11,0xad76,0xdefc,
  0xffff,0xffff,0xffff,0xffff,0xf7bf,0xef9e,0xef9e,0xef9e,0xef9e,0xef9e,0xef9e,0xef9e,0xef9e,0xef9e,0xef9e,0xef9e,
  0xef9e,0xef9e,0xef9e,0xef9e,0xef9e,0xef9e,0xef9e,0xef9e,0xef9e,0xef9e,0xef9e,0xef9e,0xef9e,0xef9e,0xef9e,0xef9e,
  0xef9e,0xef9e,0xef9e,0xef9e,0xef9e,0xef9e,0xef9e,0xef9e,0xef9e,0xef9e,0xef9e,0xef9e,0xef9e,0xef9e,0xef9e,0xef9e,
  0xef9e,0xdf3d,0xdf1c,0xdf3d,0xe75d,0xef9e,0xef9e,0xef9e,0xef9e,0xef9e,0xef9e,0xef9e,0xef9e,0xef9e,0xef9e,0xef9e,
  0xef9e,0xef9e,0xef7e,0xffff,0xffdf,0xb5b6,0x10a3,0x10a3,0x10c3,0x10a3,0x10a3,0x2124,0xf79e,0xffff,0xffdf,0xc659,
  0xc639,0xd6bb,0xffff,0xffff,0xffff,0xef7e,0xef9e,0xef9e,0xef7e,0xffff,0xffff,0xffdf,0xa535,0xe71c,0xd6bb,0xffff,
  0xffff,0xffff,0xffff,0xffff,0xf7bf,0xef9e,0xef9e,0xef9e,0xef9e,0xef9e,0xef9e,0xef9e,0xef9e,0xef9e,0xef9e,0xef9e,
  0xef9e,0xef9e,0xef9e,0xef9e,0xef9e,0xef9e,0xef9e,0xef9e,0xef9e,0xef9e,0xef9e,0xef9e,0xef9e,0xef9e,0xef9e,0xef9e,
  0xef9e,0xef9e,0xef9e,0xef9e,0xef9e,0xef9e,0xef9e,0xef9e,0xef9e,0xef9e,0xef9e,0xef9e,0xef9e,0xef9e,0xef9e,0xef9e,
  0xef9e,0xdf3d,0xdf1c,0xdf1c,0xe75d,0xef9e,0xef9e,0xef9e,0xef9e,0xef9e,0xef9e,0xef9e,0xef9e,0xef9e,0xef9e,0xef9e,
  0xef9e,0xef9e,0xef7e,0xffff,0xffdf,0x634d,0x4229,0xce59,0x4228,0x4208,0xc638,0x2125,0xb5b6,0xffff,0xffff,0xe73c,
  0x8cb3,0xb5b7,0xffff,0xffff,0xffff,0xef7e,0xef9e,0xef9e,0xef7e,0xffff,0xffff,0xffdf,0xce9a,0xce7a,0xbdf8,0xffff,
  0xffff,0xffff,0xffff,0xffff,0xf7bf,0xef9e,0xef9e,0xef9e,0xef9e,0xef9e,0xef9e,0xef9e,0xef9e,0xef9e,0xef9e,0xef9e,
  0xef9e,0xef9e,0xef9e,0xef9e,0xef9e,0xef9e,0xef9e,0xef9e,0xef9e,0xef9e,0xef9e,0xef9e,0xef9e,0xef9e,0xef9e,0xef9e,
  0xef9e,0xef9e,0xef9e,0xef9e,0xef9e,0xef9e,0xef9e,0xef9e,0xef9e,0xef9e,0xef9e,0xef9e,0xef9e,0xef9e,0xef9e,0xef9e,
  0xef9e,0xe73d,0xdf3d,0xdf3d,0xe75d,0xef9e,0xef9e,0xef9e,0xef9e,0xef9e,0xef9e,0xef9e,0xef9e,0xef9e,0xef9e,0xef9e,
  0xef9e,0xef9e,0xef7e,0xffff,0xffdf,0x94b2,0x2125,0x632d,0x2125,0x2125,0x52cb,0x1904,0xd6ba,0xffff,0xffff,0xffff,
  0xdefc,0xef5d,0xffff,0xffff,0xffff,0xef7e,0xef9e,0xef9e,0xef7e,0xffff,0xffff,0xffff,0xbdf8,0xb5b7,0xad97,0xffdf,
  0xffff,0xffff,0xffff,0xffff,0xf7bf,0xef9e,0xef9e,0xef9e,0xef9e,0xef9e,0xef9e,0xef9e,0xef9e,0xef9e,0xef9e,0xef9e,
  0xef9e,0xef9e,0xef9e,0xef9e,0xef9e,0xef9e,0xef9e,0xef9e,0xef9e,0xef9e,0xef9e,0xef9e,0xef9e,0xef9e,0xef9e,0xef9e,
  0xef9e,0xef9e,0xef9e,0xef9e,0xef9e,0xef9e,0xef9e,0xef9e,0xef9e,0xef9e,0xef9e,0xef9e,0xef9e,0xef9e,0xef9e,0xef9e,
  0xef9e,0xef7e,0xef7e,0xe77e,0xef7e,0xef9e,0xef9e,0xef9e,0xef9e,0xef9e,0xef9e,0xef9e,0xef9e,0xef9e,0xef9e,0xef9e,
  0xef9e,0xef9e,0xef7e,0xffff,0xffff,0xf7be,0x8c51,0x4229,0xa514,0xad55,0x528a,0xbdd7,0xffff,0xffff,0xffff,0xffff,
  0xffff,0xffff,0xffff,0xffff,0xffff,0xef7e,0xef9e,0xef9e,0xef7e,0xffff,0xffff,0xffff,0xa556,0x9d35,0xad97,0xffff,
  0xffff,0xffff,0xffff,0xffff,0xf7bf,0xef9e,0xef9e,0xef9e,0xef9e,0xef9e,0xef9e,0xef9e,0xef7e,0xef7e,0xef9e,0xef9e,
  0xef9e,0xef9e,0xef9e,0xef9e,0xef9e,0xef9e,0xef9e,0xef9e,0xef9e,0xef9e,0xef9e,0xef9e,0xef9e,0xef9e,0xef9e,0xef9e,
  0xef9e,0xef9e,0xef9e,0xef9e,0xef9e,0xef9e,0xef9e,0xef9e,0xef9e,0xef9e,0xef9e,0xef9e,0xef9e,0xef9e,0xef9e,0xef9e,
  0xef9e,0xe73d,0xdf3d,0xe73d,0xef7e,0xef9e,0xef9e,0xef9e,0xef9e,0xef9e,0xef9e,0xef9e,0xef9e,0xef9e,0xef9e,0xef9e,
  0xef9e,0xef9e,0xef7e,0xffff,0xffff,0xef7d,0x94b2,0xffdf,0xffff,0xffff,0xffff,0xffff,0xffff,0xffff,0xffff,0xffff,
  0xffff,0xffff,0xffff,0xffff,0xffff,0xef7e,0xef9e,0xef9e,0xef7e,0xffff,0xffff,0xffff,0xb5d7,0xb5b7,0xe73d,0xffff,
  0xffff,0xffff,0xffff,0xffff,0xf7bf,0xef9e,0xef9e,0xef9e,0xef9e,0xef9e,0xef9e,0xbe19,0x8472,0xb5f8,0xef9e,0xef9e,
  0xef9e,0xef9e,0xef9e,0xef9e,0xef9e,0xef9e,0xef9e,0xef9e,0xef9e,0xef9e,0xef9e,0xef9e,0xef9e,0xef9e,0xef9e,0xef9e,
  0xef9e,0xef9e,0xef9e,0xef9e,0xef9e,0xef9e,0xef9e,0xef9e,0xef9e,0xef9e,0xef9e,0xef9e,0xef9e,0xef9e,0xef9e,0xef9e,
  0xef9e,0xdf3d,0xdf1c,0xdf1c,0xe75d,0xef9e,0xef9e,0xef9e,0xef9e,0xef9e,0xdefc,0xa577,0xdefc,0xef9e,0xef9e,0xef9e,
  0xef9e,0xef9e,0xef7e,0xffff,0xffff,0xc638,0x2986,0xf7be,0xffff,0xffff,0xffff,0xffff,0xffff,0xffff,0xffff,0xffff,
  0xffff,0xffff,0xffff,0xffff,0xffff,0xef7e,0xef9e,0xef9e,0xef7e,0xffff,0xffff,0xffff,0xffdf,0xef7e,0xc639,0xdedb,
  0xffff,0xffff,0xffff,0xffff,0xf7bf,0xef9e,0xef9e,0xef9e,0xef9e,0xef9e,0xef9e,0xad97,0xc659,0xbdf8,0xef9e,0xef9e,
  0xef9e,0xef9e,0xef9e,0xef9e,0xef9e,0xef9e,0xef9e,0xef9e,0xef9e,0xef9e,0xef9e,0xef9e,0xef9e,0xef9e,0xef9e,0xef9e,
  0xef9e,0xef9e,0xef9e,0xef9e,0xef9e,0xef9e,0xef9e,0xef9e,0xef9e,0xef9e,0xef9e,0xdf1c,0xbe19,0xdefc,0xef9e,0xef9e,
  0xef9e,0xe73d,0xdf1c,0xdf1c,0xe75d,0xef9e,0xef9e,0xef9e,0xef9e,0xef9e,0xdefc,0xa577,0xdefc,0xef9e,0xef9e,0xef9e,
  0xef9e,0xef9e,0xef7e,0xffff,0xffff,0xffff,0xf7be,0xce79,0xe73c,0xf7be,0xffff,0xffff,0xffff,0xffff,0xffff,0xffff,
  0xffff,0xffff,0xffff,0xffff,0xffff,0xef7e,0xef9e,0xef9e,0xef7e,0xffff,0xffff,0xffff,0xa556,0x9d35,0x8472,0xce9a,
  0xffff,0xffff,0xffff,0xffff,0xf7bf,0xef9e,0xef9e,0xef9e,0xef9e,0xef9e,0xef9e,0xbe19,0xb5d8,0xc639,0xef9e,0xef9e,
  0xef9e,0xef9e,0xef9e,0xef9e,0xef9e,0xef9e,0xef9e,0xef9e,0xef9e,0xef9e,0xef9e,0xef9e,0xef9e,0xef9e,0xef9e,0xef9e,
  0xef9e,0xef9e,0xef9e,0xef9e,0xef9e,0xef9e,0xef9e,0xef9e,0xef9e,0xef9e,0xef9e,0xad97,0xad97,0xef7e,0xef9e,0xef9e,
  0xef9e,0xef9e,0xef9e,0xe75d,0xe75d,0xef9e,0xef9e,0xef9e,0xef9e,0xef9e,0xef9e,0xef9e,0xef9e,0xef9e,0xef9e,0xef9e,
  0xef9e,0xef9e,0xef7e,0xffff,0xffff,0xffff,0xffff,0x10c3,0x1904,0x4a69,0x9492,0xe71c,0xffdf,0xffff,0xffff,0xffff,
  0xffff,0xffff,0xffff,0xffff,0xffff,0xef7e,0xef9e,0xef9e,0xef7e,0xffff,0xffff,0xffff,0xb5d7,0xad97,0xc639,0xffdf,
  0xffff,0xffff,0xffff,0xffff,0xf7bf,0xef9e,0xef9e,0xef9e,0xef9e,0xef9e,0xef9e,0xd6db,0x9d35,0xa556,0xef9e,0xef9e,
  0xef9e,0xef9e,0xef9e,0xef9e,0xef9e,0xef9e,0xef9e,0xef9e,0xef9e,0xef9e,0xef9e,0xef9e,0xef9e,0xef9e,0xef9e,0xef9e,
  0xef9e,0xef9e,0xef9e,0xef9e,0xef9e,0xef9e,0xef9e,0xef9e,0xef9e,0xef9e,0xef7e,0xc65a,0xbe19,0xd6db,0xef9e,0xef9e,
  0xef9e,0xe73d,0xe73d,0xe75d,0xef7e,0xef9e,0xef9e,0xef9e,0xef9e,0xef9e,0xef9e,0xef9e,0xef9e,0xef9e,0xef9e,0xef9e,
  0xef9e,0xef9e,0xef7e,0xffff,0xffff,0xffff,0xffdf,0x0882,0x5acb,0x528a,0x2145,0x2145,0xc638,0xffff,0xffff,0xffff,
  0xffff,0xffff,0xffff,0xffff,0xffff,0xef7e,0xef9e,0xef9e,0xef7e,0xffff,0xffff,0xffff,0xffdf,0xf7bf,0xffff,0xffff,
  0xffff,0xffff,0xffff,0xffff,0xf7bf,0xef9e,0xef9e,0xef9e,0xef9e,0xef9e,0xef9e,0xad97,0xa556,0xa576,0xef9e,0xef9e,
  0xef9e,0xef9e,0xef9e,0xef9e,0xef9e,0xef9e,0xef9e,0xef9e,0xef9e,0xef9e,0xef9e,0xef9e,0xef9e,0xef9e,0xef9e,0xef9e,
  0xef9e,0xef9e,0xef9e,0xef9e,0xef9e,0xef9e,0xef9e,0xef9e,0xef9e,0xef9e,0xef7e,0xbe19,0xcebb,0xce7a,0xef9e,0xef9e,
  0xef9e,0xdf3d,0xdf1c,0xdf1c,0xe75d,0xef9e,0xef9e,0xef9e,0xef9e,0xef9e,0xcf1d,0x655b,0xcf1d,0xef9e,0xef9e,0xef9e,
  0xef9e,0xef9e,0xef7e,0xffff,0xffff,0xbe18,0x9cf3,0x0862,0x632d,0xbdd7,0xef7d,0x9cd3,0xc618,0xffff,0xffff,0xffff,
  0xffff,0xffff,0xffff,0xffff,0xffff,0xef7e,0xef9e,0xef9e,0xef7e,0xf79e,0xffff,0xffff,0xffff,0xffff,0xffff,0xffff,
  0xffff,0xffff,0xffff,0xffff,0xf7bf,0xef9e,0xef9e,0xef9e,0xef9e,0xef9e,0xef9e,0x94f5,0xd6db,0xef9e,0xef9e,0xef9e,
  0xef9e,0xef9e,0xef9e,0xef9e,0xef9e,0xef9e,0xef9e,0xef9e,0xef9e,0xef9e,0xef9e,0xef9e,0xef9e,0xef9e,0xef9e,0xef9e,
  0xef9e,0xef9e,0xef9e,0xef9e,0xef9e,0xef9e,0xef9e,0xef9e,0xef9e,0xef9e,0xef9e,0xef7e,0xef7e,0xef9e,0xef9e,0xef9e,
  0xef9e,0xe73d,0xdf1c,0xdf1c,0xe75d,0xef9e,0xef9e,0xef9e,0xef9e,0xef9e,0x9e3c,0x0bf9,0x9e5c,0xef9e,0xef9e,0xef9e,
  0xef9e,0xef9e,0xef7e,0xffff,0xffdf,0x73ae,0x2125,0x0041,0x10c3,0x738e,0xffff,0xffff,0xffff,0xffff,0xffff,0xffff,
  0xffff,0xffff,0xffff,0xffff,0xffff,0xef7e,0xef9e,0xef9e,0xef9e,0xef7e,0xf79e,0xffff,0xffff,0xffff,0xffff,0xffff,
  0xffff,0xffff,0xffff,0xffff,0xf7bf,0xef9e,0xef9e,0xef9e,0xef9e,0xef9e,0xef9e,0xe75e,0xce9b,0xc67a,0xef9e,0xef9e,
  0xef9e,0xef9e,0xef9e,0xef9e,0xef9e,0xef9e,0xef9e,0xef9e,0xef9e,0xef9e,0xef9e,0xef9e,0xef9e,0xef9e,0xef9e,0xef9e,
  0xef9e,0xef9e,0xef9e,0xef9e,0xef9e,0xef9e,0xef9e,0xef9e,0xef9e,0xef9e,0xef9e,0xef9e,0xef9e,0xef9e,0xef9e,0xef9e,
  0xef9e,0xef7e,0xe77e,0xe75d,0xe75d,0xef9e,0xef9e,0xef9e,0xef9e,0xef9e,0x9e3c,0x03f8,0x9e5c,0xef9e,0xef9e,0xef9e,
  0xef9e,0xef9e,0xef7e,0xffff,0xffff,0xffff,0xffdf,0x8c71,0xd69a,0xffff,0xffff,0xffff,0xffff,0xffff,0xffff,0xffff,
  0xffff,0xffff,0xffff,0xffff,0xffff,0xef7e,0xef9e,0xef9e,0xef9e,0xef9e,0xef7e,0xef9e,0xf7bf,0xf7bf,0xf7bf,0xf7bf,
  0xf7bf,0xf7bf,0xf7bf,0xf7bf,0xef9e,0xef9e,0xef9e,0xef9e,0xef9e,0xef9e,0xef9e,0xbdf8,0xad97,0xbe39,0xef9e,0xef9e,
  0xef9e,0xef9e,0xef9e,0xef9e,0xef9e,0xef9e,0xef9e,0xef9e,0xef9e,0xef9e,0xef9e,0xef9e,0xef9e,0xef9e,0xef9e,0xef9e,
  0xef9e,0xef9e,0xef9e,0xef9e,0xef9e,0xef9e,0xef9e,0xef9e,0xef9e,0xef9e,0xef9e,0xef9e,0xef9e,0xef9e,0xef9e,0xef9e,
  0xef9e,0xe73d,0xe75d,0xef7e,0xef9e,0xef9e,0xef9e,0xef9e,0xef9e,0xef9e,0x9e3c,0x03f8,0x9e5c,0xef9e,0xef9e,0xef9e,
  0xef9e,0xef9e,0xef7e,0xffff,0xffff,0xffff,0xffff,0xffdf,0xffff,0xffff,0xffff,0xffff,0xffff,0xffff,0xffff,0xffff,
  0xffff,0xffff,0xffff,0xffff,0xffff,0xef7e,0xef9e,0xef9e,0xef9e,0xef9e,0xef9e,0xef9e,0xef9e,0xef9e,0xef9e,0xef9e,
  0xef9e,0xef9e,0xef9e,0xef9e,0xef9e,0xef9e,0xef9e,0xef9e,0xef9e,0xef9e,0xef9e,0xc65a,0x9d35,0xce7a,0xef9e,0xef9e,
  0xef9e,0xef9e,0xef9e,0xef9e,0xef9e,0xef9e,0xef9e,0xef9e,0xef9e,0xef9e,0xef9e,0xef9e,0xef9e,0xef9e,0xef9e,0xef9e,
  0xef9e,0xef9e,0xef9e,0xef9e,0xef9e,0xef9e,0xef9e,0xef9e,0xef9e,0xef9e,0xef9e,0xef9e,0xef9e,0xef9e,0xef9e,0xef9e,
  0xef9e,0xdf3d,0xdf1c,0xdf3d,0xe75d,0xef9e,0xef9e,0xef9e,0xef9e,0xef9e,0x9e3c,0x0bf9,0x9e5c,0xef9e,0xef9e,0xef9e,
  0xef9e,0xef9e,0xef7e,0xffff,0xffff,0xd6bb,0xa556,0xbdf8,0xd6bb,0xffff,0xffff,0xffff,0xffff,0xffff,0xffff,0xffff,
  0xffff,0xffff,0xffff,0xffff,0xffff,0xef7e,0xef9e,0xef9e,0xef9e,0xef9e,0xef9e,0xef9e,0xef9e,0xef9e,0xef9e,0xef9e,
  0xef9e,0xef9e,0xef9e,0xef9e,0xef9e,0xef9e,0xef9e,0xef9e,0xef9e,0xef9e,0xef9e,0xd6dc,0xd6db,0xdefc,0xef9e,0xef9e,
  0xef9e,0xef9e,0xef9e,0xef9e,0xef9e,0xef9e,0xef9e,0xef9e,0xef9e,0xef9e,0xef9e,0xef9e,0xef9e,0xef9e,0xef9e,0xef9e,
  0xef9e,0xef9e,0xef9e,0xef9e,0xef9e,0xef9e,0xef9e,0xef9e,0xef9e,0xef9e,0xef9e,0xef9e,0xef9e,0xef9e,0xef9e,0xef9e,
  0xef9e,0xdf3d,0xdf1c,0xdf1c,0xe75d,0xef9e,0xef9e,0xef9e,0xef9e,0xef9e,0xcf1d,0x655b,0xcf1d,0xef9e,0xef9e,0xef9e,
  0xef9e,0xef9e,0xef7e,0xffff,0xffff,0xdefb,0xad76,0xb5d7,0xffdf,0xffff,0xffff,0xffff,0xffff,0xffff,0xffff,0xffff,
  0xffff,0xffff,0xffff,0xffff,0xffff,0xef7e,0xef9e,0xef9e,0xef9e,0xef9e,0xef9e,0xef9e,0xef9e,0xef9e,0xef9e,0xef9e,
  0xef9e,0xef9e,0xef9e,0xef9e,0xef9e,0xef9e,0xef9e,0xef9e,0xef9e,0xef9e,0xef9e,0xef9e,0xef9e,0xef9e,0xef9e,0xef9e,
  0xef9e,0xef9e,0xef9e,0xef9e,0xef9e,0xef9e,0xef9e,0xef9e,0xef9e,0xef9e,0xef9e,0xef9e,0xef9e,0xef9e,0xef9e,0xef9e,
  0xef9e,0xef9e,0xef9e,0xef9e,0xef9e,0xef9e,0xef9e,0xef9e,0xef9e,0xef9e,0xef9e,0xef9e,0xef9e,0xef9e,0xef9e,0xef9e,
  0xef9e,0xe75d,0xe75d,0xe73d,0xe75d,0xef9e,0xef9e,0xef9e,0xef9e,0xef9e,0xef9e,0xef9e,0xef9e,0xef9e,0xef9e,0xef9e,
  0xef9e,0xef9e,0xef7e,0xffff,0xffff,0xc659,0xad97,0xadb7,0xffdf,0xffff,0xffff,0xffff,0xffff,0xffff,0xffff,0xffff,
  0xffff,0xffff,0xffff,0xffff,0xffff,0xef7e,0xef9e,0xef9e,0xef9e,0xef9e,0xef9e,0xef9e,0xef9e,0xef9e,0xef9e,0xef9e,
  0xef9e,0xef9e,0xef9e,0xef9e,0xef9e,0xef9e,0xef9e,0xef9e,0xef9e,0xef9e,0xef9e,0xef9e,0xef9e,0xef9e,0xef9e,0xef9e,
  0xef9e,0xef9e,0xef9e,0xef9e,0xef9e,0xef9e,0xef9e,0xef9e,0xef9e,0xef9e,0xef9e,0xef9e,0xef9e,0xef9e,0xef9e,0xef9e,
  0xef9e,0xef9e,0xef9e,0xef9e,0xef9e,0xef9e,0xef9e,0xef9e,0xef9e,0xef9e,0xef9e,0xef9e,0xef9e,0xef9e,0xef9e,0xef9e,
  0xef9e,0xe75d,0xef7e,0xef9e,0xef9e,0xef9e,0xef9e,0xef9e,0xef9e,0xef9e,0xef9e,0xef9e,0xef9e,0xef9e,0xef9e,0xef9e,
  0xef9e,0xef9e,0xef7e,0xffff,0xffff,0xce9a,0xb5b7,0x8c73,0xffdf,0xffff,0xffff,0xffff,0xffff,0xffff,0xffff,0xffff,
  0xffff,0xffff,0xffff,0xffff,0xffff,0xef7e,0xef9e,0xef9e,0xef9e,0xe73d,0xf7bf,0xf7bf,0xf7bf,0xf7bf,0xf7bf,0xf7bf,
  0xf7bf,0xf7bf,0xf7bf,0xf7bf,0xf7bf,0xf7bf,0xf7bf,0xf7bf,0xf7bf,0xf7bf,0xf7bf,0xf7bf,0xf7bf,0xf7bf,0xf7bf,0xf7bf,
  0xf7bf,0xf7bf,0xf7bf,0xf7bf,0xf7bf,0xf7bf,0xf7bf,0xf7bf,0xf7bf,0xf7bf,0xf7bf,0xf7bf,0xf7bf,0xf7bf,0xf7bf,0xf7bf,
  0xf7bf,0xf7bf,0xf7bf,0xf7bf,0xef9e,0xef7e,0xef9e,0xef9e,0xef9e,0xef9e,0xef9e,0xef9e,0xef9e,0xef9e,0xef9e,0xef9e,
  0xef9e,0xdf3d,0xdf1c,0xdf3d,0xe75d,0xef9e,0xef9e,0xef9e,0xef9e,0xef9e,0xdefc,0xa577,0xdefc,0xef9e,0xef9e,0xef9e,
  0xef9e,0xef9e,0xef7e,0xffff,0xffff,0xdefc,0xc659,0x94f4,0xffdf,0xffff,0xffff,0xffff,0xffff,0xffff,0xffff,0xffff,
  0xffff,0xffff,0xffff,0xffff,0xffff,0xef7e,0xef9e,0xef9e,0xef9e,0xef5e,0xffff,0xffff,0xffff,0xffff,0xffff,0xffff,
  0xffff,0xffff,0xffff,0xffff,0xffff,0xffff,0xffff,0xffff,0xffff,0xffff,0xffff,0xffff,0xffff,0xffff,0xffff,0xffff,
  0xffff,0xffff,0xffff,0xffff,0xffff,0xffff,0xffff,0xffff,0xffff,0xffff,0xffff,0xffff,0xffff,0xffff,0xffff,0xffff,
  0xffff,0xffff,0xffff,0xffff,0xffff,0xf79e,0xef7e,0xef9e,0xef9e,0xef9e,0xef9e,0xef9e,0xef9e,0xef9e,0xef9e,0xef9e,
  0xef9e,0xdf3d,0xdf1c,0xdf1c,0xe75d,0xef9e,0xef9e,0xef9e,0xef9e,0xef9e,0xdefc,0xa577,0xdefc,0xef9e,0xef9e,0xef9e,
  0xef9e,0xef9e,0xef7e,0xffff,0xffff,0xef7d,0xe73c,0xf7be,0xffff,0xffff,0xffff,0xffff,0xffff,0xffff,0xffff,0xffff,
  0xffff,0xffff,0xffff,0xffff,0xffff,0xef7e,0xef9e,0xef9e,0xef9e,0xef7e,0xffff,0xffff,0xffff,0xffff,0xffff,0xffff,
  0xffff,0xffff,0xffff,0xffff,0xffff,0xffff,0xffff,0xffff,0xffff,0xffff,0xffff,0xffff,0xffff,0xffff,0xffff,0xffff,
  0xffff,0xffff,0xffff,0xffff,0xffff,0xffff,0xffff,0xffff,0xffff,0xffff,0xffff,0xffff,0xffff,0xffff,0xffff,0xffff,
  0xffff,0xffff,0xffff,0xffff,0xffff,0xffff,0xf79e,0xef7e,0xef9e,0xef9e,0xef9e,0xef9e,0xef9e,0xef9e,0xef9e,0xef9e,
  0xef9e,0xe75d,0xdf3d,0xdf3d,0xe75d,0xef9e,0xef9e,0xef9e,0xef9e,0xef9e,0xef9e,0xef9e,0xef9e,0xef9e,0xef9e,0xef9e,
  0xef9e,0xef9e,0xef7e,0xffff,0xffff,0xffff,0xffff,0xffff,0xffff,0xffff,0xffff,0xffff,0xffff,0xffff,0xffff,0xffff,
  0xffff,0xffff,0xffff,0xffff,0xffff,0xef7e,0xef9e,0xef9e,0xef9e,0xef7e,0xffff,0xffff,0xffff,0xffff,0xffff,0xffff,
  0xffff,0xffff,0xffff,0xffff,0xffff,0xffff,0xffff,0xffff,0xffff,0xffff,0xffff,0xffff,0xffff,0xffff,0xffff,0xffff,
  0xffff,0xffff,0xffff,0xffff,0xffff,0xffff,0xffff,0xffff,0xffff,0xffff,0xffff,0xffff,0xffff,0xffff,0xffff,0xffff,
  0xffff,0xffff,0xffff,0xffff,0xffff,0xffff,0xffff,0xf79e,0xef7e,0xef9e,0xef9e,0xef9e,0xef9e,0xef9e,0xef9e,0xef9e,
  0xef9e,0xe75d,0xef7e,0xef7e,0xef7e,0xef9e,0xef9e,0xef9e,0xef9e,0xef9e,0xef9e,0xef9e,0xef9e,0xef9e,0xef9e,0xef9e,
  0xef9e,0xef9e,0xef7e,0xffff,0xffff,0xffff,0xffff,0xffff,0xffff,0xffff,0xffff,0xffff,0xffff,0xffff,0xffff,0xffff,
  0xffff,0xffff,0xffff,0xffff,0xffff,0xef7e,0xef9e,0xef9e,0xef9e,0xef7e,0xffff,0xffff,0xffff,0xa67d,0xffff,0xffff,
  0xffff,0xffff,0xffff,0xffff,0xffff,0xffff,0xffff,0xffff,0xffff,0xffff,0xffff,0xffff,0xffff,0xffff,0xffff,0xffff,
  0xffff,0xffff,0xffff,0xffff,0xffff,0xffff,0xffff,0xffff,0xffff,0xffff,0xffff,0xffff,0xffff,0xffff,0xffff,0xffff,
  0xffff,0xffff,0xdefc,0xdefc,0xef5d,0xffff,0xffff,0xffff,0xef7e,0xef9e,0xef9e,0xef9e,0xef9e,0xef9e,0xef9e,0xef9e,
  0xef9e,0xdf3d,0xdf3d,0xe73d,0xe77e,0xef9e,0xef9e,0xef9e,0xef9e,0xef9e,0xef9e,0xef9e,0xef9e,0xef9e,0xef9e,0xef9e,
  0xef9e,0xef9e,0xef7e,0xffff,0xffff,0xffff,0xffff,0xffff,0xffff,0xffff,0xffff,0xffff,0xffff,0xffff,0xffff,0xffff,
  0xffff,0xffff,0xffff,0xffff,0xffff,0xef7e,0xef9e,0xef9e,0xef9e,0xef7e,0xffff,0xffff,0xf7df,0x655a,0xefbf,0xffff,
  0xffff,0xffff,0xffff,0xffff,0xffff,0xffff,0xffff,0xffff,0xffff,0xffff,0xffff,0xffff,0xffff,0xffff,0xffff,0xffff,
  0xffff,0xffff,0xffff,0xffff,0xffff,0xffff,0xffff,0xffff,0xffff,0xffff,0xffff,0xffff,0xffff,0xffff,0xffff,0xffff,
  0xffff,0xffff,0xa556,0xdefc,0xef5d,0xffff,0xffff,0xffff,0xef7e,0xef9e,0xef9e,0xef9e,0xef9e,0xef9e,0xef9e,0xef9e,
  0xef9e,0xdf3d,0xdf1c,0xdf1c,0xe75d,0xef9e,0xef9e,0xef9e,0xef9e,0xef9e,0xef9e,0xef9e,0xef9e,0xef9e,0xef9e,0xef9e,
  0xef9e,0xef9e,0xef7e,0xffff,0xffff,0xffff,0xffff,0xffff,0xffff,0xffff,0xffff,0xffff,0xffff,0xffff,0xffff,0xffff,
  0xffff,0xffff,0xffff,0xffff,0xffff,0xef7e,0xef9e,0xef9e,0xef9e,0xef7e,0xffff,0xffff,0xf7df,0x5d3a,0xf7df,0xffff,
  0xffff,0xffff,0xffff,0xffff,0xffff,0xffff,0xffff,0xffff,0xffff,0xffff,0xffff,0xffff,0xffff,0xffff,0xffff,0xffff,
  0xffff,0xffff,0xffff,0xffff,0xffff,0xffff,0xffff,0xffff,0xffff,0xffff,0xffff,0xffff,0xffff,0xffff,0xffff,0xffff,
  0xffff,0xffff,0xdefc,0xffdf,0xffff,0xffff,0xffff,0xffff,0xef7e,0xef9e,0xef9e,0xef9e,0xef9e,0xef9e,0xef9e,0xef9e,
  0xef9e,0xe73d,0xdf1c,0xdf1c,0xe75d,0xef9e,0xef9e,0xef9e,0xef9e,0xef9e,0xef9e,0xef9e,0xef9e,0xef9e,0xef9e,0xef9e,
  0xef9e,0xef9e,0xef7e,0xffff,0xffff,0xffff,0xffff,0xffff,0xffff,0xffff,0xffff,0xffff,0xffff,0xffff,0xffff,0xffff,
  0xffff,0xffff,0xffff,0xffff,0xffff,0xef7e,0xef9e,0xef9e,0xef9e,0xef7e,0xffff,0xffff,0xf7df,0x5d3a,0xffff,0xffff,
  0xffff,0xffff,0xffff,0xffff,0xffff,0xffff,0xffff,0xffff,0xffff,0xffff,0xffff,0xffff,0xffff,0xffff,0xffff,0xffff,
  0xffff,0xffff,0xffff,0xffff,0xffff,0xffff,0xffff,0xffff,0xffff,0xffff,0xffff,0xffff,0xffff,0xffff,0xffff,0xffff,
  0xffff,0xffff,0x9d35,0xad96,0xc639,0xffdf,0xffff,0xffff,0xef7e,0xef9e,0xef9e,0xef9e,0xef9e,0xef9e,0xef9e,0xef9e,
  0xef9e,0xef7e,0xef7e,0xef7e,0xef7e,0xef9e,0xef9e,0xef9e,0xef9e,0xef9e,0xef9e,0xef9e,0xef9e,0xef9e,0xef9e,0xef9e,
  0xef9e,0xef9e,0xef7e,0xffff,0xffff,0xffff,0xffff,0xffff,0xffff,0xffff,0xffff,0xffff,0xffff,0xffff,0xffff,0xffff,
  0xffff,0xffff,0xffff,0xffff,0xffff,0xef7e,0xef9e,0xef9e,0xef9e,0xef7e,0xffff,0xffff,0xf7df,0x5d3a,0xffff,0xffff,
  0xffff,0xffff,0xffff,0xffff,0xffff,0xffff,0xffff,0xffff,0xffff,0xffff,0xffff,0xffff,0xffff,0xffff,0xffff,0xffff,
  0xffff,0xffff,0xffff,0xffff,0xffff,0xffff,0xffff,0xffff,0xffff,0xffff,0xffff,0xffff,0xffff,0xffff,0xffff,0xffff,
  0xffff,0xffff,0x9d15,0x94b3,0xc639,0xffff,0xffff,0xffff,0xef7e,0xef9e,0xef9e,0xef9e,0xef9e,0xef9e,0xef9e,0xef9e,
  0xef9e,0xe73d,0xdf3d,0xe73d,0xef7e,0xef9e,0xef9e,0xef9e,0xef9e,0xef9e,0xef9e,0xef9e,0xef9e,0xef9e,0xef9e,0xef9e,
  0xef9e,0xef9e,0xef7e,0xffff,0xffff,0xffff,0xffff,0xffff,0xffff,0xffff,0xffff,0xffff,0xffff,0xffff,0xffff,0xffff,
  0xffff,0xffff,0xffff,0xffff,0xffff,0xef7e,0xef9e,0xef9e,0xef9e,0xef7e,0xffff,0xffff,0xf7df,0x5d3a,0xf7df,0xffff,
  0xffff,0xffff,0xffff,0xffff,0xffff,0xffff,0xffff,0xffff,0xffff,0xffff,0xef7d,0xd69a,0xffff,0xffff,0xffff,0xffff,
  0xffff,0xffff,0xffff,0xffff,0xffff,0xffff,0xffff,0xffff,0xffff,0xffff,0xffff,0xffff,0xffff,0xffff,0xffff,0xffff,
  0xffff,0xffff,0xbdf8,0xb5b7,0xce9a,0xffff,0xffff,0xffff,0xef7e,0xef9e,0xef9e,0xef9e,0xef9e,0xef9e,0xef9e,0xef9e,
  0xef9e,0xdf3d,0xdf1c,0xdf1c,0xe75d,0xef9e,0xef9e,0xef9e,0xef9e,0xef9e,0xef9e,0xef9e,0xef9e,0xef9e,0xef9e,0xef9e,
  0xef9e,0xef9e,0xef7e,0xffff,0xffff,0xffff,0xffff,0xffff,0xffff,0xffff,0xffff,0xffff,0xffff,0xffff,0xffff,0xffff,
  0xffff,0xffff,0xffff,0xffff,0xffff,0xef7e,0xef9e,0xef9e,0xef9e,0xef7e,0xffff,0xffff,0xf7df,0x5d3a,0xefbf,0xffff,
  0xffff,0xffff,0xffff,0xffff,0xffff,0xffff,0xffff,0xffff,0xffff,0xffff,0xdf1c,0xadb7,0xffdf,0xffff,0xffff,0xffff,
  0xffff,0xffff,0xffff,0xffff,0xffff,0xffff,0xffff,0xffff,0xffff,0xffff,0xffff,0xffff,0xffff,0xffff,0xffff,0xffff,
  0xffff,0xffff,0xbdf8,0x8cb3,0xce7a,0xffff,0xffff,0xffff,0xef7e,0xef9e,0xef9e,0xef9e,0xef9e,0xef9e,0xef9e,0xef9e,
  0xef9e,0xe73d,0xdf3d,0xdf3d,0xe75d,0xef9e,0xef9e,0xef9e,0xef9e,0xef9e,0xef9e,0xef9e,0xef9e,0xef9e,0xef9e,0xef9e,
  0xef9e,0xef9e,0xef7e,0xffff,0xffff,0xffff,0xffff,0xffff,0xffff,0xffff,0xffff,0xffff,0xffff,0xffff,0xffff,0xffff,
  0xffff,0xffff,0xffff,0xffff,0xffff,0xef7e,0xef9e,0xef9e,0xef9e,0xef7e,0xffff,0xffff,0xf7df,0x5d3a,0xffff,0xffff,
  0xffff,0xffff,0xffff,0xffff,0xffff,0xffff,0xffff,0xffff,0xffff,0xffff,0xe73c,0xb5f8,0xffdf,0xffff,0xffff,0xffff,
  0xffff,0xffff,0xffff,0xffff,0xffff,0xffff,0xffff,0xffff,0xffff,0xffff,0xffff,0xffff,0xffff,0xffff,0xffff,0xffff,
  0xffff,0xffff,0xb5b7,0xb5d7,0xd69a,0xffff,0xffff,0xffff,0xef7e,0xef9e,0xef9e,0xef9e,0xef9e,0xef9e,0xef9e,0xef9e,
  0xef9e,0xef9e,0xef7e,0xe75d,0xe75d,0xef9e,0xef9e,0xef9e,0xef9e,0xef9e,0xef9e,0xef9e,0xef9e,0xef9e,0xef9e,0xef9e,
  0xef9e,0xef9e,0xef7e,0xffff,0xffff,0xffff,0xffff,0xffff,0xffff,0xffff,0xffff,0xffff,0xffff,0xffff,0xffff,0xffff,
  0xffff,0xffff,0xffff,0xffff,0xffff,0xef7e,0xef9e,0xef9e,0xef9e,0xef7e,0xffff,0xffff,0xf7df,0x551a,0xffff,0xffff,
  0xffff,0xffff,0xffff,0xffff,0xffff,0xffff,0xffff,0xffff,0xffff,0xffff,0xdf7e,0xaebd,0xb6dd,0xcf3e,0xf7bf,0xffff,
  0xffff,0xffff,0xffff,0xffff,0xffff,0xffdf,0xffff,0xffff,0xffff,0xffff,0xffff,0xffff,0xffff,0xffff,0xffff,0xffff,
  0xffff,0xffff,0xbdf8,0xad97,0xd6bb,0xffff,0xffff,0xffff,0xef7e,0xef9e,0xef9e,0xef9e,0xef9e,0xef9e,0xef9e,0xef9e,
  0xef9e,0xe73d,0xe73d,0xe75d,0xef7e,0xef9e,0xef9e,0xef9e,0xef9e,0xef9e,0xef9e,0xef9e,0xef9e,0xef9e,0xef9e,0xef9e,
  0xef9e,0xef9e,0xef7e,0xffff,0xffff,0xffff,0xffff,0xffff,0xffff,0xffff,0xffff,0xffff,0xffff,0xffff,0xffff,0xffff,
  0xffff,0xffff,0xffff,0xffff,0xffff,0xef7e,0xef9e,0xef9e,0xef9e,0xef7e,0xffff,0xffff,0xf7df,0x5d3a,0xefbf,0xffff,
  0xffff,0xffff,0xffff,0xffff,0xffff,0xffff,0xffff,0xffff,0xffff,0xe77e,0x1439,0x03d8,0x03d8,0x03d8,0x03f8,0x349a,
  0x75bb,0xbedd,0xefbf,0xffff,0xffdf,0xce9b,0xffff,0xffff,0xffff,0xffff,0xffff,0xffff,0xffff,0xffff,0xffff,0xffff,
  0xffff,0xffff,0xa555,0xc639,0xbe18,0xffdf,0xffff,0xffff,0xef7e,0xef9e,0xef9e,0xef9e,0xef9e,0xef9e,0xef9e,0xef9e,
  0xef9e,0xdf3d,0xdf1c,0xdf1c,0xe75d,0xef9e,0xef9e,0xef9e,0xef9e,0xef9e,0xef9e,0xef9e,0xef9e,0xef9e,0xef9e,0xef9e,
  0xef9e,0xef9e,0xef7e,0xffff,0xffff,0xffff,0xffff,0xffff,0xffff,0xffff,0xffff,0xffff,0xffff,0xffff,0xffff,0xffff,
  0xffff,0xffff,0xffff,0xffff,0xffff,0xef7e,0xef9e,0xef9e,0xef9e,0xef7e,0xffff,0xffff,0xffff,0xa65c,0x657b,0xf7df,
  0xffff,0xffff,0xffff,0xffff,0xffff,0xffff,0xffff,0xffff,0xffff,0xc6fe,0x03f8,0x03d8,0x03d8,0x03d8,0x03d8,0x03d8,
  0x03f8,0x0bf9,0x1c59,0xa67d,0xf7bf,0xffdf,0xffff,0xffff,0xffff,0xffff,0xffff,0xffff,0xffff,0xffff,0xffff,0xffff,
  0xffff,0xffff,0xf7be,0xf7bf,0xffdf,0xffff,0xffff,0xffff,0xef7e,0xef9e,0xef9e,0xef9e,0xef9e,0xef9e,0xef9e,0xef9e,
  0xef9e,0xdf3d,0xdf1c,0xdf1c,0xe75d,0xef9e,0xef9e,0xef9e,0xef9e,0xef9e,0xef9e,0xef9e,0xef9e,0xef9e,0xef9e,0xef9e,
  0xef9e,0xef9e,0xef7e,0xffff,0xffff,0xffff,0xffff,0xffff,0xffff,0xffff,0xffff,0xffff,0xffff,0xffff,0xffff,0xffff,
  0xffff,0xffff,0xffff,0xffff,0xffff,0xef7e,0xef9e,0xef9e,0xef9e,0xef7e,0xffff,0xffff,0xffff,0xdf3e,0x963c,0xa67d,
  0xffff,0xffff,0xffff,0xffff,0xffff,0xffff,0xffff,0xffff,0xffff,0xffdf,0x963c,0x5d5b,0x4d1a,0x2c99,0x1419,0x0bf9,
  0x03d8,0x03d8,0x03d8,0x0bf9,0x3cda,0xbefd,0xffff,0xffff,0xffff,0xffff,0xffff,0xffff,0xffff,0xffff,0xffff,0xffff,
  0xffff,0xffff,0xef7d,0xffff,0xffff,0xffff,0xffff,0xffff,0xef7e,0xef9e,0xef9e,0xef9e,0xef9e,0xef9e,0xef9e,0xef9e,
  0xef9e,0xef7e,0xe77e,0xe75d,0xe75d,0xef9e,0xef9e,0xef9e,0xef9e,0xef9e,0xef9e,0xef9e,0xef9e,0xef9e,0xef9e,0xef9e,
  0xef9e,0xef9e,0xef7e,0xffff,0xffff,0xffff,0xffff,0xffff,0xffff,0xffff,0xffff,0xffff,0xffff,0xffff,0xffff,0xffff,
  0xffff,0xffff,0xffff,0xffff,0xffff,0xef7e,0xef9e,0xef9e,0xef9e,0xef7e,0xffff,0xffff,0xffff,0xdf5e,0xc6fe,0x4cfa,
  0xf7bf,0xffff,0xffff,0xffff,0xffff,0xffff,0xffff,0xffff,0xffff,0xffff,0xffff,0xf7df,0xf7df,0xf7bf,0xe77e,0xa67d,
  0x5d3b,0x2459,0x03f8,0x03d8,0x03d8,0x1419,0x963c,0xf7df,0xffff,0xffff,0xffff,0xffff,0xffff,0xffff,0xffff,0xffff,
  0xffff,0xffff,0xffff,0xffff,0xffff,0xffff,0xffff,0xffff,0xef7e,0xef9e,0xef9e,0xef9e,0xef9e,0xef9e,0xef9e,0xef9e,
  0xef9e,0xe73d,0xe75d,0xef7e,0xef9e,0xef9e,0xef9e,0xef9e,0xef9e,0xef9e,0xef9e,0xef9e,0xef9e,0xef9e,0xef9e,0xef9e,
  0xef9e,0xef9e,0xef7e,0xffff,0xffff,0xffff,0xef7e,0xef7e,0xef7e,0xef7e,0xef7e,0xef7e,0xef7e,0xef7e,0xef7e,0xef7e,
  0xef7e,0xef7e,0xffff,0xffff,0xffff,0xef7e,0xef9e,0xef9e,0xef9e,0xef7e,0xffff,0xffff,0xffff,0xdf5e,0xd75e,0x8e3c,
  0xaebd,0xffff,0xffff,0xffff,0xffff,0xffff,0xffff,0xffff,0xffff,0xffff,0xffff,0xffff,0xffff,0xffff,0xffff,0xffff,
  0xffff,0xefbf,0x6d9b,0x0bf9,0x03d8,0x03d8,0x03d8,0x6d7b,0xf7df,0xffff,0xffff,0xffff,0xffff,0xffff,0xffff,0xffff,
  0xffff,0xffff,0xef7d,0xe71c,0xf7be,0xffff,0xffff,0xffff,0xef7e,0xef9e,0xef9e,0xef9e,0xef9e,0xef9e,0xef9e,0xef9e,
  0xef9e,0xdf3d,0xdf1c,0xdf1c,0xe75d,0xef9e,0xef9e,0xef9e,0xef9e,0xef9e,0xef9e,0xef9e,0xef9e,0xef9e,0xef9e,0xef9e,
  0xef9e,0xef9e,0xef7e,0xffff,0xffff,0xffff,0xffff,0xffff,0xffff,0xffff,0xffff,0xffff,0xffff,0xffff,0xffff,0xffff,
  0xffff,0xffff,0xffff,0xffff,0xffff,0xef7e,0xef9e,0xef9e,0xef9e,0xef7e,0xffff,0xffff,0xffff,0xdf5e,0xd75e,0xd73e,
  0x657b,0xcf3e,0xffff,0xffff,0xffff,0xffff,0xffff,0xffff,0xffff,0xffff,0xffff,0xffff,0xffff,0xffff,0xffff,0xffff,
  0xffff,0xffff,0xffff,0xc71e,0x349a,0x03d8,0x03d8,0x03d8,0x759b,0xf7df,0xffff,0xffff,0xffff,0xffff,0xffff,0xffff,
  0xffff,0xffff,0x9d15,0xad97,0xb5d8,0xffdf,0xffff,0xffff,0xef7e,0xef9e,0xef9e,0xef9e,0xef9e,0xef9e,0xef9e,0xef9e,
  0xef9e,0xdf3d,0xdf1c,0xdf1c,0xe75d,0xef9e,0xef9e,0xef9e,0xef9e,0xef9e,0xef9e,0xef9e,0xef9e,0xef9e,0xef9e,0xef9e,
  0xef9e,0xef9e,0xef7e,0xffff,0xffff,0xffff,0xffff,0xffff,0xffff,0xffff,0xffff,0xffff,0xffff,0xffff,0xffff,0xffff,
  0xffff,0xffff,0xffff,0xffff,0xffff,0xef7e,0xef9e,0xef9e,0xef9e,0xef7e,0xffff,0xffff,0xffff,0xdf5e,0xd75e,0xd75e,
  0xbede,0x6d9b,0xffff,0xffff,0xffff,0xffff,0xffff,0xffff,0xffff,0xffff,0xffff,0xffff,0xffff,0xffff,0xffff,0xffff,
  0xffff,0xffff,0xffff,0xffff,0xf7df,0x551a,0x03d8,0x03d8,0x03f8,0x85fc,0xffff,0xffff,0xffff,0xffff,0xffff,0xffff,
  0xffff,0xffff,0xce7a,0xd6db,0xe73c,0xffff,0xffff,0xffff,0xef7e,0xef9e,0xef9e,0xef9e,0xef9e,0xef9e,0xef9e,0xef9e,
  0xef9e,0xe77e,0xe75d,0xe73d,0xe75d,0xef9e,0xef9e,0xef9e,0xef9e,0xef9e,0xef9e,0xef9e,0xef9e,0xef9e,0xef9e,0xef9e,
  0xef9e,0xef9e,0xef7e,0xffff,0xffff,0xffff,0xffff,0xffff,0xffff,0xffff,0xffff,0xffff,0xffff,0xffff,0xffff,0xffff,
  0xffff,0xffff,0xffff,0xffff,0xffff,0xef7e,0xef9e,0xef9e,0xef9e,0xef7e,0xffff,0xffff,0xffff,0xdf5e,0xd75e,0xd75e,
  0xcf1e,0x6d7b,0xffff,0xffff,0xffff,0xffff,0xffff,0xffff,0xffff,0xffff,0xffff,0xffff,0xffff,0xffdf,0xf7be,0xf7be,
  0xf7be,0xffff,0xffff,0xffff,0xffff,0xf7df,0x553a,0x03f8,0x03d8,0x1419,0xd73e,0xffff,0xef5d,0xf79e,0xffff,0xffff,
  0xffff,0xffff,0xffff,0xffff,0xffff,0xffff,0xffff,0xffff,0xef7e,0xef9e,0xef9e,0xe73d,0xd6dc,0xe73d,0xef9e,0xef9e,
  0xef9e,0xe73d,0xe77e,0xef9e,0xef9e,0xef9e,0xef9e,0xef9e,0xef9e,0xef9e,0xef9e,0xef9e,0xef9e,0xef9e,0xef9e,0xef9e,
  0xef9e,0xef9e,0xef7e,0xffff,0xffff,0xffff,0xffff,0xffff,0xffff,0xffff,0xffff,0xffff,0xffff,0xffff,0xffff,0xffff,
  0xffff,0xffff,0xffff,0xffff,0xffff,0xef7e,0xef9e,0xef9e,0xef9e,0xef7e,0xffff,0xffff,0xffff,0xdf5e,0xd75e,0xd75e,
  0xcf3e,0x7ddc,0xf7bf,0xffff,0xffff,0xffff,0xffff,0xffff,0xffff,0xffff,0xffff,0xffdf,0x9cd3,0x4249,0x3a08,0x3a08,
  0x3a08,0x52cb,0xdefb,0xffff,0xffff,0xffff,0xe79f,0x349a,0x03d8,0x03d8,0x2479,0xe79e,0xe73d,0xffff,0xffff,0xffff,
  0xffff,0xffff,0xffff,0xffff,0xffff,0xffff,0xffff,0xffff,0xef7e,0xef9e,0xef9e,0xb5d8,0xa577,0xc65a,0xef9e,0xef9e,
  0xef9e,0xdf3d,0xdf1c,0xdf3d,0xe75d,0xef9e,0xef9e,0xef9e,0xef9e,0xef9e,0xef9e,0xef9e,0xef9e,0xef9e,0xef9e,0xef9e,
  0xef9e,0xef9e,0xef7e,0xffff,0xffff,0xffff,0xffff,0xffff,0xffff,0xffff,0xffff,0xffff,0xffff,0xffff,0xffff,0xe73d,
  0xdefc,0xef7e,0xffff,0xffff,0xffff,0xef7e,0xef9e,0xef9e,0xef9e,0xef7e,0xffff,0xffff,0xffff,0xdf5e,0xd75e,0xd75e,
  0xd75e,0xa67d,0x8e1c,0xffdf,0xffff,0xffff,0xffff,0xffff,0xffff,0xffff,0xffff,0xf79e,0x2145,0x5acb,0x73af,0x73af,
  0x73ae,0x2145,0x8410,0xffdf,0xffff,0xffff,0xffff,0xdf7e,0x2459,0x03d8,0x03f9,0x963c,0xffff,0xffff,0xffff,0xffff,
  0xffff,0xffff,0xffff,0xffff,0xffff,0xffff,0xffff,0xffff,0xef7e,0xef9e,0xef7e,0xc67a,0xc65a,0xd6fc,0xef9e,0xef9e,
  0xef9e,0xdf3d,0xdf1c,0xdf1c,0xe75d,0xef9e,0xef9e,0xef9e,0xef9e,0xef9e,0xef9e,0xef9e,0xef9e,0xef9e,0xef9e,0xef9e,
  0xef9e,0xef9e,0xef7e,0xffff,0xffff,0xffff,0xffff,0xffff,0xffff,0xffff,0xffff,0xf7be,0xffff,0xffff,0xffdf,0xad76,
  0xe71c,0xb5d8,0xffff,0xffff,0xffff,0xef7e,0xef9e,0xef9e,0xef9e,0xef7e,0xffff,0xffff,0xffff,0xdf5e,0xd75e,0xd75e,
  0xd75e,0xcf3e,0x657b,0xc71e,0xffff,0xffff,0xffff,0xffff,0xffff,0xffff,0xffff,0xef7d,0x18e4,0xdedb,0xf79e,0xf79e,
  0xf79e,0x634d,0x632d,0xffdf,0xffff,0xffff,0xffff,0xffff,0x85fc,0x03f8,0x03d8,0x1c39,0xf7df,0xffff,0xffff,0xffff,
  0xffff,0xffff,0xffff,0xffff,0xffff,0xffff,0xffff,0xffff,0xef7e,0xef9e,0xef7e,0xbe19,0xdf3d,0xc65a,0xef9e,0xef9e,
  0xef9e,0xe75d,0xdf3d,0xdf3d,0xe75d,0xef9e,0xef9e,0xef9e,0xef9e,0xef9e,0xef9e,0xef9e,0xef9e,0xef9e,0xef9e,0xef9e,
  0xef9e,0xef9e,0xef7e,0xffff,0xffff,0xffdf,0xf7be,0xf7be,0xf7be,0xf7be,0xef5d,0x2986,0xe73c,0xffff,0xffdf,0xce7a,
  0xc639,0xdefb,0xffff,0xffff,0xffff,0xef7e,0xef9e,0xef9e,0xef9e,0xef7e,0xffff,0xffff,0xffff,0xdf5e,0xd75e,0xd75e,
  0xd75e,0xd73e,0x8e1c,0xc6fe,0xffff,0xffff,0xffff,0xffff,0xffff,0xffff,0xffff,0xf7be,0x4249,0x10c3,0x2125,0x2125,
  0x2125,0x0862,0xad75,0xffff,0xffff,0xffff,0xffff,0xffff,0xe79f,0x2c99,0x03d8,0x03d8,0x9e5d,0xffff,0xffff,0xffff,
  0xffff,0xffff,0xffff,0xffff,0xffff,0xffff,0xffff,0xffff,0xef7e,0xef9e,0xef9e,0xdf1c,0xd6dc,0xe73d,0xef9e,0xef9e,
  0xef9e,0xe75d,0xef7e,0xef7e,0xef9e,0xef9e,0xef9e,0xef9e,0xef9e,0xef9e,0xef9e,0xef9e,0xef9e,0xef9e,0xef9e,0xef9e,
  0xef9e,0xef9e,0xef7e,0xffff,0xffdf,0x6b6e,0x18e4,0x18e3,0x18e3,0x18e3,0x10c3,0x0041,0xad75,0xffff,0xffdf,0xb5d7,
  0xbe18,0xc659,0xffff,0xffff,0xffff,0xef7e,0xef9e,0xef9e,0xef9e,0xef7e,0xffff,0xffff,0xffff,0xdf5e,0xd75e,0xd75e,
  0xd75e,0xd73e,0x9e5d,0xbedd,0xffff,0xffff,0xffff,0xffff,0xffff,0xffff,0xffff,0xffff,0xdefc,0xad55,0x9d14,0xa514,
  0xa514,0xce79,0xffdf,0xffff,0xffff,0xffff,0xffff,0xffff,0xffff,0x8e1c,0x03d8,0x03d8,0x4d1a,0xf7df,0xffff,0xffff,
  0xffff,0xffff,0xffff,0xffff,0xffff,0xffff,0xffff,0xffff,0xef7e,0xef9e,0xef9e,0xef9e,0xef9e,0xef9e,0xef9e,0xef9e,
  0xef9e,0xdf3d,0xdf1c,0xdf3d,0xe75d,0xef9e,0xef9e,0xef9e,0xef9e,0xef9e,0xef9e,0xef9e,0xef9e,0xef9e,0xef9e,0xef9e,
  0xef9e,0xef9e,0xef7e,0xffff,0xffff,0xce59,0xad76,0xad75,0xad75,0xad75,0xad75,0xad75,0xe73c,0xffff,0xffdf,0x9d35,
  0xce9a,0xb5b7,0xffff,0xffff,0xffff,0xef7e,0xef9e,0xef9e,0xef9e,0xef7e,0xffff,0xffff,0xffff,0xdf5e,0xd75e,0xd75e,
  0xd75e,0xd75e,0xbedd,0x85fc,0xffff,0xffff,0xffff,0xffff,0xffff,0xffff,0xffff,0xffdf,0x4249,0x6b8e,0xffdf,0xffdf,
  0xffdf,0xffff,0xffff,0xffff,0xffff,0xffff,0xffff,0xffff,0xffff,0xc71e,0x0bf9,0x03d8,0x2459,0xefbf,0xffff,0xffff,
  0xffff,0xffff,0xffff,0xffff,0xffff,0xffff,0xffff,0xffff,0xef7e,0xef9e,0xef9e,0xef9e,0xef9e,0xef9e,0xef9e,0xef9e,
  0xef9e,0xdf3d,0xdf1c,0xdf1c,0xe75d,0xef9e,0xef9e,0xef9e,0xef9e,0xef9e,0xef9e,0xef9e,0xef9e,0xef9e,0xef9e,0xef9e,
  0xef9e,0xef9e,0xef7e,0xffff,0xffff,0xffff,0xffdf,0xffdf,0xffdf,0xffdf,0xffdf,0xffdf,0xffff,0xffff,0xffdf,0xdefc,
  0xce7a,0xe75d,0xffff,0xffff,0xffff,0xef7e,0xef9e,0xef9e,0xef9e,0xef7e,0xffff,0xffff,0xffff,0xdf5e,0xd75e,0xd75e,
  0xd75e,0xd75e,0xd73e,0x6d9b,0xc71e,0xffff,0xffff,0xffff,0xffff,0xffff,0xffff,0xffdf,0xad75,0xc638,0xffff,0xffff,
  0xffff,0xffff,0xffff,0xffff,0xffff,0xffff,0xffff,0xffff,0xffff,0xdf7e,0x1419,0x03d8,0x03d8,0xdf7e,0xf7df,0xffff,
  0xffff,0xffff,0xffff,0xffff,0xffff,0xffff,0xffff,0xffff,0xef7e,0xef9e,0xef9e,0xef9e,0xef9e,0xef9e,0xef9e,0xef9e,
  0xef9e,0xe73d,0xdf3d,0xdf3d,0xe75d,0xef9e,0xef9e,0xef9e,0xef9e,0xef9e,0xef9e,0xef9e,0xef9e,0xef9e,0xef9e,0xef9e,
  0xef9e,0xef9e,0xef7e,0xffff,0xffff,0xffff,0xffff,0xffff,0xffff,0xffff,0xffff,0xffff,0xffff,0xffff,0xffdf,0x9d15,
  0xb5f8,0xb5d8,0xffff,0xffff,0xffff,0xef7e,0xef9e,0xef9e,0xef9e,0xef7e,0xffff,0xffff,0xffff,0xdf5e,0xd75e,0xd75e,
  0xd75e,0xd75e,0xd73e,0x963c,0xa69d,0xffff,0xffff,0xffff,0xffff,0xffff,0xffff,0xffff,0xdedb,0xb596,0xf7be,0xffff,
  0xffff,0xdedb,0xd69a,0xffff,0xffff,0xffff,0xffff,0xffff,0xf7df,0xe79f,0x2c99,0x03d8,0x03d8,0xae9d,0xefbf,0xf7df,
  0xffff,0xffff,0xffff,0xffff,0xffff,0xffff,0xffff,0xffff,0xef7e,0xef9e,0xef9e,0xef9e,0xef9e,0xef9e,0xef9e,0xef9e,
  0xef9e,0xef7e,0xef7e,0xe77e,0xef7e,0xef9e,0xef9e,0xef9e,0xef9e,0xef9e,0xef9e,0xef9e,0xef9e,0xef9e,0xef9e,0xef9e,
  0xef9e,0xef9e,0xef7e,0xffff,0xffff,0xffdf,0xf7be,0xffff,0xffff,0xffff,0xf7be,0xffdf,0xffff,0xffff,0xffdf,0xb5d7,
  0x94d4,0xce9a,0xffff,0xffff,0xffff,0xef7e,0xef9e,0xef9e,0xef9e,0xef7e,0xffff,0xffff,0xffff,0xdf5e,0xd75e,0xd75e,
  0xd75e,0xd75e,0xd73e,0x8e1c,0xaebd,0xffff,0xffff,0xffff,0xffff,0xffff,0xffff,0xf7be,0x39e8,0x2145,0xef7d,0xd6ba,
  0xdefb,0x7bef,0x632d,0xf7be,0xffff,0xffff,0xffff,0xffdf,0xf7df,0xe79f,0x5d5b,0x03d8,0x03d8,0x8e1c,0xe79f,0xf7bf,
  0xf7df,0xffff,0xffff,0xffff,0xffff,0xffff,0xffff,0xffff,0xef7e,0xef9e,0xef9e,0xef9e,0xef9e,0xef9e,0xef9e,0xef9e,
  0xef9e,0xe73d,0xdf3d,0xe73d,0xef7e,0xef9e,0xef9e,0xef9e,0xef9e,0xef9e,0xef9e,0xef9e,0xef9e,0xef9e,0xef9e,0xef9e,
  0xef9e,0xef9e,0xef7e,0xffff,0xffdf,0x8410,0x528a,0xe71c,0xffff,0xdedb,0x4208,0x7bf0,0xffdf,0xffff,0xffff,0xffff,
  0xffff,0xffff,0xffff,0xffff,0xffff,0xef7e,0xef9e,0xef9e,0xef9e,0xef7e,0xffff,0xffff,0xffff,0xdf5e,0xd75e,0xd75e,
  0xd75e,0xd75e,0xd73e,0x8e1c,0xa67d,0xffff,0xffff,0xffff,0xffff,0xffff,0xffff,0xef5d,0x18e4,0xce59,0xf79e,0x52ab,
  0x2966,0x52cb,0x630c,0xf7be,0xffff,0xffff,0xffff,0xf7df,0xefbf,0xdf7f,0x6d7b,0x0376,0x0376,0x75bb,0xc69b,0xbe39,
  0xce7a,0xffff,0xffff,0xffff,0xffff,0xffff,0xffff,0xffff,0xef7e,0xef9e,0xef9e,0xef9e,0xef9e,0xef9e,0xef9e,0xef9e,
  0xef9e,0xdf3d,0xdf1c,0xdf1c,0xe75d,0xef9e,0xef9e,0xef9e,0xef9e,0xef9e,0xef9e,0xef9e,0xef9e,0xef9e,0xef9e,0xef9e,
  0xef9e,0xef9e,0xef7e,0xffff,0xffdf,0x5b0c,0x0882,0x18e4,0xbdd7,0xe73c,0x7bcf,0x10c3,0xce59,0xffff,0xffff,0xffff,
  0xffff,0xffff,0xffff,0xffff,0xffff,0xef7e,0xef9e,0xef9e,0xef9e,0xef7e,0xffff,0xffff,0xffff,0xdf5e,0xd75e,0xd75e,
  0xd75e,0xd75e,0xd75e,0xd73e,0x655b,0xf7df,0xffff,0xffff,0xffff,0xffff,0xffff,0xf79e,0x2986,0x31c7,0x4a8a,0x2104,
  0x5acb,0x0041,0x5aec,0xf7be,0xffff,0xffff,0xffff,0xf7df,0xefbf,0xdf7e,0x6d7a,0x00c5,0x00c5,0x757a,0xbe9b,0xbe19,
  0xc67a,0xffff,0xffff,0xffff,0xffff,0xffff,0xffff,0xffff,0xef7e,0xef9e,0xef9e,0xef9e,0xef9e,0xef9e,0xef9e,0xef9e,
  0xef9e,0xe73d,0xdf1c,0xdf1c,0xe75d,0xef9e,0xef9e,0xef9e,0xef9e,0xef9e,0xef9e,0xef9e,0xef9e,0xef9e,0xef9e,0xef9e,
  0xef9e,0xef9e,0xef7e,0xffff,0xf7df,0x5b0c,0x52cb,0x52cb,0x10a3,0x7bcf,0xd69a,0x1904,0xb5b6,0xffff,0xffff,0xffff,
  0xffff,0xffff,0xffff,0xffff,0xffff,0xef7e,0xef9e,0xef9e,0xef9e,0xef7e,0xffff,0xffff,0xffff,0xdf5e,0xd75e,0xd75e,
  0xd75e,0xd75e,0xd75e,0xd75e,0x7ddc,0xf7df,0xffff,0xffff,0xffff,0xffff,0xffff,0xffff,0xdefb,0x73cf,0x6b6e,0xd69a,
  0xf7be,0x8431,0x9cf3,0xffdf,0xffff,0xffff,0xffff,0xf7df,0xefbf,0xdf7e,0x961b,0x0127,0x0127,0xa63c,0xdf7e,0xef9f,
  0xf7bf,0xffff,0xffff,0xffff,0xffff,0xffff,0xffff,0xffff,0xef7e,0xef9e,0xef9e,0xef9e,0xef9e,0xef9e,0xef9e,0xef9e,
  0xef9e,0xef9e,0xef9e,0xe75d,0xe75d,0xef9e,0xef9e,0xef9e,0xef9e,0xef9e,0xef9e,0xef9e,0xef9e,0xef9e,0xef9e,0xef9e,
  0xef9e,0xef9e,0xef7e,0xffff,0xffdf,0x632d,0x632d,0xef7d,0x9cd3,0x2966,0x18e4,0x4a69,0xf79e,0xffff,0xffff,0xffff,
  0xffff,0xffff,0xffff,0xffff,0xffff,0xef7e,0xef9e,0xef9e,0xef9e,0xef7e,0xffff,0xffff,0xffff,0xdf5e,0xd75e,0xd75e,
  0xd75e,0xd75e,0xd75e,0xd73e,0x75bb,0xefbf,0xffff,0xffff,0xffff,0xffff,0xffff,0xffff,0xffff,0xffdf,0xffdf,0xffff,
  0xffff,0xffdf,0xffdf,0xffff,0xffff,0xffff,0xffff,0xf7df,0xefbf,0xe79f,0xc6bc,0x8db9,0x8db9,0xd71e,0xe79f,0xefbf,
  0xf7df,0xffff,0xffff,0xffff,0xffff,0xffff,0xffff,0xffff,0xef7e,0xef9e,0xef9e,0xef9e,0xef9e,0xef9e,0xef9e,0xef9e,
  0xef9e,0xe73d,0xe73d,0xe75d,0xef7e,0xef9e,0xef9e,0xef9e,0xef9e,0xef9e,0xef9e,0xef9e,0xef9e,0xef9e,0xef9e,0xef9e,
  0xef9e,0xef9e,0xef7e,0xffff,0xffff,0xc659,0xc618,0xf79e,0xf79e,0xdefb,0xbdd7,0xef5d,0xffff,0xffff,0xffff,0xffff,
  0xffff,0xffff,0xffff,0xffff,0xffff,0xef7e,0xef9e,0xef9e,0xef9e,0xef7e,0xffff,0xffff,0xffff,0xdf5e,0xd75e,0xd75e,
  0xd75e,0xd75e,0xd75e,0xc6fe,0x657b,0xffdf,0xffff,0xffff,0xffff,0xffff,0xffff,0xffff,0xffdf,0xffdf,0xffdf,0xffdf,
  0xffdf,0x9cf3,0xdedb,0xffff,0xffff,0xffff,0xffff,0xffdf,0xf7df,0xef9f,0xcedc,0xc6bc,0xc6dc,0xe77e,0xefbf,0xf7df,
  0xffff,0xffff,0xffff,0xffff,0xffff,0xffff,0xffff,0xffff,0xef7e,0xef9e,0xef9e,0xef9e,0xef9e,0xef9e,0xef9e,0xef9e,
  0xef9e,0xdf3d,0xdf1c,0xdf1c,0xe75d,0xef9e,0xef9e,0xef9e,0xef9e,0xef9e,0xef9e,0xef9e,0xef9e,0xef9e,0xef9e,0xef9e,
  0xef9e,0xef9e,0xef7e,0xffff,0xffff,0xf7be,0x73af,0x31c7,0x8c92,0x9492,0x39e8,0xad55,0xffdf,0xffff,0xffff,0xffff,
  0xffff,0xffff,0xffff,0xffff,0xffff,0xef7e,0xef9e,0xef9e,0xef9e,0xef7e,0xffff,0xffff,0xffff,0xdf5e,0xd75e,0xd75e,
  0xd75e,0xd75e,0xd75e,0xa67d,0x8e1c,0xffff,0xffff,0xffff,0xffff,0xffff,0xffff,0xf7be,0x9d14,0x9cd3,0x9cd3,0x9cd3,
  0x9cd3,0x10c3,0x6b6e,0xffdf,0xffff,0xffff,0xffff,0xffff,0xffdf,0xef9e,0xd6fc,0xcedc,0xd6fc,0xefbf,0xf7df,0xffdf,
  0xffff,0xffff,0xffff,0xffff,0xffff,0xffff,0xffff,0xffff,0xef7e,0xef9e,0xef9e,0xef9e,0xef9e,0xef9e,0xef9e,0xef9e,
  0xef9e,0xe73d,0xdf1c,0xdf1c,0xe75d,0xef9e,0xef9e,0xef9e,0xef9e,0xef9e,0xef9e,0xef9e,0xef9e,0xef9e,0xef9e,0xef9e,
  0xef9e,0xef9e,0xef7e,0xffff,0xffdf,0x8451,0x1904,0x6b4d,0x1904,0x18e4,0x632c,0x10a3,0xce7a,0xffff,0xffff,0xffff,
  0xffff,0xffff,0xffff,0xffff,0xffff,0xef7e,0xef9e,0xef9e,0xef9e,0xef7e,0xffff,0xffff,0xffff,0xdf5e,0xd75e,0xd75e,
  0xd75e,0xd75e,0xd75e,0xae9d,0x8e1c,0xffff,0xffff,0xffff,0xffff,0xffff,0xffff,0xef7d,0x2986,0x2125,0x2125,0x2125,
  0x2125,0x2125,0x738e,0xffdf,0xffff,0xffff,0xffff,0xffff,0xffff,0xef7e,0xd6fc,0xd6fc,0xdf3d,0xf7df,0xffff,0xffff,
  0xffff,0xffff,0xffff,0xffff,0xffff,0xffff,0xffff,0xffff,0xef7e,0xef9e,0xef9e,0xef9e,0xef9e,0xef9e,0xef9e,0xef9e,
  0xef9e,0xef7e,0xe77e,0xe75d,0xe75d,0xef9e,0xef9e,0xef9e,0xef9e,0xef9e,0xef9e,0xef9e,0xef9e,0xef9e,0xef9e,0xef9e,
  0xef9e,0xef9e,0xef7e,0xffff,0xffdf,0x634d,0x4229,0xce59,0x4229,0x4228,0xc618,0x2125,0xb5b6,0xffff,0xffff,0xffff,
  0xffff,0xffff,0xffff,0xffff,0xffff,0xef7e,0xef9e,0xef9e,0xef9e,0xef7e,0xffff,0xffff,0xffff,0xdf5e,0xd75e,0xd75e,
  0xd75e,0xd75e,0xd73e,0x7ddc,0xbedd,0xffff,0xffff,0xffff,0xffff,0xffff,0xffff,0xffff,0xffdf,0xffdf,0xffdf,0xffdf,
  0xffdf,0xffdf,0xffff,0xffff,0xffff,0xffff,0xffff,0xffff,0xffdf,0xe73d,0xdf1c,0xdf1c,0xef9e,0xffff,0xffff,0xffff,
  0xffff,0xffff,0xffff,0xffff,0xffff,0xffff,0xffff,0xffff,0xef7e,0xef9e,0xef9e,0xef9e,0xef9e,0xef9e,0xef9e,0xef9e,
  0xef9e,0xe73d,0xe75d,0xef7e,0xef9e,0xef9e,0xef9e,0xef9e,0xef9e,0xef9e,0xef9e,0xef9e,0xef9e,0xef9e,0xef9e,0xef9e,
  0xef9e,0xef9e,0xef7e,0xffff,0xffff,0xc638,0x10a3,0x10a3,0x1904,0x2124,0x10a3,0x2966,0xf7be,0xffff,0xffff,0xffff,
  0xffff,0xffff,0xffff,0xffff,0xffff,0xef7e,0xef9e,0xef9e,0xef9e,0xef7e,0xffff,0xffff,0xffff,0xdf5e,0xd75e,0xd75e,
  0xd75e,0xd75e,0xcf3e,0x7ddc,0xffff,0xffff,0xffff,0xffff,0xffff,0xffff,0xffff,0xffff,0xffff,0xffff,0xffff,0xffff,
  0xffff,0xffff,0xffff,0xffff,0xffff,0xffff,0xffff,0xffff,0xef9e,0xdf1c,0xdf1c,0xe73d,0xffff,0xffff,0xffff,0xffff,
  0xffff,0xffff,0xf75a,0xf73a,0xff7c,0xffff,0xffff,0xffff,0xef7e,0xef9e,0xef9e,0xef9e,0xef9e,0xef9e,0xef9e,0xef9e,
  0xef9e,0xdf3d,0xdf1c,0xdf3d,0xe75d,0xef9e,0xef9e,0xef9e,0xef9e,0xef9e,0xef9e,0xef9e,0xef9e,0xef9e,0xef9e,0xef9e,
  0xef9e,0xef9e,0xef7e,0xffff,0xffff,0xffdf,0xd69a,0x94d3,0xc638,0xd6ba,0xbdf7,0xe71c,0xffff,0xffff,0xffff,0xffff,
  0xffff,0xffff,0xffff,0xffff,0xffff,0xef7e,0xef9e,0xef9e,0xef9e,0xef7e,0xffff,0xffff,0xffff,0xdf5e,0xd75e,0xd75e,
  0xd75e,0xd73e,0x75bc,0xc6fe,0xffff,0xffff,0xffff,0xffff,0xffff,0xffff,0xffff,0xffdf,0xc659,0xbe18,0xf79e,0xffff,
  0xffff,0xffff,0xffff,0xffff,0xffff,0xffff,0xffff,0xffdf,0xe73d,0xdf1c,0xdf3d,0xf79e,0xffff,0xffff,0xffff,0xffff,
  0xffff,0xffff,0xf719,0xdd4c,0xe612,0xffff,0xffff,0xffff,0xef7e,0xef9e,0xef9e,0xef9e,0xef9e,0xef9e,0xef9e,0xef9e,
  0xef9e,0xdf3d,0xdf1c,0xdf1c,0xe75d,0xef9e,0xef9e,0xef9e,0xef9e,0xef9e,0xef9e,0xef9e,0xef9e,0xef9e,0xef9e,0xef9e,
  0xef9e,0xef9e,0xef7e,0xffff,0xffff,0xffff,0xffff,0x18e4,0x2986,0x7c10,0xc618,0xef7d,0xffff,0xffff,0xffff,0xffff,
  0xffff,0xffff,0xffff,0xffff,0xffff,0xef7e,0xef9e,0xef9e,0xef9e,0xef7e,0xffff,0xffff,0xffff,0xdf5e,0xd75e,0xd75e,
  0xd75e,0xd73e,0x7ddc,0xcf3e,0xffff,0xffff,0xffff,0xffff,0xffff,0xffff,0xffff,0xf7df,0xb5d8,0xbe18,0xbdf8,0xffff,
  0xffff,0xffff,0xffff,0xffff,0xffff,0xffff,0xffff,0xe75d,0xdf1c,0xdf1c,0xe73d,0xffdf,0xe73d,0xffff,0xffff,0xffff,
  0xffff,0xffff,0xffde,0xee53,0xf718,0xffff,0xffff,0xffff,0xef7e,0xef9e,0xef9e,0xef9e,0xef9e,0xef9e,0xef9e,0xef9e,
  0xef9e,0xe75d,0xe75d,0xe73d,0xe75d,0xef9e,0xef9e,0xef9e,0xef9e,0xef9e,0xef9e,0xef9e,0xef9e,0xef9e,0xef9e,0xef9e,
  0xef9e,0xef9e,0xef7e,0xffff,0xffff,0xffff,0xffff,0x0882,0x39e7,0x10c3,0x10a3,0x2986,0xce7a,0xffff,0xffff,0xffff,
  0xffff,0xffff,0xffff,0xffff,0xffff,0xef7e,0xef9e,0xef9e,0xef9e,0xef7e,0xffff,0xffff,0xffff,0xdf5e,0xd75e,0xd75e,
  0xd75e,0xcf3e,0x657b,0xd73e,0xffff,0xffff,0xffff,0xffff,0xffff,0xffff,0xffff,0xffdf,0xe73d,0xef5d,0xf7df,0xffff,
  0xffff,0xffff,0xffff,0xffff,0xffff,0xffff,0xef7d,0xdf3c,0xdf1c,0xe73d,0xffdf,0xffff,0xef5d,0xf79e,0xffff,0xffff,
  0xffff,0xffff,0xd4e9,0xd4e9,0xe5f1,0xffff,0xffff,0xffff,0xef7e,0xef9e,0xef9e,0xef9e,0xef9e,0xef9e,0xef9e,0xef9e,
  0xef9e,0xe75d,0xef7e,0xef9e,0xef9e,0xef9e,0xef9e,0xef9e,0xef9e,0xef9e,0xef9e,0xef9e,0xef9e,0xef9e,0xef9e,0xef9e,
  0xef9e,0xef9e,0xef7e,0xffff,0xffff,0xd6ba,0xbdf7,0x0862,0x7bcf,0xc618,0xbdd7,0x6b6d,0xbdd7,0xffff,0xffff,0xffff,
  0xffff,0xffff,0xffff,0xffff,0xffff,0xef7e,0xef9e,0xef9e,0xef9e,0xef7e,0xffff,0xffff,0xffff,0xdf5e,0xd75e,0xd75e,
  0xd75e,0xb6bd,0x553b,0xffff,0xffff,0xffff,0xffff,0xffff,0xffff,0xffff,0xffff,0xffff,0xffff,0xffff,0xffff,0xffff,
  0xffff,0xffff,0xffff,0xffff,0xffff,0xef7d,0xdf1c,0xdf1c,0xdf3d,0xef9e,0xffff,0xffff,0xffff,0xffff,0xffff,0xffff,
  0xffff,0xffff,0xee33,0xf6f8,0xee95,0xffdf,0xffff,0xffff,0xef7e,0xef9e,0xef9e,0xef9e,0xef9e,0xef9e,0xef9e,0xef9e,
  0xef9e,0xdf3d,0xdf1c,0xdf3d,0xe75d,0xef9e,0xef9e,0xef9e,0xef9e,0xef9e,0xef9e,0xef9e,0xef9e,0xef9e,0xef9e,0xef9e,
  0xef9e,0xef9e,0xef7e,0xffff,0xffdf,0x6b6d,0x10c3,0x0021,0x0882,0x634d,0xffff,0xffff,0xffff,0xffff,0xffff,0xffff,
  0xffff,0xffff,0xffff,0xffff,0xffff,0xef7e,0xef9e,0xef9e,0xef9e,0xef7e,0xffff,0xffff,0xffff,0xdf5e,0xd75e,0xd75e,
  0xd73e,0x85fc,0xe79f,0xffff,0xffff,0xffff,0xffff,0xffff,0xffff,0xffff,0xffff,0xffff,0xffff,0xffff,0xffff,0xffff,
  0xffff,0xffff,0xffff,0xf7df,0xe75d,0xdf1c,0xdf1c,0xdf1c,0xef7e,0xffff,0xffff,0xffff,0xffff,0xffff,0xffff,0xffff,
  0xffff,0xffff,0xf718,0xff9d,0xffff,0xffff,0xffff,0xffff,0xef7e,0xef9e,0xef9e,0xef9e,0xef9e,0xef9e,0xef9e,0xef9e,
  0xef9e,0xdf3d,0xdf1c,0xdf1c,0xe75d,0xef9e,0xef9e,0xef9e,0xef9e,0xef9e,0xef9e,0xef9e,0xef9e,0xef9e,0xef9e,0xef9e,
  0xef9e,0xef9e,0xef7e,0xffff,0xffff,0xffdf,0xf79e,0x52cb,0xbdf7,0xf7be,0xffff,0xffff,0xffff,0xffff,0xffff,0xffff,
  0xffff,0xffff,0xffff,0xffff,0xffff,0xef7e,0xef9e,0xef9e,0xef9e,0xef7e,0xffff,0xffff,0xffff,0xdf5e,0xd75e,0xd75e,
  0xd73e,0x7ddc,0xefbf,0xffff,0xffff,0xffff,0xffff,0xffff,0xffff,0xffff,0xffff,0xffff,0xffff,0xffff,0xffff,0xffff,
  0xffff,0xffff,0xef7e,0xdf3d,0xdf1c,0xdf1c,0xdf1c,0xef7e,0xffff,0xffff,0xffff,0xffff,0xffff,0xffff,0xffff,0xffff,
  0xffff,0xffff,0xee95,0xe5af,0xe611,0xffff,0xffff,0xffff,0xef7e,0xef9e,0xef9e,0xef9e,0xef9e,0xef9e,0xef9e,0xef9e,
  0xef9e,0xe75d,0xdf3d,0xdf3d,0xe75d,0xef9e,0xef9e,0xef9e,0xef9e,0xef9e,0xef9e,0xef9e,0xef9e,0xef9e,0xef9e,0xef9e,
  0xef9e,0xef9e,0xef7e,0xffff,0xffff,0xffff,0xffff,0xf7bf,0xffdf,0xffff,0xffff,0xffff,0xffff,0xffff,0xffff,0xffff,
  0xffff,0xffff,0xffff,0xffff,0xffff,0xef7e,0xef9e,0xef9e,0xef9e,0xef7e,0xffff,0xffff,0xffff,0xdf5e,0xd75e,0xd75e,
  0xd73e,0x85fc,0xf7df,0xffff,0xffff,0xffff,0xffff,0xffff,0xffff,0xffff,0xffff,0xffff,0xffff,0xffff,0xffdf,0xf7be,
  0xef7d,0xddd1,0xd5d2,0xdf1c,0xdf1c,0xe73d,0xf79e,0xffff,0xffff,0xffff,0xffff,0xffff,0xffff,0xffff,0xffff,0xffff,
  0xffff,0xffff,0xee74,0xeed7,0xff7c,0xffff,0xffff,0xffff,0xef7e,0xef9e,0xef9e,0xef9e,0xef9e,0xef9e,0xef9e,0xef9e,
  0xef9e,0xe75d,0xef7e,0xef7e,0xef7e,0xef9e,0xef9e,0xef9e,0xef9e,0xef9e,0xef9e,0xef9e,0xef9e,0xef9e,0xef9e,0xef9e,
  0xef9e,0xef9e,0xef7e,0xffff,0xffff,0xe73d,0xce7a,0xd6bb,0xe73d,0xffff,0xffff,0xffff,0xffff,0xffff,0xffff,0xffff,
  0xffff,0xffff,0xffff,0xffff,0xffff,0xef7e,0xef9e,0xef9e,0xef9e,0xef7e,0xffff,0xffff,0xffff,0xdf5e,0xd75e,0xd75e,
  0xcf1e,0x75bc,0xf7df,0xffff,0xffff,0xffff,0xffff,0xffff,0xffff,0xffff,0xf79e,0xef7d,0xe75d,0xe75d,0xe73d,0xdf3d,
  0xdf1c,0xcc24,0xcc87,0xdf1c,0xe75d,0xf7bf,0xffff,0xffff,0xffff,0xffff,0xffff,0xffff,0xffff,0xffff,0xffff,0xffff,
  0xffff,0xffff,0xee53,0xe5cf,0xf6f8,0xffff,0xffff,0xffff,0xef7e,0xef9e,0xef9e,0xef9e,0xef9e,0xef9e,0xef9e,0xef9e,
  0xef9e,0xdf3d,0xdf3d,0xe73d,0xe77e,0xef9e,0xef9e,0xef9e,0xef9e,0xef9e,0xef9e,0xef9e,0xef9e,0xef9e,0xef9e,0xef9e,
  0xef9e,0xef9e,0xef7e,0xffff,0xffff,0xef5d,0x94d4,0xadb7,0xf7bf,0xffff,0xffff,0xffff,0xffff,0xffff,0xffff,0xffff,
  0xffff,0xffff,0xffff,0xffff,0xffff,0xef7e,0xef9e,0xef9e,0xef9e,0xef7e,0xffff,0xffff,0xffff,0xdf5e,0xd75e,0xd75e,
  0x85fc,0xa67d,0xffff,0xffff,0xffff,0xffff,0xffff,0xffff,0xffff,0xf7df,0xdf3c,0xdf1c,0xdf1c,0xdf1c,0xdf1c,0xdf1c,
  0xdf1c,0xdefb,0xe6fb,0xf79e,0xffdf,0xffdf,0xffff,0xffff,0xffff,0xffff,0xffff,0xffff,0xffff,0xffff,0xffff,0xffff,
  0xffff,0xffff,0xe5f0,0xe5cf,0xee95,0xffff,0xffff,0xffff,0xef7e,0xef9e,0xef9e,0xef9e,0xef9e,0xef9e,0xef9e,0xef9e,
  0xef9e,0xdf3d,0xdf1c,0xdf1c,0xe75d,0xef9e,0xef9e,0xef9e,0xef9e,0xef9e,0xef9e,0xef9e,0xef9e,0xef9e,0xef9e,0xef9e,
  0xef9e,0xef9e,0xef7e,0xffff,0xffff,0xc639,0xbe18,0xb5d8,0xffdf,0xffff,0xffff,0xffff,0xffff,0xffff,0xffff,0xffff,
  0xffff,0xffff,0xffff,0xffff,0xffff,0xef7e,0xef9e,0xef9e,0xef9e,0xef7e,0xffff,0xffff,0xffff,0xdf5e,0xd75e,0xd75e,
  0x5d5b,0xefbf,0xffff,0xffff,0xffff,0xffff,0xffff,0xffff,0xffff,0xffff,0xe73d,0xdf1c,0xdf1c,0xdf1c,0xdf3d,0xe75d,
  0xef9e,0xf7df,0xffff,0xffff,0xffdf,0xce9b,0xffff,0xffff,0xffff,0xffff,0xffff,0xffff,0xffff,0xffff,0xffff,0xffff,
  0xffff,0xffff,0xff7c,0xffff,0xffbe,0xffff,0xffff,0xffff,0xef7e,0xef9e,0xef9e,0xef9e,0xef9e,0xef9e,0xef9e,0xef9e,
  0xef9e,0xe73d,0xdf1c,0xdf1c,0xe75d,0xef9e,0xef9e,0xef9e,0xef9e,0xef9e,0xef9e,0xef9e,0xef9e,0xef9e,0xef9e,0xef9e,
  0xef9e,0xef9e,0xef7e,0xffff,0xffff,0xdefc,0xc659,0x8cb3,0xffdf,0xffff,0xffff,0xffff,0xffff,0xffff,0xffff,0xffff,
  0xffff,0xffff,0xffff,0xffff,0xffff,0xef7e,0xef9e,0xef9e,0xef9e,0xef7e,0xffff,0xffff,0xffff,0xdf5e,0xd75e,0xd75e,
  0x6d7b,0xe79f,0xffff,0xffff,0xffff,0xffff,0xffff,0xffff,0xffff,0xffff,0xffdf,0xf7be,0xf7bf,0xffdf,0xffff,0xffff,
  0xffff,0xffff,0xffff,0xffff,0xffff,0xffdf,0xffff,0xffff,0xffff,0xffff,0xffff,0xffff,0xffff,0xffff,0xffff,0xffff,
  0xffff,0xffff,0xffff,0xffff,0xffff,0xffff,0xffff,0xffff,0xef7e,0xef9e,0xef9e,0xef9e,0xef9e,0xef9e,0xef9e,0xef9e,
  0xef9e,0xef7e,0xef7e,0xef7e,0xef7e,0xef9e,0xef9e,0xef9e,0xef9e,0xef9e,0xef9e,0xef9e,0xef9e,0xef9e,0xef9e,0xef9e,
  0xef9e,0xef9e,0xef7e,0xffff,0xffff,0xe75d,0xdedb,0x9d15,0xffdf,0xffff,0xffff,0xffff,0xffff,0xffff,0xffff,0xffff,
  0xffff,0xffff,0xffff,0xffff,0xffff,0xef7e,0xef9e,0xef9e,0xef9e,0xef7e,0xffff,0xffff,0xffff,0xdf5e,0xd75e,0xd75e,
  0x7ddc,0xbedd,0xffff,0xffff,0xffff,0xffff,0xffff,0xffff,0xffff,0xffff,0xe73c,0xbdf8,0xffff,0xffff,0xffff,0xffff,
  0xffff,0xffff,0xffff,0xffff,0xffff,0xffff,0xffff,0xffff,0xffff,0xffff,0xffff,0xffff,0xffff,0xffff,0xffff,0xffff,
  0xffff,0xffff,0xdd4c,0xdd2a,0xee54,0xffff,0xffff,0xffff,0xef7e,0xef9e,0xef9e,0xef9e,0xef9e,0xef9e,0xef9e,0xef9e,
  0xef9e,0xe73d,0xdf3d,0xe73d,0xef7e,0xef9e,0xef9e,0xef9e,0xef9e,0xef9e,0xef9e,0xef9e,0xef9e,0xef9e,0xef9e,0xef9e,
  0xef9e,0xef9e,0xef7e,0xffff,0xffff,0xdf1c,0xce9a,0xd69a,0xffff,0xffff,0xffff,0xffff,0xffff,0xffff,0xffff,0xffff,
  0xffff,0xffff,0xffff,0xffff,0xffff,0xef7e,0xef9e,0xef9e,0xef9e,0xef7e,0xffff,0xffff,0xffff,0xdf5e,0xd75e,0xcf1e,
  0x7dbc,0xf7df,0xffff,0xffff,0xffff,0xffff,0xffff,0xffff,0xffff,0xffff,0xdf1c,0xadb7,0xffdf,0xffff,0xffff,0xffff,
  0xffff,0xffff,0xffff,0xffff,0xffff,0xffff,0xffff,0xffff,0xffff,0xffff,0xffff,0xffff,0xffff,0xffff,0xffff,0xffff,
  0xffff,0xffff,0xe5cf,0xe5f0,0xee95,0xffff,0xffff,0xffff,0xef7e,0xef9e,0xef9e,0xef9e,0xef9e,0xef9e,0xef9e,0xef9e,
  0xef9e,0xdf3d,0xdf1c,0xdf1c,0xe75d,0xef9e,0xef9e,0xef9e,0xef9e,0xef9e,0xef9e,0xef9e,0xef9e,0xef9e,0xef9e,0xef9e,
  0xef9e,0xef9e,0xef7e,0xffff,0xffff,0xffff,0xffff,0xffff,0xffff,0xffff,0xffff,0xffff,0xffff,0xffff,0xffff,0xffff,
  0xffff,0xffff,0xffff,0xffff,0xffff,0xef7e,0xef9e,0xef9e,0xef9e,0xef7e,0xffff,0xffff,0xffff,0xdf5e,0xd75e,0xb6bd,
  0xaebd,0xffff,0xffff,0xffff,0xffff,0xffff,0xffff,0xffff,0xffff,0xffff,0xef7d,0xd69a,0xffff,0xffff,0xffff,0xffff,
  0xffff,0xffff,0xffff,0xffff,0xffff,0xffff,0xffff,0xffff,0xffff,0xffff,0xffff,0xffff,0xffff,0xffff,0xffff,0xffff,
  0xffff,0xffff,0xff9c,0xffde,0xffff,0xffff,0xffff,0xffff,0xef7e,0xef9e,0xef9e,0xd6bb,0xce9b,0xdefc,0xef9e,0xef9e,
  0xef9e,0xe73d,0xdf3d,0xdf3d,0xe75d,0xef9e,0xef9e,0xef9e,0xef9e,0xef9e,0xef9e,0xef9e,0xef9e,0xef9e,0xef9e,0xef9e,
  0xef9e,0xef9e,0xef7e,0xffff,0xffff,0xffff,0xffff,0xffff,0xffff,0xffff,0xffff,0xffff,0xffff,0xffff,0xffff,0xffff,
  0xffff,0xffff,0xffff,0xffff,0xffff,0xef7e,0xef9e,0xef9e,0xef9e,0xef7e,0xffff,0xffff,0xffff,0xdf5e,0xd75e,0x963c,
  0xbede,0xffff,0xffff,0xffff,0xffff,0xffff,0xffff,0xffff,0xffff,0xffff,0xffff,0xffff,0xffff,0xffff,0xffff,0xffff,
  0xffff,0xffff,0xffff,0xffff,0xffff,0xffff,0xffff,0xffff,0xffff,0xffff,0xffff,0xffff,0xffff,0xffff,0xffff,0xffff,
  0xffff,0xffff,0xff9d,0xffde,0xffff,0xffff,0xffff,0xffff,0xef7e,0xef9e,0xef7e,0xadb8,0xa556,0xbe39,0xef9e,0xef9e,
  0xef9e,0xef9e,0xef7e,0xe75d,0xe75d,0xef9e,0xef9e,0xef9e,0xef9e,0xef9e,0xef9e,0xef9e,0xef9e,0xef9e,0xef9e,0xef9e,
  0xef9e,0xef9e,0xef7e,0xffff,0xffff,0xffff,0xffff,0xffff,0xffff,0xffff,0xffff,0xffff,0xffff,0xffff,0xffff,0xffff,
  0xffff,0xffff,0xffff,0xffff,0xffff,0xef7e,0xef9e,0xef9e,0xef9e,0xef7e,0xffff,0xffff,0xffff,0xdf5e,0xd75e,0xc71e,
  0x85fc,0xffdf,0xffff,0xffff,0xffff,0xffff,0xffff,0xffff,0xffff,0xffff,0xffff,0xffff,0xffff,0xffff,0xffff,0xffff,
  0xffff,0xffff,0xffff,0xffff,0xffff,0xffff,0xffff,0xffff,0xffff,0xffff,0xffff,0xffff,0xffff,0xffff,0xffff,0xffff,
  0xffff,0xffff,0xe632,0xdd2b,0xe632,0xffdf,0xffff,0xffff,0xef7e,0xef9e,0xef9e,0xbe39,0xb5f8,0xce9b,0xef9e,0xef9e,
  0xef9e,0xe73d,0xe73d,0xe75d,0xef7e,0xef9e,0xef9e,0xef9e,0xef9e,0xef9e,0xef9e,0xef9e,0xef9e,0xef9e,0xef9e,0xef9e,
  0xef9e,0xef9e,0xef7e,0xffff,0xffff,0xffff,0xffff,0xffff,0xffff,0xffff,0xffff,0xffff,0xffff,0xffff,0xffff,0xffff,
  0xffff,0xffff,0xffff,0xffff,0xffff,0xef7e,0xef9e,0xef9e,0xef9e,0xef7e,0xffff,0xffff,0xffff,0xdf5e,0xd75e,0xd73e,
  0x6d7b,0xbede,0xffff,0xffff,0xffff,0xffff,0xffff,0xffff,0xffff,0xffff,0xffff,0xffff,0xffff,0xffff,0xffff,0xffff,
  0xffff,0xffff,0xffff,0xffff,0xffff,0xffff,0xffff,0xffff,0xffff,0xffff,0xffff,0xffff,0xffff,0xffff,0xffff,0xffff,
  0xffff,0xffff,0xe5f1,0xe5f0,0xf6f8,0xffff,0xffff,0xffff,0xef7e,0xef9e,0xef7e,0xbe19,0xce9b,0xc67a,0xef9e,0xef9e,
  0xef9e,0xdf3d,0xdf1c,0xdf1c,0xe75d,0xef9e,0xef9e,0xef9e,0xef9e,0xef9e,0xef9e,0xef9e,0xef9e,0xef9e,0xef9e,0xef9e,
  0xef9e,0xef9e,0xef7e,0xffff,0xffff,0xffff,0xffff,0xffff,0xffff,0xffff,0xffff,0xffff,0xffff,0xffff,0xffff,0xffff,
  0xffff,0xffff,0xffff,0xffff,0xffff,0xef7e,0xef9e,0xef9e,0xef9e,0xef7e,0xffff,0xffff,0xffff,0xdf5e,0xd75e,0xd75e,
  0xc6fd,0x4c35,0xad75,0xffff,0xffff,0xffff,0xffff,0xffff,0xffff,0xffff,0xffff,0xffff,0xffff,0xffff,0xffff,0xffff,
  0xffff,0xffff,0xffff,0xffff,0xffff,0xffff,0xffff,0xffff,0xffff,0xffff,0xffff,0xffff,0xffff,0xffff,0xffff,0xffff,
  0xffff,0xffff,0xe5af,0xff9d,0xeeb6,0xffff,0xffff,0xffff,0xef7e,0xef9e,0xef9e,0xef9e,0xef9e,0xef9e,0xef9e,0xef9e,
  0xef9e,0xdf3d,0xdf1c,0xdf1c,0xe75d,0xef9e,0xef9e,0xef9e,0xef9e,0xef9e,0xef9e,0xef9e,0xef9e,0xef9e,0xef9e,0xef9e,
  0xef9e,0xef9e,0xef7e,0xffff,0xffff,0xffff,0xffff,0xffff,0xffff,0xffff,0xffff,0xffff,0xffff,0xffff,0xffff,0xffff,
  0xffff,0xffff,0xffff,0xffff,0xffff,0xef7e,0xef9e,0xef9e,0xef9e,0xe75d,0xffff,0xffff,0xffff,0xf7bf,0xf7bf,0xf7bf,
  0xef9e,0x4a8a,0x1904,0xf7be,0xffff,0xffff,0xffff,0xffff,0xffff,0xffff,0xffff,0xffff,0xffff,0xffff,0xffff,0xffff,
  0xffff,0xffff,0xffff,0xffff,0xffff,0xffff,0xffff,0xffff,0xffff,0xffff,0xffff,0xffff,0xffff,0xffff,0xffff,0xffff,
  0xffff,0xffff,0xe5d0,0xe5f1,0xee74,0xffff,0xffff,0xffff,0xef7e,0xef9e,0xef9e,0xef9e,0xef9e,0xef9e,0xef9e,0xef9e,
  0xef9e,0xef7e,0xe77e,0xe75d,0xe75d,0xef9e,0xef9e,0xef9e,0xef9e,0xef9e,0xef9e,0xef9e,0xef9e,0xef9e,0xef9e,0xef9e,
  0xef9e,0xef9e,0xef5e,0xffdf,0xffff,0xffff,0xffff,0xffff,0xffff,0xffff,0xffff,0xffff,0xffff,0xffff,0xffff,0xffff,
  0xffff,0xffff,0xffff,0xffff,0xffff,0xef7e,0xef9e,0xef9e,0xef9e,0xe75e,0xf7bf,0xffff,0xffff,0xffff,0xffff,0xffff,
  0xffdf,0xd6ba,0xc638,0xffff,0xffff,0xffff,0xffff,0xffff,0xffff,0xffff,0xffff,0xffff,0xffff,0xffff,0xffff,0xffff,
  0xffff,0xffff,0xffff,0xffff,0xffff,0xffff,0xffff,0xffff,0xffff,0xffff,0xffff,0xffff,0xffff,0xffff,0xffff,0xffff,
  0xffff,0xffff,0xffdf,0xffde,0xffff,0xffff,0xffff,0xffff,0xef7e,0xef9e,0xef9e,0xef9e,0xef9e,0xef9e,0xef9e,0xef9e,
  0xef9e,0xe73d,0xe75d,0xef7e,0xef9e,0xef9e,0xef9e,0xef9e,0xef9e,0xef9e,0xef9e,0xef9e,0xef9e,0xef9e,0xef9e,0xef9e,
  0xef9e,0xef9e,0xef9e,0xe75d,0xffff,0xffff,0xffff,0xffff,0xffff,0xffff,0xffff,0xffff,0xffff,0xffff,0xffff,0xffff,
  0xffff,0xffff,0xffff,0xffff,0xffff,0xef7e,0xef9e,0xef9e,0xef9e,0xef9e,0xe75e,0xf7bf,0xffff,0xffff,0xffff,0xffff,
  0xffff,0xffff,0xffff,0xffff,0xffff,0xffff,0xffff,0xffff,0xffff,0xffff,0xffff,0xffff,0xffff,0xffff,0xffff,0xffff,
  0xffff,0xffff,0xffff,0xffff,0xffff,0xffff,0xffff,0xffff,0xffff,0xffff,0xffff,0xffff,0xffff,0xffff,0xffff,0xffff,
  0xffff,0xffff,0xffff,0xffff,0xffff,0xffff,0xffff,0xffff,0xef7e,0xef9e,0xef9e,0xef9e,0xef9e,0xef9e,0xef9e,0xef9e,
  0xef9e,0xdf3d,0xdf1c,0xdf1c,0xe75d,0xef9e,0xef9e,0xef9e,0xef9e,0xef9e,0xef9e,0xef9e,0xef9e,0xef9e,0xef9e,0xef9e,
  0xef9e,0xef9e,0xef9e,0xef9e,0xe75d,0xffdf,0xffff,0xffff,0xffff,0xffff,0xffff,0xffff,0xffff,0xffff,0xffff,0xffff,
  0xffff,0xffff,0xffff,0xffff,0xffff,0xef7e,0xef9e,0xef9e,0xef9e,0xef9e,0xef9e,0xef7e,0xf7bf,0xffff,0xffff,0xffff,
  0xffff,0xffff,0xffff,0xffff,0xffff,0xffff,0xffff,0xffff,0xffff,0xffff,0xffff,0xffff,0xffff,0xffff,0xffff,0xffff,
  0xffff,0xffff,0xffff,0xffff,0xffff,0xffff,0xffff,0xffff,0xffff,0xffff,0xffff,0xffff,0xffff,0xffff,0xffff,0xffff,
  0xffff,0xffff,0xffff,0xffff,0xffff,0xffff,0xffff,0xffff,0xef7e,0xef9e,0xef9e,0xef9e,0xef9e,0xef9e,0xef9e,0xef9e,
  0xef9e,0xdf3d,0xdf1c,0xdf1c,0xe75d,0xef9e,0xef9e,0xef9e,0xef9e,0xef9e,0xef9e,0xef9e,0xef9e,0xef9e,0xef9e,0xef9e,
  0xef9e,0xef9e,0xef9e,0xef9e,0xef9e,0xef7e,0xf7bf,0xf7bf,0xf7bf,0xf7bf,0xf7bf,0xf7bf,0xf7bf,0xf7bf,0xf7bf,0xf7bf,
  0xf7bf,0xf7bf,0xf7bf,0xf7bf,0xf7bf,0xef5e,0xef9e,0xef9e,0xef9e,0xef9e,0xef9e,0xef9e,0xe75e,0xf79e,0xf7bf,0xf7bf,
  0xf7bf,0xf7bf,0xf7bf,0xf7bf,0xf7bf,0xf7bf,0xf7bf,0xf7bf,0xf7bf,0xf7bf,0xf7bf,0xf7bf,0xf7bf,0xf7bf,0xf7bf,0xf7bf,
  0xf7bf,0xf7bf,0xf7bf,0xf7bf,0xf7bf,0xf7bf,0xf7bf,0xf7bf,0xf7bf,0xf7bf,0xf7bf,0xf7bf,0xf7bf,0xf7bf,0xf7bf,0xf7bf,
  0xf7bf,0xf7bf,0xf7bf,0xf7bf,0xf7bf,0xf7bf,0xf7bf,0xf7bf,0xe75e,0xef9e,0xef9e,0xef9e,0xef9e,0xef9e,0xef9e,0xef9e,
  0xef9e,0xe77e,0xe75d,0xe73d,0xe75d,0xef9e,0xef9e,0xef9e,0xef9e,0xef9e,0xef9e,0xef9e,0xef9e,0xef9e,0xef9e,0xef9e,
  0xef9e,0xef9e,0xef9e,0xef9e,0xef9e,0xef9e,0xef9e,0xef9e,0xef9e,0xef9e,0xef9e,0xef9e,0xef9e,0xef9e,0xef9e,0xef9e,
  0xef9e,0xef9e,0xef9e,0xef9e,0xef9e,0xef9e,0xef9e,0xef9e,0xef9e,0xef9e,0xef9e,0xef9e,0xef9e,0xef9e,0xef9e,0xef9e,
  0xef9e,0xef9e,0xef9e,0xef9e,0xef9e,0xef9e,0xef9e,0xef9e,0xef9e,0xef9e,0xef9e,0xef9e,0xef9e,0xef9e,0xef9e,0xef9e,
  0xef9e,0xef9e,0xef9e,0xef9e,0xef9e,0xef9e,0xef9e,0xef9e,0xef9e,0xef9e,0xef9e,0xef9e,0xef9e,0xef9e,0xef9e,0xef9e,
  0xef9e,0xef9e,0xef9e,0xef9e,0xef9e,0xef9e,0xef9e,0xef9e,0xef9e,0xef9e,0xef9e,0xef9e,0xef9e,0xef9e,0xef9e,0xef9e,
  0xef9e,0xef9e,0xef9e,0xef9e,0xef9e,0xef9e,0xef9e,0xef9e,0xef9e,0xef9e,0xef9e,0xef9e,0xef9e,0xef9e,0xef9e,0xef9e,
  0xef9e,0xef9e,0xef9e,0xef9e,0xef9e,0xef9e,0xef9e,0xef9e,0xef9e,0xef9e,0xef9e,0xef9e,0xef9e,0xef9e,0xef9e,0xef9e,
  0xef9e,0xef9e,0xef9e,0xef9e,0xef9e,0xef9e,0xef9e,0xef9e,0xef9e,0xef9e,0xef9e,0xef9e,0xef9e,0xef9e,0xef9e,0xef9e,
  0xef9e,0xef9e,0xef9e,0xef9e,0xef9e,0xef9e,0xef9e,0xef9e,0xef9e,0xef9e,0xef9e,0xef9e,0xef9e,0xef9e,0xef9e,0xef9e,
  0xef9e,0xef9e,0xef9e,0xef9e,0xef9e,0xef9e,0xef9e,0xef9e,0xef9e,0xef9e,0xef9e,0xef9e,0xef9e,0xef9e,0xef9e,0xef9e,
  0xef9e,0xef9e,0xef9e,0xef9e,0xef9e,0xef9e,0xef9e,0xef9e,0xef9e,0xef9e,0xef9e,0xef9e,0xef9e,0xef9e,0xef9e,0xef9e,
  0xef9e,0xef9e,0xef9e,0xef9e,0xef9e,0xef9e,0xef9e,0xef9e,0xef9e,0xef9e,0xef9e,0xef9e,0xef9e,0xef9e,0xef9e,0xef9e,
  0xef9e,0xef9e,0xef9e,0xef9e,0xef9e,0xef9e,0xef9e,0xef9e,0xef9e,0xef9e,0xef9e,0xef9e,0xef9e,0xef9e,0xef9e,0xef9e,
  0xef9e,0xef9e,0xef9e,0xef9e,0xef9e,0xef9e,0xef9e,0xef9e,0xef9e,0xef9e,0xef9e,0xef9e,0xef9e,0xef9e,0xef9e,0xef9e,
  0xef9e,0xef9e,0xef9e,0xef9e,0xef9e,0xef9e,0xef9e,0xef9e,0xef9e,0xef9e,0xef9e,0xef9e,0xef9e,0xef9e,0xef9e,0xef9e,
  0xef9e,0xef9e,0xef9e,0xef9e,0xef9e,0xef9e,0xef9e,0xef9e,0xef9e,0xef9e,0xef9e,0xef9e,0xef9e,0xef9e,0xef9e,0xef9e,
  0xef9e,0xef9e,0xef9e,0xef9e,0xef9e,0xef9e,0xef9e,0xef9e,0xef9e,0xef9e,0xef9e,0xef9e,0xef9e,0xef9e,0xef9e,0xef9e,
  0xef9e,0xef9e,0xef9e,0xef9e,0xef9e,0xef9e,0xef9e,0xef9e,0xef9e,0xef9e,0xef9e,0xef9e,0xef9e,0xef9e,0xef9e,0xef9e,
  0xef9e,0xef9e,0xef9e,0xef9e,0xef9e,0xef9e,0xef9e,0xef9e,0xef9e,0xef9e,0xef9e,0xef9e,0xef9e,0xef9e,0xef9e,0xef9e,
  0xef9e,0xef9e,0xef9e,0xef9e,0xef9e,0xef9e,0xef9e,0xef9e,0xef9e,0xef9e,0xef9e,0xef9e,0xef9e,0xef9e,0xef9e,0xef9e,
  0xef9e,0xef9e,0xef9e,0xef9e,0xef9e,0xef9e,0xef9e,0xef9e,0xef9e,0xef9e,0xef9e,0xef9e,0xef9e,0xef9e,0xef9e,0xef9e,
  0xef9e,0xef9e,0xef9e,0xef9e,0xef9e,0xef9e,0xef9e,0xef9e,0xef9e,0xef9e,0xef9e,0xef9e,0xef9e,0xef9e,0xef9e,0xef9e,
  0xef9e,0xef9e,0xef9e,0xef9e,0xef9e,0xef9e,0xef9e,0xef9e,0xef9e,0xef9e,0xef9e,0xef9e,0xef9e,0xef9e,0xef9e,0xef9e,
  0xef9e,0xef9e,0xef9e,0xef9e,0xef9e,0xef9e,0xef9e,0xef9e,0xef9e,0xef9e,0xef9e,0xef9e,0xef9e,0xef9e,0xef9e,0xef9e,
  0xef9e,0xef9e,0xef9e,0xef9e,0xef9e,0xef9e,0xef9e,0xef9e,0xef9e,0xef9e,0xef9e,0xef9e,0xef9e,0xef9e,0xef9e,0xef9e,
  0xef9e,0xef9e,0xef9e,0xef9e,0xef9e,0xef9e,0xef9e,0xef9e,0xef9e,0xef9e,0xef9e,0xef9e,0xef9e,0xef9e,0xef9e,0xef9e,
  0xef9e,0xef9e,0xef9e,0xef9e,0xef9e,0xef9e,0xef9e,0xef9e,0xef9e,0xef9e,0xef9e,0xef9e,0xef9e,0xef9e,0xef9e,0xef9e,
  0xef9e,0xef9e,0xef9e,0xef9e,0xef9e,0xef9e,0xef9e,0xef9e,0xef9e,0xef9e,0xef9e,0xef9e,0xef9e,0xef9e,0xef9e,0xef9e,
  0xef9e,0xef9e,0xef9e,0xef9e,0xef9e,0xef9e,0xef9e,0xef9e,0xef9e,0xef9e,0xef9e,0xef9e,0xef9e,0xef9e,0xef9e,0xef9e,
  0xef9e,0xef9e,0xef9e,0xef9e,0xef9e,0xef9e,0xef9e,0xef9e,0xef9e,0xef9e,0xef9e,0xef9e,0xef9e,0xef9e,0xef9e,0xef9e,
};

// [skin][0 = dark, 1 = light], skin order HALO, PURE, CHRONO, APEX
static const uint16_t *const THUMBS[4][2] = {
  {THUMB_HALO_DARK, THUMB_HALO_LIGHT},
  {THUMB_PURE_DARK, THUMB_PURE_LIGHT},
  {THUMB_CHRONO_DARK, THUMB_CHRONO_LIGHT},
  {THUMB_APEX_DARK, THUMB_APEX_LIGHT},
};

}  // namespace ui_assets
